Código de radio.;Población total (en hogares familiares).;Población de 0 a 17 años.;Población de 0 a 3 años.;Población de 4 a 5 años.;Población de 6 a 12 años.;Población de 13 a 17 años.;Población de 18 años y más.;Población de 18 a 29 años.;Población de 30 a 54 años.;Población de 55 a 69 años.;Población de 70 años y más.;Total de mujeres (en hogares familiares).;Mujeres de 0 a 17 años.;Mujeres de 0 a 3 años.;Mujeres de 4 a 5 años.;Mujeres de 6 a 12 años.;Mujeres de 13 a 17 años.;Mujeres de 18 años y más.;Mujeres de 18 a 29 años.;Mujeres de 30 a 54 años.;Mujeres de 55 a 69 años.;Mujeres de 70 años y más.;Total de varones (en hogares familiares).;Varones de 0 a 17 años.;Varones de 0 a 3 años.;Varones de 4 a 5 años.;Varones de 6 a 12 años.;Varones de 13 a 17 años.;Varones de 18 años y más.;Varones de 18 a 29 años.;Varones de 30 a 54 años.;Varones de 55 a 69 años.;Varones de 70 años y más.;Niños de 0 a 3 años que asisten a jardín maternal;Obra social o prepaga (incluye PAMI);Programas o planes estatales de salud;Solo salud pública;Personas que reciben jubilación (65 años y más);Personas que reciben pensión (65 años y más);Personas que reciben jubilación o pensión (65 años y más);Personas que cobran pensión no contributiva;Población de 65 años y más;Población de 18 y más con primaria incompleta o menos;Población de 18 y más con primaria completa o más;Población de 18 y más con secundaria completa o más;Población de 18 y más con primaria completa sin secundario completo;Población de 18 y más con secundaria completa sin superior completo;Población de 18 y más con terciario completo sin universitario completo;Población de 18 y más con universitario completo o más;Niños de 4 y 5 años que asisten a jardín;Población de 6 a 12 que asiste;Población de 13 a 17 sin secundaria completa que asiste;Población de 13 a 17 sin secundaria completa;Población de 18 a 29 sin secundaria completa que asiste;Población de 18 a 29 sin secundaria completa;Población de 14 a 25 años sin secundario completo o más que asiste;Población de 14 a 25 años sin secundario completo;Población de 14 a 25 años;Código de provincia;Nombre de provincia;Código de departamento;Nombre de departamento;Código de radio;Nombre de radio;Población total;Total de hogares;Latitud del centroide;Longitud del centroide;Superficie en km2
660561514;1183;599;118;66;247;168;584;214;324;34;12;579;280;45;37;118;80;299;115;162;16;6;604;319;73;29;129;88;285;99;162;18;6;7;252;33;898;9;1;9;79;24;117;467;150;317;138;10;2;62;243;149;168;49;149;153;224;259;66;Salta;66056;General José de San Martín;660561514;;1183;269;-22,536841;-63,788752;0,11282818
660561509;1216;487;104;50;191;142;729;277;362;61;29;636;244;56;22;101;65;392;156;193;31;12;580;243;48;28;90;77;337;121;169;30;17;9;399;38;779;30;4;31;107;46;127;602;291;311;266;18;7;45;182;114;141;43;147;118;219;317;66;Salta;66056;General José de San Martín;660561509;;1216;329;-22,538155;-63,795258;0,280634888
660561504;875;229;35;33;91;70;646;150;271;179;46;451;106;14;13;47;32;345;71;148;102;24;424;123;21;20;44;38;301;79;123;77;22;3;528;26;321;76;12;82;49;98;54;592;402;190;285;66;51;30;87;66;69;18;47;67;86;156;66;Salta;66056;General José de San Martín;660561504;;875;272;-22,539194;-63,80076;0,228837081
660561512;1355;483;104;58;178;143;872;286;379;149;58;706;246;56;33;89;68;460;155;193;80;32;649;237;48;25;89;75;412;131;186;69;26;8;382;47;926;73;13;79;107;100;170;702;308;394;276;24;8;52;175;130;143;54;148;156;228;320;66;Salta;66056;General José de San Martín;660561512;;1355;326;-22,538743;-63,791035;0,156582968
660561502;1050;395;57;36;179;123;655;161;432;45;17;579;209;31;22;92;64;370;85;251;24;10;471;186;26;14;87;59;285;76;181;21;7;14;687;26;337;20;2;20;35;27;25;630;506;124;350;96;60;35;176;122;123;18;40;108;125;196;66;Salta;66056;General José de San Martín;660561502;;1050;335;-22,541462;-63,808779;0,570538228
660561503;1064;334;38;31;142;123;730;239;368;98;25;545;162;19;15;75;53;383;114;206;46;17;519;172;19;16;67;70;347;125;162;52;8;10;525;34;505;39;4;41;70;50;75;655;445;210;356;62;27;29;137;119;123;32;85;119;155;253;66;Salta;66056;General José de San Martín;660561503;;1064;320;-22,542263;-63,799737;0,233524
660561511;1381;490;99;70;204;117;891;323;406;126;36;735;266;54;40;104;68;469;174;212;65;18;646;224;45;30;100;49;422;149;194;61;18;8;510;96;775;51;6;54;108;73;129;762;421;341;342;57;22;62;184;95;115;30;147;100;185;304;66;Salta;66056;General José de San Martín;660561511;;1381;364;-22,542055;-63,79011;0,204524731
660561510;1392;463;83;51;190;139;929;312;428;157;32;727;218;43;28;75;72;509;166;238;84;21;665;245;40;23;115;67;420;146;190;73;11;6;628;40;724;45;6;46;95;67;124;805;446;359;350;57;39;40;180;122;137;52;137;142;214;330;66;Salta;66056;General José de San Martín;660561510;;1392;387;-22,54189;-63,795052;0,138156495
660560412;96;22;7;3;7;5;74;10;34;20;10;51;11;3;2;4;2;40;4;20;9;7;45;11;4;1;3;3;34;6;14;11;3;1;76;2;18;13;1;13;3;15;3;71;57;14;37;12;8;3;7;5;5;2;3;7;7;12;66;Salta;66056;General José de San Martín;660560412;;96;34;-22,551309;-63,807116;1,435576961
660560403;436;205;47;26;85;47;231;102;90;31;8;219;100;20;17;32;31;119;54;48;14;3;217;105;27;9;53;16;112;48;42;17;5;5;85;35;316;14;0;14;39;18;85;146;55;91;50;2;3;23;81;36;47;23;71;43;84;104;66;Salta;66056;General José de San Martín;660560403;;436;101;-22,711404;-63,74783;425,010191
660560405;538;204;40;20;74;70;334;105;175;41;13;279;114;24;10;41;39;165;47;95;16;7;259;90;16;10;33;31;169;58;80;25;6;4;221;15;302;18;2;19;31;25;61;273;180;93;148;23;9;18;71;62;70;11;49;59;93;137;66;Salta;66056;General José de San Martín;660560405;;538;133;-22,545535;-63,799773;0,251368859
660560413;121;48;8;8;20;12;73;12;55;4;2;58;22;4;4;8;6;36;3;30;2;1;63;26;4;4;12;6;37;9;25;2;1;3;93;6;22;2;1;2;0;3;0;73;65;8;26;7;32;8;20;12;12;2;3;11;12;19;66;Salta;66056;General José de San Martín;660560413;;121;34;-22,554115;-63,800814;0,744451795
660560415;263;74;18;10;34;12;189;61;80;34;14;131;31;13;4;10;4;100;29;47;17;7;132;43;5;6;24;8;89;32;33;17;7;2;115;11;137;10;2;11;20;23;39;150;71;79;59;11;1;10;34;12;12;18;31;24;32;48;66;Salta;66056;General José de San Martín;660560415;;263;79;-22,572313;-63,805697;1,623130853
660700102;85;31;9;2;14;6;54;18;17;16;3;43;18;4;1;8;5;25;11;5;7;2;42;13;5;1;6;1;29;7;12;9;1;2;38;4;43;5;3;6;19;7;20;34;15;19;7;5;3;1;12;4;6;0;10;2;11;16;66;Salta;66070;Iruya;660700102;;85;23;-22,605512;-65,250605;27,15722614
660560414;45;21;6;0;10;5;24;9;11;2;2;22;10;3;0;6;1;12;5;5;1;1;23;11;3;0;4;4;12;4;6;1;1;0;9;2;34;2;0;2;3;3;4;20;6;14;4;1;1;0;10;4;5;0;9;3;11;11;66;Salta;66056;General José de San Martín;660560414;;45;13;-22,572711;-63,800419;1,145066647
660700104;259;93;14;5;40;34;166;38;83;31;14;135;49;6;3;20;20;86;21;40;17;8;124;44;8;2;20;14;80;17;43;14;6;2;103;7;149;17;2;18;19;23;47;119;54;65;33;19;2;5;38;31;34;6;17;34;44;58;66;Salta;66070;Iruya;660700104;;259;75;-22,632826;-65,201691;73,7957902
660560406;71;15;5;2;5;3;56;8;23;17;8;37;7;2;1;4;0;30;5;11;10;4;34;8;3;1;1;3;26;3;12;7;4;1;49;5;17;13;2;13;2;15;5;51;39;12;27;5;7;2;5;3;3;1;1;3;3;6;66;Salta;66056;General José de San Martín;660560406;;71;23;-22,58346;-63,857258;0,285128182
660560407;95;31;2;2;11;16;64;11;33;15;5;54;15;0;2;4;9;39;6;21;9;3;41;16;2;0;7;7;25;5;12;6;2;0;54;6;35;8;2;8;7;10;10;54;44;10;30;8;6;2;11;16;16;3;5;13;15;20;66;Salta;66056;General José de San Martín;660560407;;95;26;-22,585986;-63,860446;0,357221088
660561606;867;282;51;29;112;90;585;169;263;109;44;451;137;22;14;52;49;314;87;136;64;27;416;145;29;15;60;41;271;82;127;45;17;7;327;88;452;60;17;67;75;77;130;455;196;259;167;27;2;26;105;77;89;43;99;99;150;194;66;Salta;66056;General José de San Martín;660561606;;867;256;-22,588506;-63,803857;0,712527169
660561605;996;344;65;33;134;112;652;179;306;115;52;532;173;31;18;64;60;359;101;166;60;32;464;171;34;15;70;52;293;78;140;55;20;11;363;62;571;71;16;78;143;92;114;538;252;286;209;27;16;32;132;104;112;36;83;119;154;222;66;Salta;66056;General José de San Martín;660561605;;996;277;-22,588386;-63,809769;0,259755465
660561604;704;252;50;29;96;77;452;152;207;65;28;368;139;33;20;46;40;229;81;109;25;14;336;113;17;9;50;37;223;71;98;40;14;5;211;91;402;34;4;35;53;51;79;373;173;200;154;15;4;26;95;73;77;29;71;80;108;166;66;Salta;66056;General José de San Martín;660561604;;704;191;-22,587156;-63,814268;0,576624015
660283509;607;173;40;22;69;42;434;86;246;73;29;304;89;15;13;41;20;215;40;124;34;17;303;84;25;9;28;22;219;46;122;39;12;13;521;4;82;43;11;44;5;47;17;417;358;59;205;37;116;21;66;38;42;3;13;33;44;90;66;Salta;66028;Capital;660283509;;607;200;-24,829605;-65,470227;4,535694248
660283712;1307;387;66;48;160;113;920;275;431;124;90;665;190;29;19;82;60;475;140;215;70;50;642;197;37;29;78;53;445;135;216;54;40;20;622;61;624;103;24;107;87;129;100;820;464;356;378;59;27;48;157;107;110;40;102;122;158;257;66;Salta;66028;Capital;660283712;;1307;368;-24,821098;-65,392513;0,165154102
660284304;642;161;36;16;66;43;481;111;224;102;44;345;83;16;7;39;21;262;67;112;64;19;297;78;20;9;27;22;219;44;112;38;25;18;437;21;184;72;5;72;21;82;25;456;357;99;261;54;42;14;64;42;43;5;15;36;45;97;66;Salta;66028;Capital;660284304;;642;213;-24,822731;-65,414406;0,23384254
660283901;1112;366;62;38;160;106;746;230;355;79;82;558;175;26;16;76;57;383;119;166;47;51;554;191;36;22;84;49;363;111;189;32;31;12;408;18;686;96;11;97;64;111;91;655;317;338;288;21;8;36;158;98;105;42;116;122;177;252;66;Salta;66028;Capital;660283901;;1112;281;-24,823212;-65,404371;0,083957856
660283907;1509;451;77;46;210;118;1058;303;497;145;113;758;224;38;30;102;54;534;147;243;75;69;751;227;39;16;108;64;524;156;254;70;44;19;607;82;820;124;22;128;116;173;171;887;446;441;390;37;19;43;198;110;118;48;136;129;193;295;66;Salta;66028;Capital;660283907;;1509;416;-24,823595;-65,400878;0,159891893
660070413;561;174;38;17;70;49;387;120;180;62;25;287;87;18;4;37;28;200;68;91;30;11;274;87;20;13;33;21;187;52;89;32;14;3;270;25;266;35;4;35;44;43;102;285;151;134;123;23;5;17;69;40;47;16;41;44;66;121;66;Salta;66007;Anta;660070413;;561;159;-24,819742;-64,17914;0,779399344
660283801;2001;699;121;79;324;175;1302;436;577;217;72;1035;369;53;41;184;91;666;216;293;115;42;966;330;68;38;140;84;636;220;284;102;30;22;702;191;1108;96;20;102;130;130;168;1134;534;600;475;42;17;75;316;159;170;56;191;167;253;411;66;Salta;66028;Capital;660283801;;2001;495;-24,825274;-65,383302;0,291358685
660283910;803;356;78;52;149;77;447;168;218;37;24;421;174;41;24;75;34;247;100;115;22;10;382;182;37;28;74;43;200;68;103;15;14;16;216;14;573;26;2;27;45;36;63;384;142;242;129;5;8;46;147;68;75;24;99;72;124;168;66;Salta;66028;Capital;660283910;;803;211;-24,825636;-65,390744;0,327982103
660284208;931;288;40;26;125;97;643;212;340;73;18;469;145;20;10;61;54;324;105;178;27;14;462;143;20;16;64;43;319;107;162;46;4;9;549;46;336;26;6;29;37;34;38;605;406;199;343;48;15;23;121;94;97;21;53;96;121;231;66;Salta;66028;Capital;660284208;;931;249;-24,826495;-65,41164;0,238697783
660284207;858;288;55;32;106;95;570;188;286;68;28;436;138;25;13;54;46;298;91;156;30;21;422;150;30;19;52;49;272;97;130;38;7;9;396;16;446;36;5;36;37;46;50;520;329;191;283;32;14;30;104;84;95;20;60;89;126;201;66;Salta;66028;Capital;660284207;;858;252;-24,827325;-65,4149;0,267979001
660283511;872;266;41;28;143;54;606;140;372;60;34;440;137;21;15;80;21;303;58;199;28;18;432;129;20;13;63;33;303;82;173;32;16;11;656;25;191;38;5;38;25;43;17;589;475;114;347;71;57;27;136;47;54;14;31;43;59;130;66;Salta;66028;Capital;660283511;;872;273;-24,828033;-65,451167;0,248393426
660283909;1244;376;66;56;157;97;868;267;391;140;70;629;179;27;23;75;54;450;149;187;71;43;615;197;39;33;82;43;418;118;204;69;27;12;494;45;705;93;16;97;102;118;118;750;366;384;300;39;27;47;153;86;95;53;139;110;175;252;66;Salta;66028;Capital;660283909;;1244;306;-24,826975;-65,395693;0,097307916
660283908;1644;486;101;54;213;118;1158;336;540;174;108;844;256;51;25;109;71;588;162;271;99;56;800;230;50;29;104;47;570;174;269;75;52;20;706;44;894;148;37;153;94;177;105;1053;572;481;500;48;24;52;201;104;116;54;158;134;200;318;66;Salta;66028;Capital;660283908;;1644;410;-24,826766;-65,398304;0,130067114
660283902;1417;477;82;72;190;133;940;362;404;138;36;708;241;32;40;98;71;467;177;199;67;24;709;236;50;32;92;62;473;185;205;71;12;8;447;206;764;46;6;49;97;65;129;811;344;467;304;29;11;69;187;122;131;46;180;131;223;346;66;Salta;66028;Capital;660283902;;1417;346;-24,826029;-65,404547;0,094603758
660284305;926;225;41;31;97;56;701;202;288;132;79;477;109;19;12;48;30;368;102;147;72;47;449;116;22;19;49;26;333;100;141;60;32;5;532;14;380;111;23;115;50;124;66;635;413;222;328;49;36;31;92;56;56;23;60;68;92;170;66;Salta;66028;Capital;660284305;;926;274;-24,826189;-65,421514;0,087588126
660284308;1045;250;41;32;88;89;795;224;331;153;87;521;99;15;14;33;37;422;114;174;82;52;524;151;26;18;55;52;373;110;157;71;35;7;641;24;380;107;15;110;67;126;75;720;486;234;385;59;42;31;88;84;88;20;59;84;109;217;66;Salta;66028;Capital;660284308;;1045;305;-24,82693;-65,419687;0,085824722
660283903;1830;594;113;78;252;151;1236;462;529;185;60;930;298;57;41;127;73;632;222;275;98;37;900;296;56;37;125;78;604;240;254;87;23;22;659;55;1116;64;8;65;148;102;197;1039;478;561;417;31;30;69;244;140;151;72;254;175;286;408;66;Salta;66028;Capital;660283903;;1830;465;-24,826549;-65,407867;0,121320522
660283506;983;371;66;52;179;74;612;71;464;58;19;485;173;29;25;83;36;312;39;233;31;9;498;198;37;27;96;38;300;32;231;27;10;39;922;12;49;28;3;28;6;36;25;587;561;26;230;42;289;52;176;73;74;6;10;60;63;112;66;Salta;66028;Capital;660283506;;983;298;-24,8309;-65,487854;0,826283981
660283906;925;290;59;39;118;74;635;205;284;94;52;471;146;36;15;59;36;325;111;138;45;31;454;144;23;24;59;38;310;94;146;49;21;15;369;35;521;54;8;54;85;72;96;539;287;252;262;21;4;37;118;71;72;26;92;73;109;179;66;Salta;66028;Capital;660283906;;925;233;-24,826316;-65,40119;0,058962989
660284206;841;200;39;18;82;61;641;223;274;118;26;459;102;17;8;43;34;357;118;157;65;17;382;98;22;10;39;27;284;105;117;53;9;14;471;20;350;39;7;40;39;43;45;596;396;200;328;50;18;17;80;57;61;9;49;52;80;176;66;Salta;66028;Capital;660284206;;841;226;-24,828267;-65,417718;0,073443307
660284306;964;211;33;32;89;57;753;138;340;150;125;528;108;18;18;40;32;420;70;170;96;84;436;103;15;14;49;25;333;68;170;54;41;4;663;24;277;154;35;158;29;173;30;723;563;160;390;95;78;32;88;54;55;14;35;60;71;132;66;Salta;66028;Capital;660284306;;964;354;-24,82841;-65,425794;0,094284078
660283904;1789;562;98;73;249;142;1227;358;546;218;105;934;280;51;29;123;77;654;195;278;122;59;855;282;47;44;126;65;573;163;268;96;46;13;705;121;963;150;25;153;185;194;159;1068;485;583;419;50;16;65;241;133;140;54;186;145;231;341;66;Salta;66028;Capital;660283904;;1789;446;-24,828524;-65,403878;0,104089535
660283905;1166;356;59;42;157;98;810;236;371;132;71;619;201;31;27;85;58;418;116;192;63;47;547;155;28;15;72;40;392;120;179;69;24;11;556;57;553;93;25;95;100;105;61;749;393;356;334;31;28;41;153;90;97;43;104;110;161;244;66;Salta;66028;Capital;660283905;;1166;294;-24,828309;-65,400806;0,076944545
660283802;1550;448;81;60;197;110;1102;326;449;241;86;771;220;37;22;101;60;551;156;211;136;48;779;228;44;38;96;50;551;170;238;105;38;16;645;71;834;116;13;118;123;151;135;967;440;527;395;27;18;58;193;97;109;40;162;115;187;296;66;Salta;66028;Capital;660283802;;1550;398;-24,827901;-65,384508;0,146696229
660284309;988;256;43;34;116;63;732;182;366;108;76;521;135;25;17;57;36;386;95;189;62;40;467;121;18;17;59;27;346;87;177;46;36;7;542;45;401;97;22;101;54;116;68;664;388;276;300;60;28;32;115;63;63;28;64;78;101;165;66;Salta;66028;Capital;660284309;;988;274;-24,829829;-65,420425;0,131293525
660283804;1566;441;83;53;209;96;1125;330;486;233;76;791;213;39;29;104;41;578;167;241;125;45;775;228;44;24;105;55;547;163;245;108;31;10;513;126;927;110;14;112;130;131;173;952;458;494;399;45;14;52;201;87;95;41;149;114;181;294;66;Salta;66028;Capital;660283804;;1566;419;-24,829142;-65,390436;0,104831013
660280613;1600;360;53;32;161;114;1240;276;591;173;200;856;202;30;9;89;74;654;144;294;104;112;744;158;23;23;72;40;586;132;297;69;88;8;876;72;652;262;56;267;74;292;78;1162;748;414;632;76;40;31;160;107;112;36;89;118;155;292;66;Salta;66028;Capital;660280613;;1600;429;-24,729375;-65,40128;0,089194761
660280103;407;121;26;11;48;36;286;69;138;58;21;198;64;12;8;25;19;134;30;65;25;14;209;57;14;3;23;17;152;39;73;33;7;3;199;28;180;26;1;26;33;38;43;243;134;109;105;21;8;9;44;33;36;5;24;31;44;76;66;Salta;66028;Capital;660280103;;407;128;-24,77134;-65,559147;52,63660318
660280806;1185;320;52;42;127;99;865;248;415;121;81;613;172;24;28;72;48;441;124;200;68;49;572;148;28;14;55;51;424;124;215;53;32;9;643;51;491;109;21;113;56;135;47;818;549;269;447;61;41;40;126;97;98;27;67;99;125;243;66;Salta;66028;Capital;660280806;;1185;338;-24,730724;-65,398837;0,117302117
660280805;1523;414;87;53;161;113;1109;412;507;142;48;799;211;36;22;92;61;588;201;279;80;28;724;203;51;31;69;52;521;211;228;62;20;22;879;26;618;64;13;72;78;83;88;1021;740;281;584;95;61;52;156;108;113;33;106;115;165;379;66;Salta;66028;Capital;660280805;;1523;437;-24,732075;-65,396719;0,168609304
660070804;1461;475;92;45;187;151;986;378;423;132;53;732;235;46;21;90;78;497;186;221;67;23;729;240;46;24;97;73;489;192;202;65;30;20;585;25;851;69;7;72;138;88;237;749;383;366;285;80;18;40;168;115;148;26;172;108;232;371;66;Salta;66007;Anta;660070804;;1461;366;-24,72257;-64,196076;0,193035204
660070803;801;308;61;31;125;91;493;182;244;53;14;427;165;36;14;64;51;262;92;137;26;7;374;143;25;17;61;40;231;90;107;27;7;10;279;26;496;11;1;12;69;22;109;384;176;208;135;16;25;20;99;70;91;24;104;77;150;209;66;Salta;66007;Anta;660070803;;801;178;-24,722394;-64,199477;0,144177175
660280901;1460;297;42;40;124;91;1163;340;514;175;134;776;134;19;22;58;35;642;185;262;109;86;684;163;23;18;66;56;521;155;252;66;48;16;1007;39;414;180;44;189;70;207;77;1086;827;259;635;90;102;37;120;84;90;29;76;91;123;317;66;Salta;66028;Capital;660280901;;1460;442;-24,732031;-65,408686;0,240024832
660280804;1301;429;72;38;195;124;872;309;427;105;31;659;199;28;24;96;51;460;148;238;58;16;642;230;44;14;99;73;412;161;189;47;15;16;559;38;704;38;5;41;64;51;61;811;491;320;424;49;18;33;194;118;124;35;110;123;175;318;66;Salta;66028;Capital;660280804;;1301;357;-24,732257;-65,394102;0,111127813
660070802;932;345;71;39;132;103;587;210;272;77;28;477;179;37;22;63;57;298;108;137;41;12;455;166;34;17;69;46;289;102;135;36;16;14;318;34;580;39;4;39;63;43;142;445;194;251;155;33;6;32;113;81;103;18;110;71;154;213;66;Salta;66007;Anta;660070802;;932;226;-24,725048;-64,203301;0,338335222
660280902;1160;287;43;35;123;86;873;241;388;117;127;586;134;20;11;62;41;452;111;189;74;78;574;153;23;24;61;45;421;130;199;43;49;14;645;41;474;156;25;159;49;175;63;810;507;303;443;41;23;33;122;78;85;29;74;87;121;237;66;Salta;66028;Capital;660280902;;1160;302;-24,73191;-65,404707;0,070015197
660280904;1204;289;48;30;130;81;915;304;400;125;86;665;144;27;21;57;39;521;160;234;84;43;539;145;21;9;73;42;394;144;166;41;43;14;734;44;426;111;18;112;74;130;37;878;611;267;498;73;40;28;128;77;81;33;76;79;107;260;66;Salta;66028;Capital;660280904;;1204;374;-24,732655;-65,40232;0,125699958
660070806;1317;407;79;54;155;119;910;307;429;126;48;651;194;37;29;72;56;457;164;209;62;22;666;213;42;25;83;63;453;143;220;64;26;12;635;36;646;66;12;66;116;76;214;696;377;319;287;69;21;51;150;102;119;19;133;93;177;293;66;Salta;66007;Anta;660070806;;1317;336;-24,726283;-64,190885;0,433370898
660285007;871;224;31;19;104;70;647;115;290;153;89;460;116;17;12;48;39;344;60;149;85;50;411;108;14;7;56;31;303;55;141;68;39;17;752;5;114;114;20;116;21;134;19;628;555;73;263;36;256;19;104;68;70;8;18;65;72;144;66;Salta;66028;Capital;660285007;;871;269;-24,736933;-65,49517;1,223411117
660070508;158;65;11;8;29;17;93;30;37;17;9;67;27;8;4;6;9;40;17;15;5;3;91;38;3;4;23;8;53;13;22;12;6;1;40;1;117;17;0;17;25;19;43;50;12;38;12;0;0;6;25;11;17;1;21;9;28;35;66;Salta;66007;Anta;660070508;;158;42;-24,851608;-63,332321;932,6387972
660285006;1492;445;69;47;187;142;1047;306;510;153;78;792;239;34;33;99;73;553;163;270;80;40;700;206;35;14;88;69;494;143;240;73;38;19;882;67;543;98;12;99;57;113;67;980;642;338;373;69;200;44;180;122;137;32;127;127;199;323;66;Salta;66028;Capital;660285006;;1492;445;-24,737013;-65,482553;0,657716444
660070809;1195;345;66;41;135;103;850;246;364;169;71;602;167;30;19;60;58;435;139;174;91;31;593;178;36;22;75;45;415;107;190;78;40;12;591;60;544;92;5;94;88;111;164;686;394;292;287;82;25;31;108;71;100;24;85;74;139;239;66;Salta;66007;Anta;660070809;;1195;324;-24,725783;-64,200472;0,181179541
660280807;1320;313;66;34;112;101;1007;281;417;165;144;698;157;27;19;56;55;541;135;226;90;90;622;156;39;15;56;46;466;146;191;75;54;16;723;55;542;170;45;172;41;179;57;950;676;274;511;81;84;32;110;94;99;21;85;93;138;271;66;Salta;66028;Capital;660280807;;1320;409;-24,739007;-65,393162;0,681151441
660490304;362;102;16;14;54;18;260;83;112;39;26;174;48;5;8;23;12;126;36;61;14;15;188;54;11;6;31;6;134;47;51;25;11;4;212;13;137;32;9;32;24;36;37;223;118;105;104;8;6;14;48;18;18;7;26;20;28;70;66;Salta;66049;General Güemes;660490304;;362;95;-24,736836;-65,084018;0,179470589
660280208;596;198;41;27;73;57;398;141;155;59;43;309;104;19;16;39;30;205;70;80;30;25;287;94;22;11;34;27;193;71;75;29;18;3;250;37;309;44;5;44;80;62;69;329;152;177;131;13;8;27;68;51;56;11;53;50;79;144;66;Salta;66028;Capital;660280208;;596;166;-24,737816;-65,085403;0,268921902
660280203;1137;417;36;30;205;146;720;135;478;87;20;588;202;17;13;103;69;386;63;263;47;13;549;215;19;17;102;77;334;72;215;40;7;22;1052;19;66;35;5;35;10;41;5;715;682;33;279;47;356;30;204;142;144;2;11;120;128;217;66;Salta;66028;Capital;660280203;;1137;350;-24,735996;-65,389677;0,245035006
660280903;755;158;31;21;66;40;597;176;273;87;61;411;89;17;13;37;22;322;84;146;58;34;344;69;14;8;29;18;275;92;127;29;27;6;445;22;288;84;16;85;29;94;28;569;442;127;364;49;29;17;65;39;40;20;36;50;60;144;66;Salta;66028;Capital;660280903;;755;251;-24,733883;-65,405335;0,036162988
660070808;1165;349;74;38;146;91;816;214;383;139;80;617;182;42;22;74;44;435;125;191;73;46;548;167;32;16;72;47;381;89;192;66;34;16;550;45;570;104;19;109;73;118;166;650;408;242;270;91;47;31;136;82;91;15;77;79;123;209;66;Salta;66007;Anta;660070808;;1165;345;-24,728877;-64,195156;0,386479388
660280905;1195;261;37;26;105;93;934;252;402;188;92;630;122;17;12;48;45;508;126;215;111;56;565;139;20;14;57;48;426;126;187;77;36;13;962;42;191;143;25;146;40;166;29;905;780;125;526;80;174;24;105;89;93;12;33;79;97;243;66;Salta;66028;Capital;660280905;;1195;390;-24,735036;-65,407286;0,170927495
660490207;22;8;1;1;5;1;14;4;7;3;0;10;5;0;0;4;1;5;1;3;1;0;12;3;1;1;1;0;9;3;4;2;0;1;19;0;3;1;0;1;1;1;4;10;6;4;5;1;0;1;3;1;1;0;1;1;1;2;66;Salta;66049;General Güemes;660490207;;22;6;-24,804143;-64,906013;159,7980572
660280808;916;176;32;16;77;51;740;195;290;142;113;494;86;17;9;38;22;408;102;143;82;81;422;90;15;7;39;29;332;93;147;60;32;7;605;28;283;134;44;140;30;146;45;695;544;151;401;60;83;16;76;47;49;9;26;47;60;170;66;Salta;66028;Capital;660280808;;916;297;-24,735899;-65,399091;0,089449182
660070307;27;4;0;0;3;1;23;4;9;5;5;12;2;0;0;1;1;10;2;3;1;4;15;2;0;0;2;0;13;2;6;4;1;0;17;2;8;4;3;7;3;7;8;15;9;6;6;1;2;0;3;0;1;0;1;0;2;5;66;Salta;66007;Anta;660070307;;27;13;-24,864626;-64,706843;271,7545818
660280810;890;193;30;24;79;60;697;208;306;132;51;484;90;17;8;39;26;394;111;169;78;36;406;103;13;16;40;34;303;97;137;54;15;13;698;14;178;77;17;78;33;88;16;681;578;103;389;64;125;23;79;56;59;13;25;55;65;181;66;Salta;66028;Capital;660280810;;890;282;-24,737005;-65,401918;0,094309933
660280906;712;119;21;19;46;33;593;145;242;145;61;380;65;12;12;22;19;315;64;131;85;35;332;54;9;7;24;14;278;81;111;60;26;8;565;12;135;98;19;99;14;114;10;583;512;71;296;60;156;19;45;31;32;6;19;31;39;121;66;Salta;66028;Capital;660280906;;712;261;-24,736756;-65,410074;0,130835759
660560201;141;62;13;7;25;17;79;30;35;7;7;57;24;3;3;12;6;33;12;15;2;4;84;38;10;4;13;11;46;18;20;5;3;2;14;2;125;7;0;7;5;8;20;59;24;35;22;2;0;7;25;17;17;6;11;19;21;35;66;Salta;66056;General José de San Martín;660560201;;141;38;-22,070035;-63,878012;155,8604173
660560101;136;48;15;4;16;13;88;38;39;8;3;62;24;6;2;8;8;38;16;22;0;0;74;24;9;2;8;5;50;22;17;8;3;2;9;7;120;2;0;2;16;4;13;75;26;49;25;1;0;4;15;13;13;3;19;16;22;37;66;Salta;66056;General José de San Martín;660560101;;136;40;-22,025109;-63,832651;60,23212718
660560102;2397;924;181;112;388;243;1473;516;737;151;69;1178;449;93;52;188;116;729;267;371;59;32;1219;475;88;60;200;127;744;249;366;92;37;11;518;56;1823;52;3;53;163;102;326;1147;551;596;460;56;35;91;359;194;239;70;291;217;400;551;66;Salta;66056;General José de San Martín;660560102;;2397;709;-22,052847;-63,740242;109,1539944
660560103;519;168;27;24;69;48;351;98;155;72;26;225;74;12;10;30;22;151;41;69;34;7;294;94;15;14;39;26;200;57;86;38;19;2;45;33;441;20;2;20;32;47;125;226;81;145;69;5;7;18;66;40;48;9;50;35;65;95;66;Salta;66056;General José de San Martín;660560103;;519;150;-22,103985;-63,658017;133,8283538
660560104;70;21;6;2;7;6;49;9;27;8;5;21;6;2;1;2;1;15;4;8;1;2;49;15;4;1;5;5;34;5;19;7;3;1;17;9;44;6;0;6;5;9;11;38;9;29;9;0;0;2;6;5;6;0;4;4;7;11;66;Salta;66056;General José de San Martín;660560104;;70;23;-22,105976;-63,587919;186,555791
660560207;71;12;5;1;4;2;59;24;26;8;1;14;5;2;0;2;1;9;4;5;0;0;57;7;3;1;2;1;50;20;21;8;1;0;25;4;42;2;0;2;0;2;18;41;15;26;14;0;1;1;4;1;2;2;18;3;15;18;66;Salta;66056;General José de San Martín;660560207;;71;42;-22,085386;-63,368878;764,2172149
661330101;2327;1103;281;124;408;290;1224;528;521;124;51;1194;561;128;64;218;151;633;274;273;58;28;1133;542;153;60;190;139;591;254;248;66;23;28;215;165;1947;41;0;41;419;73;538;686;197;489;154;33;10;106;372;222;290;84;417;238;537;611;66;Salta;66133;Rivadavia;661330101;;2327;622;-22,100787;-62,964782;758,5809964
660560801;931;334;67;33;154;80;597;202;314;56;25;441;141;29;10;69;33;300;103;155;27;15;490;193;38;23;85;47;297;99;159;29;10;11;185;19;727;19;5;19;55;40;148;449;234;215;188;32;14;29;146;65;78;34;97;77;130;202;66;Salta;66056;General José de San Martín;660560801;;931;259;-22,043531;-63,69058;0,363911472
660560803;1089;419;75;36;178;130;670;227;326;87;30;575;216;43;20;82;71;359;122;176;49;12;514;203;32;16;96;59;311;105;150;38;18;9;143;11;935;29;1;30;96;55;175;495;231;264;209;14;8;31;167;120;130;26;107;130;188;269;66;Salta;66056;General José de San Martín;660560803;;1089;268;-22,044736;-63,690115;0,101478811
660560802;903;299;52;44;119;84;604;182;290;106;26;473;155;30;26;58;41;318;92;151;61;14;430;144;22;18;61;43;286;90;139;45;12;7;218;6;679;31;3;31;59;52;123;481;284;197;236;34;14;30;106;72;83;13;63;73;111;197;66;Salta;66056;General José de San Martín;660560802;;903;231;-22,04621;-63,686732;0,12621601
660560813;915;305;74;41;123;67;610;215;268;80;47;477;147;37;23;57;30;330;119;140;44;27;438;158;37;18;66;37;280;96;128;36;20;7;101;26;788;39;0;39;78;74;185;425;206;219;191;4;11;35;113;56;67;22;113;62;136;201;66;Salta;66056;General José de San Martín;660560813;;915;245;-22,053667;-63,678187;1,093360976
660560804;904;261;53;34;108;66;643;200;283;129;31;473;128;26;16;50;36;345;99;158;72;16;431;133;27;18;58;30;298;101;125;57;15;6;228;32;644;45;5;45;61;60;104;539;290;249;228;44;18;32;107;58;65;17;80;60;107;187;66;Salta;66056;General José de San Martín;660560804;;904;243;-22,047124;-63,691741;0,163702899
660560805;1346;500;78;55;221;146;846;260;420;131;35;697;251;35;25;119;72;446;118;243;66;19;649;249;43;30;102;74;400;142;177;65;16;9;509;21;816;47;8;49;92;64;98;748;439;309;343;77;19;51;217;133;146;43;111;142;201;306;66;Salta;66056;General José de San Martín;660560805;;1346;343;-22,04873;-63,699049;0,39124175
660560807;1123;305;71;41;109;84;818;225;395;133;65;566;147;36;21;51;39;419;111;198;73;37;557;158;35;20;58;45;399;114;197;60;28;8;462;43;618;77;16;84;69;106;76;742;520;222;386;93;41;41;105;80;81;14;67;76;107;214;66;Salta;66056;General José de San Martín;660560807;;1123;360;-22,050007;-63,690057;0,35363741
660560812;1329;436;78;34;184;140;893;236;446;144;67;695;213;44;15;89;65;482;118;247;75;42;634;223;34;19;95;75;411;118;199;69;25;7;278;43;1008;68;10;70;109;112;181;712;379;333;292;42;45;30;168;121;140;34;110;120;184;265;66;Salta;66056;General José de San Martín;660560812;;1329;372;-22,053058;-63,68518;0,381083512
660560806;888;237;51;31;103;52;651;156;312;125;58;452;110;26;16;49;19;342;71;161;74;36;436;127;25;15;54;33;309;85;151;51;22;6;392;39;457;73;19;81;69;107;80;571;358;213;265;65;28;30;102;49;52;12;56;49;78;136;66;Salta;66056;General José de San Martín;660560806;;888;277;-22,051781;-63,697265;0,269612724
660560808;574;142;21;14;54;53;432;106;187;91;48;282;58;10;6;18;24;224;47;99;52;26;292;84;11;8;36;29;208;59;88;39;22;4;237;17;320;65;4;65;45;81;44;388;238;150;190;31;17;14;50;48;52;17;38;53;69;113;66;Salta;66056;General José de San Martín;660560808;;574;179;-22,053222;-63,690455;0,096319808
660560809;1235;394;86;43;173;92;841;250;423;120;48;619;197;36;22;90;49;422;123;209;66;24;616;197;50;21;83;43;419;127;214;54;24;10;364;35;836;67;4;68;108;91;135;706;389;317;316;55;18;40;169;84;92;30;125;96;161;239;66;Salta;66056;General José de San Martín;660560809;;1235;335;-22,055085;-63,694677;0,235532839
660560810;678;220;49;26;82;63;458;130;217;70;41;348;112;26;15;37;34;236;70;106;36;24;330;108;23;11;45;29;222;60;111;34;17;6;194;9;475;46;7;47;64;63;93;365;182;183;145;22;15;22;80;56;63;23;75;63;103;141;66;Salta;66056;General José de San Martín;660560810;;678;184;-22,056654;-63,690787;0,198520416
660560811;1169;319;58;28;146;87;850;240;376;159;75;585;156;26;13;73;44;429;105;191;86;47;584;163;32;15;73;43;421;135;185;73;28;6;342;37;790;77;13;79;99;116;123;727;447;280;313;75;59;25;140;74;83;29;101;84;143;231;66;Salta;66056;General José de San Martín;660560811;;1169;362;-22,05895;-63,686013;0,400105282
660560902;774;255;41;27;98;89;519;163;249;82;25;404;127;20;15;47;45;277;89;131;43;14;370;128;21;12;51;44;242;74;118;39;11;5;151;46;577;26;4;26;75;45;96;423;211;212;183;20;8;26;93;81;87;28;83;95;136;193;66;Salta;66056;General José de San Martín;660560902;;774;206;-22,058509;-63,695757;0,14984506
660560901;706;283;49;20;131;83;423;140;204;64;15;370;146;30;8;67;41;224;72;107;37;8;336;137;19;12;64;42;199;68;97;27;7;5;138;28;540;18;0;18;60;30;85;338;186;152;160;21;5;20;125;73;83;14;52;77;109;168;66;Salta;66056;General José de San Martín;660560901;;706;181;-22,059111;-63,698874;0,091057806
660560903;1278;393;68;43;169;113;885;275;382;169;59;649;180;33;18;84;45;469;134;204;90;41;629;213;35;25;85;68;416;141;178;79;18;7;426;28;824;64;16;70;114;106;145;740;404;336;334;54;16;40;164;107;113;32;116;116;176;279;66;Salta;66056;General José de San Martín;660560903;;1278;343;-22,061662;-63,68933;0,260217807
660560905;1129;369;73;37;156;103;760;255;346;135;24;567;177;27;19;78;53;390;125;189;60;16;562;192;46;18;78;50;370;130;157;75;8;4;258;18;853;22;3;22;103;51;189;571;275;296;244;20;11;31;152;89;102;45;119;113;166;250;66;Salta;66056;General José de San Martín;660560905;;1129;310;-22,061069;-63,696838;0,115215749
660560904;859;291;51;29;129;82;568;195;276;61;36;447;142;25;14;62;41;305;96;152;34;23;412;149;26;15;67;41;263;99;124;27;13;7;196;33;630;32;3;33;79;52;154;414;185;229;165;17;3;26;122;73;82;33;108;85;145;203;66;Salta;66056;General José de San Martín;660560904;;859;242;-22,062879;-63,6917;0,151171724
660560910;1112;398;89;39;159;111;714;241;318;114;41;555;201;45;22;80;54;354;119;154;58;23;557;197;44;17;79;57;360;122;164;56;18;7;233;31;848;38;3;39;96;61;141;573;260;313;224;25;11;36;153;99;111;39;139;116;202;277;66;Salta;66056;General José de San Martín;660560910;;1112;299;-22,067272;-63,6873;0,526839236
660560906;888;349;59;28;162;100;539;192;270;59;18;466;165;24;15;79;47;301;103;153;32;13;422;184;35;13;83;53;238;89;117;27;5;7;182;13;693;14;0;14;72;28;118;421;215;206;191;21;3;25;161;85;100;24;93;90;146;219;66;Salta;66056;General José de San Martín;660560906;;888;237;-22,063061;-63,697152;0,133159228
660560909;1100;437;81;49;204;103;663;266;308;63;26;565;217;44;24;90;59;348;141;157;28;22;535;220;37;25;114;44;315;125;151;35;4;14;125;28;947;26;1;26;118;45;153;510;209;301;194;8;7;43;195;83;102;36;155;95;197;268;66;Salta;66056;General José de San Martín;660560909;;1100;296;-22,076019;-63,693517;1,104728508
660560908;492;236;63;37;105;31;256;100;130;24;2;238;111;26;17;51;17;127;60;56;9;2;254;125;37;20;54;14;129;40;74;15;0;8;52;9;431;4;0;4;17;7;42;214;89;125;73;11;5;34;105;27;30;7;57;29;64;87;66;Salta;66056;General José de San Martín;660560908;;492;143;-22,070196;-63,695377;0,227685251
660560911;1125;443;93;48;184;118;682;268;280;104;30;574;226;47;31;93;55;348;135;143;54;16;551;217;46;17;91;63;334;133;137;50;14;11;134;20;971;20;2;21;124;51;210;472;166;306;149;8;9;42;174;104;117;62;178;126;202;267;66;Salta;66056;General José de San Martín;660560911;;1125;273;-22,077489;-63,686711;1,062901963
660560907;550;251;60;28;121;42;299;112;159;22;6;265;119;28;15;56;20;146;61;74;8;3;285;132;32;13;65;22;153;51;85;14;3;7;72;8;470;6;0;6;29;14;60;239;109;130;95;8;6;27;119;39;41;4;60;33;57;79;66;Salta;66056;General José de San Martín;660560907;;550;173;-22,070725;-63,69828;0,126312353
661610102;833;341;64;45;145;87;492;151;222;84;35;421;165;27;23;73;42;256;75;122;42;17;412;176;37;22;72;45;236;76;100;42;18;14;146;18;669;24;1;24;104;55;224;268;128;140;83;29;16;37;123;62;87;10;78;58;119;171;66;Salta;66161;Santa Victoria;661610102;;833;225;-22,143115;-65,036665;148,0474776
661610101;149;49;5;3;23;18;100;28;34;21;17;73;22;3;1;8;10;51;10;22;11;8;76;27;2;2;15;8;49;18;12;10;9;2;28;5;116;8;0;8;25;19;55;45;25;20;19;3;3;3;19;13;18;2;12;11;21;33;66;Salta;66161;Santa Victoria;661610101;;149;49;-22,15832;-65,147369;193,7082729
660560912;734;328;70;49;137;72;406;163;189;34;20;367;159;34;23;69;33;208;93;97;11;7;367;169;36;26;68;39;198;70;92;23;13;8;48;25;661;17;0;17;79;32;98;308;113;195;97;6;10;47;133;66;71;18;104;61;120;147;66;Salta;66056;General José de San Martín;660560912;;734;192;-22,083978;-63,69026;0,515969711
660560202;396;124;22;11;52;39;272;48;117;72;35;186;59;12;7;21;19;127;20;53;30;24;210;65;10;4;31;20;145;28;64;42;11;6;112;32;252;35;3;35;40;48;94;178;68;110;53;13;2;9;47;36;38;6;18;30;39;62;66;Salta;66056;General José de San Martín;660560202;;396;137;-22,195339;-63,931838;368,2236395
660560203;1100;450;102;52;170;126;650;250;289;79;32;549;224;51;26;82;65;325;129;148;34;14;551;226;51;26;88;61;325;121;141;45;18;9;244;35;821;37;1;37;71;50;131;519;221;298;195;19;7;48;157;100;125;27;124;98;185;271;66;Salta;66056;General José de San Martín;660560203;;1100;246;-22,17633;-63,774233;176,9863419
661610103;801;305;45;21;133;106;496;128;194;102;72;398;138;17;10;65;46;260;73;100;50;37;403;167;28;11;68;60;236;55;94;52;35;6;211;10;580;66;0;66;115;93;254;242;95;147;65;28;2;18;125;88;105;14;67;81;123;174;66;Salta;66161;Santa Victoria;661610103;;801;241;-22,175699;-64,904823;205,1505282
660560206;94;12;2;1;3;6;82;16;47;16;3;23;7;2;1;2;2;16;5;6;4;1;71;5;0;0;1;4;66;11;41;12;2;0;33;1;60;4;0;4;6;5;26;56;14;42;12;1;1;0;3;2;6;1;9;2;12;18;66;Salta;66056;General José de San Martín;660560206;;94;55;-22,235071;-63,324414;799,9393721
660560210;827;321;72;45;122;82;506;172;234;65;35;406;148;27;23;66;32;258;90;119;29;20;421;173;45;22;56;50;248;82;115;36;15;6;156;27;644;31;1;32;83;55;123;383;177;206;148;18;11;44;120;73;81;22;84;79;123;182;66;Salta;66056;General José de San Martín;660560210;;827;230;-22,145558;-63,70747;3,706577208
660560205;531;205;37;26;83;59;326;129;135;40;22;261;102;17;12;45;28;159;68;66;19;6;270;103;20;14;38;31;167;61;69;21;16;11;160;3;368;22;1;23;40;29;55;271;113;158;103;8;2;25;82;54;59;14;67;54;92;132;66;Salta;66056;General José de San Martín;660560205;;531;126;-22,303677;-63,639378;358,3790865
661330108;862;404;95;44;164;101;458;192;219;33;14;463;214;46;19;93;56;249;102;126;15;6;399;190;49;25;71;45;209;90;93;18;8;8;69;23;770;11;0;11;179;21;218;240;84;156;63;18;3;33;139;70;101;20;144;70;178;212;66;Salta;66133;Rivadavia;661330108;;862;251;-22,156713;-62,814864;1,927902876
661330109;613;307;77;37;114;79;306;142;125;29;10;296;145;29;26;50;40;151;74;60;14;3;317;162;48;11;64;39;155;68;65;15;7;7;103;2;508;4;0;4;112;13;147;159;34;125;26;6;2;32;92;33;79;32;124;49;148;155;66;Salta;66133;Rivadavia;661330109;;613;166;-22,160916;-62,806022;1,195731798
661610106;462;156;21;24;69;42;306;96;118;49;43;218;69;11;9;26;23;149;42;62;22;23;244;87;10;15;43;19;157;54;56;27;20;7;162;41;259;34;5;34;91;59;123;183;86;97;73;10;3;20;63;37;42;24;47;52;70;104;66;Salta;66161;Santa Victoria;661610106;;462;125;-22,226996;-65,040358;61,4554799
661610201;263;70;8;6;38;18;193;33;73;46;41;128;30;4;4;15;7;98;17;35;22;24;135;40;4;2;23;11;95;16;38;24;17;1;79;16;168;41;3;42;37;56;82;111;44;67;34;7;3;5;37;17;18;6;15;19;25;33;66;Salta;66161;Santa Victoria;661610201;;263;96;-22,211189;-64,653842;32,89714978
661610202;495;143;14;18;64;47;352;66;141;92;53;231;66;9;5;32;20;165;34;65;38;28;264;77;5;13;32;27;187;32;76;54;25;1;130;11;354;65;2;65;80;89;167;185;75;110;56;12;7;18;63;47;47;12;35;43;53;74;66;Salta;66161;Santa Victoria;661610202;;495;185;-22,314428;-64,70851;393,5253725
661330103;333;153;33;17;61;42;180;70;69;29;12;151;73;17;9;29;18;78;35;32;6;5;182;80;16;8;32;24;102;35;37;23;7;2;45;14;274;15;1;16;40;21;108;72;21;51;16;4;1;11;56;31;42;21;55;39;66;75;66;Salta;66133;Rivadavia;661330103;;333;95;-22,372599;-62,981459;1168,057039
661610104;108;34;1;3;15;15;74;8;21;33;12;54;19;0;0;9;10;35;4;10;16;5;54;15;1;3;6;5;39;4;11;17;7;0;27;3;78;12;2;12;26;18;40;34;5;29;2;1;2;2;14;14;15;2;7;13;16;17;66;Salta;66161;Santa Victoria;661610104;;108;39;-22,286989;-64,847046;257,5183981
661330102;2430;1197;334;126;478;259;1233;527;549;114;43;1206;583;158;64;238;123;623;275;270;57;21;1224;614;176;62;240;136;610;252;279;57;22;31;246;496;1688;35;3;38;512;73;732;501;88;413;65;10;13;100;407;155;259;124;476;209;550;580;66;Salta;66133;Rivadavia;661330102;;2430;690;-22,327443;-62,737598;603,7499387
660560208;803;312;72;38;113;89;491;184;229;59;19;391;150;31;19;59;41;241;92;114;27;8;412;162;41;19;54;48;250;92;115;32;11;2;169;17;617;21;3;21;44;31;124;367;149;218;127;15;7;36;105;78;89;30;90;94;144;203;66;Salta;66056;General José de San Martín;660560208;;803;199;-22,200458;-63,669469;3,412224578
661610109;166;61;8;9;20;24;105;21;39;37;8;82;26;2;4;9;11;56;13;22;18;3;84;35;6;5;11;13;49;8;17;19;5;4;42;20;104;13;2;13;26;14;52;53;12;41;10;1;1;7;18;16;24;6;18;16;31;34;66;Salta;66161;Santa Victoria;661610109;;166;52;-22,286931;-65,188909;135,5900697
661610108;104;44;11;6;19;8;60;17;36;4;3;52;20;4;3;10;3;32;9;21;1;1;52;24;7;3;9;5;28;8;15;3;2;5;20;3;81;3;0;3;15;3;18;42;10;32;10;0;0;5;19;8;8;1;13;8;15;19;66;Salta;66161;Santa Victoria;661610108;;104;33;-22,340639;-65,168332;179,0791235
661610203;16;2;0;0;1;1;14;2;5;7;0;6;0;0;0;0;0;6;0;3;3;0;10;2;0;0;1;1;8;2;2;4;0;0;6;1;9;1;0;1;2;1;5;9;6;3;2;3;1;0;1;1;1;0;1;1;2;2;66;Salta;66161;Santa Victoria;661610203;;16;8;-22,387359;-64,597009;261,8278956
661610107;111;33;2;3;16;12;78;14;35;19;10;53;16;1;1;10;4;37;3;19;12;3;58;17;1;2;6;8;41;11;16;7;7;0;40;2;69;20;1;21;11;26;47;31;6;25;4;2;0;3;16;10;12;0;11;7;12;15;66;Salta;66161;Santa Victoria;661610107;;111;46;-22,31934;-65,061892;92,40753181
660561001;723;246;42;28;96;80;477;167;228;61;21;397;143;28;14;56;45;254;88;129;26;11;326;103;14;14;40;35;223;79;99;35;10;10;228;17;478;28;3;29;74;38;67;410;215;195;176;30;9;27;92;73;80;26;71;85;115;182;66;Salta;66056;General José de San Martín;660561001;;723;205;-22,235617;-63,740309;0,631187559
660561004;1029;385;72;44;167;102;644;205;310;85;44;532;199;41;24;79;55;333;92;173;43;25;497;186;31;20;88;47;311;113;137;42;19;15;382;23;624;44;10;47;89;64;91;553;323;230;257;45;21;43;156;94;102;23;73;101;135;225;66;Salta;66056;General José de San Martín;660561004;;1029;309;-22,235091;-63,727523;1,018304453
660561002;1013;289;58;31;115;85;724;202;329;144;49;499;135;32;15;55;33;364;94;164;78;28;514;154;26;16;60;52;360;108;165;66;21;18;549;19;445;57;11;62;80;75;84;640;392;248;301;74;17;31;114;78;84;33;78;94;126;203;66;Salta;66056;General José de San Martín;660561002;;1013;276;-22,232946;-63,734356;0,15764645
661610205;601;197;29;21;87;60;404;78;201;73;52;309;103;18;10;37;38;206;37;98;41;30;292;94;11;11;50;22;198;41;103;32;22;6;318;16;267;61;1;61;51;74;130;274;172;102;110;48;14;21;85;55;59;7;26;51;66;104;66;Salta;66161;Santa Victoria;661610205;;601;198;-22,26708;-64,696838;3,429248151
661610105;353;127;17;21;51;38;226;55;96;44;31;191;70;7;13;29;21;121;27;51;26;17;162;57;10;8;22;17;105;28;45;18;14;2;86;45;222;36;1;36;50;48;125;101;28;73;26;2;0;20;51;35;37;13;33;39;55;74;66;Salta;66161;Santa Victoria;661610105;;353;112;-22,347262;-64,929453;249,7856814
660561003;861;257;54;23;99;81;604;136;285;134;49;404;108;18;8;46;36;296;68;136;71;21;457;149;36;15;53;45;308;68;149;63;28;9;574;14;273;70;13;75;31;82;42;562;420;142;308;77;35;23;98;79;81;20;38;78;90;142;66;Salta;66056;General José de San Martín;660561003;;861;265;-22,237524;-63,735133;0,30424622
661610111;689;252;41;27;116;68;437;137;212;65;23;359;124;22;10;62;30;235;79;116;27;13;330;128;19;17;54;38;202;58;96;38;10;8;358;9;322;23;4;24;52;33;79;358;230;128;145;63;22;25;115;62;66;20;39;63;76;137;66;Salta;66161;Santa Victoria;661610111;;689;218;-22,251027;-64,964668;0,236599886
661610110;599;200;42;22;75;61;399;164;163;56;16;301;98;12;14;37;35;203;94;72;28;9;298;102;30;8;38;26;196;70;91;28;7;8;203;6;390;16;3;18;43;27;86;313;197;116;150;40;7;20;71;54;61;29;48;66;78;161;66;Salta;66161;Santa Victoria;661610110;;599;210;-22,250064;-64,968687;0,245931844
660561011;445;138;28;12;57;41;307;83;137;52;35;223;68;13;7;28;20;155;41;67;27;20;222;70;15;5;29;21;152;42;70;25;15;4;203;13;229;34;10;38;27;43;30;277;142;135;112;23;7;12;56;40;41;15;32;50;58;87;66;Salta;66056;General José de San Martín;660561011;;445;141;-22,242167;-63,7427;0,565317003
660561010;783;199;41;18;81;59;584;147;254;120;63;387;91;20;6;45;20;296;67;123;66;40;396;108;21;12;36;39;288;80;131;54;23;11;363;9;411;93;16;95;39;103;58;526;313;213;220;66;27;17;78;56;59;26;58;65;87;132;66;Salta;66056;General José de San Martín;660561010;;783;268;-22,242095;-63,735475;0,188923858
660561007;581;161;28;15;67;51;420;103;188;89;40;310;74;10;10;29;25;236;56;105;51;24;271;87;18;5;38;26;184;47;83;38;16;5;308;13;260;66;15;69;34;72;43;377;239;138;179;42;18;15;67;48;49;8;22;40;49;103;66;Salta;66056;General José de San Martín;660561007;;581;204;-22,243533;-63,731594;0,149276611
660561006;960;300;41;28;125;106;660;154;350;116;40;523;154;21;13;66;54;369;76;204;62;27;437;146;20;15;59;52;291;78;146;54;13;5;557;22;381;50;12;51;70;71;56;604;437;167;311;99;27;25;125;102;105;17;37;97;113;197;66;Salta;66056;General José de San Martín;660561006;;960;313;-22,242214;-63,73003;0,222437579
660561005;971;354;70;40;136;108;617;201;282;102;32;494;171;30;20;59;62;323;101;152;53;17;477;183;40;20;77;46;294;100;130;49;15;4;265;10;696;45;0;45;80;58;142;475;209;266;179;27;3;40;132;99;106;28;97;102;143;223;66;Salta;66056;General José de San Martín;660561005;;971;269;-22,244262;-63,725721;0,481262529
660560204;712;274;67;25;106;76;438;163;198;59;18;352;134;31;16;47;40;218;87;95;28;8;360;140;36;9;59;36;220;76;103;31;10;2;119;33;560;19;1;19;82;34;82;356;131;225;109;19;3;23;88;62;76;15;92;60;129;177;66;Salta;66056;General José de San Martín;660560204;;712;196;-22,295425;-63,782149;96,86405856
660561013;1376;541;110;47;226;158;835;290;402;105;38;685;255;68;20;102;65;430;139;208;61;22;691;286;42;27;124;93;405;151;194;44;16;9;369;22;985;46;6;47;100;63;132;703;287;416;257;18;12;46;221;147;158;57;163;165;238;327;66;Salta;66056;General José de San Martín;660561013;;1376;353;-22,248338;-63,743617;0,57130128
660561012;473;160;36;17;70;37;313;90;161;38;24;228;74;14;7;34;19;154;43;80;19;12;245;86;22;10;36;18;159;47;81;19;12;2;198;16;259;22;4;24;34;31;39;274;150;124;113;27;10;15;70;30;37;14;40;38;58;87;66;Salta;66056;General José de San Martín;660561012;;473;147;-22,246064;-63,740208;0,236072634
660561009;718;193;37;16;75;65;525;126;260;84;55;362;87;12;10;35;30;275;69;133;46;27;356;106;25;6;40;35;250;57;127;38;28;9;358;43;317;66;11;68;33;80;48;477;314;163;231;62;21;14;69;62;65;12;30;61;77;137;66;Salta;66056;General José de San Martín;660561009;;718;243;-22,24773;-63,735102;0,284636834
660561008;720;241;45;27;97;72;479;123;232;82;42;364;118;20;12;57;29;246;64;125;37;20;356;123;25;15;40;43;233;59;107;45;22;5;308;15;397;53;6;53;60;69;80;399;235;164;185;34;16;27;92;62;71;13;40;61;87;140;66;Salta;66056;General José de San Martín;660561008;;720;203;-22,247777;-63,73036;0,340573579
661610206;495;181;22;20;74;65;314;72;153;53;36;250;88;10;13;33;32;162;38;77;25;22;245;93;12;7;41;33;152;34;76;28;14;4;197;16;282;38;2;38;44;46;107;207;118;89;67;42;9;20;74;65;65;7;28;60;72;98;66;Salta;66161;Santa Victoria;661610206;;495;156;-22,274326;-64,692373;2,101435868
661610112;53;24;4;1;15;4;29;4;20;4;1;34;17;3;1;10;3;17;1;13;2;1;19;7;1;0;5;1;12;3;7;2;0;1;7;7;39;1;0;1;3;3;9;20;9;11;6;3;0;1;15;3;4;1;2;3;5;6;66;Salta;66161;Santa Victoria;661610112;;53;16;-22,2609;-65,161167;0,238820143
660561014;1234;521;117;47;210;147;713;283;306;88;36;630;257;54;28;96;79;373;155;157;45;16;604;264;63;19;114;68;340;128;149;43;20;9;133;33;1068;41;2;41;87;58;194;519;134;385;128;1;5;44;201;117;147;62;201;146;259;318;66;Salta;66056;General José de San Martín;660561014;;1234;277;-22,252613;-63,75106;0,386056945
660560401;277;107;23;10;48;26;170;50;87;17;16;132;52;11;6;24;11;80;27;37;8;8;145;55;12;4;24;15;90;23;50;9;8;1;20;4;253;14;0;14;20;21;75;95;28;67;25;3;0;9;46;21;26;7;33;23;43;56;66;Salta;66056;General José de San Martín;660560401;;277;75;-22,576655;-64,062427;1497,919924
660560303;250;90;16;10;41;23;160;43;80;28;9;116;45;9;4;22;10;71;18;41;10;2;134;45;7;6;19;13;89;25;39;18;7;2;20;4;226;8;2;9;21;20;92;68;18;50;16;1;1;6;36;11;22;3;35;12;44;48;66;Salta;66056;General José de San Martín;660560303;;250;91;-22,531215;-63,320033;1585,663411
660560402;253;81;17;13;33;18;172;57;70;28;17;139;49;10;7;22;10;90;30;35;15;10;114;32;7;6;11;8;82;27;35;13;7;3;86;0;167;22;3;25;14;26;31;141;75;66;64;8;3;13;33;15;18;10;28;22;38;59;66;Salta;66056;General José de San Martín;660560402;;253;75;-22,434043;-63,894964;447,5550503
661330110;687;265;52;25;108;80;422;168;196;42;16;361;132;22;20;54;36;229;93;105;22;9;326;133;30;5;54;44;193;75;91;20;7;6;299;14;374;11;0;11;82;23;68;354;189;165;117;52;20;24;104;63;80;17;81;60;114;166;66;Salta;66133;Rivadavia;661330110;;687;197;-22,270538;-62,711333;0,816779788
661330111;801;305;60;38;122;85;496;205;212;56;23;404;144;27;16;69;32;260;108;110;30;12;397;161;33;22;53;53;236;97;102;26;11;4;200;12;589;27;1;27;107;35;147;349;181;168;123;35;23;29;118;68;84;44;118;93;155;206;66;Salta;66133;Rivadavia;661330111;;801;225;-22,273699;-62,711081;0,413892475
661330112;1020;400;70;40;179;111;620;205;311;76;28;538;205;35;25;89;56;333;112;166;38;17;482;195;35;15;90;55;287;93;145;38;11;12;322;73;625;34;1;34;171;40;134;486;243;243;149;79;15;36;169;82;111;17;91;73;152;227;66;Salta;66133;Rivadavia;661330112;;1020;300;-22,276974;-62,713351;0,492893188
661330113;593;247;56;37;95;59;346;157;156;21;12;309;120;25;15;46;34;189;93;81;8;7;284;127;31;22;49;25;157;64;75;13;5;10;120;13;460;12;0;12;63;16;64;282;148;134;95;43;10;36;88;47;58;10;64;42;80;133;66;Salta;66133;Rivadavia;661330113;;593;197;-22,28492;-62,71387;1,289305173
660560209;739;320;77;43;118;82;419;165;185;50;19;371;159;42;23;54;40;212;89;89;25;9;368;161;35;20;64;42;207;76;96;25;10;5;175;29;535;25;0;25;53;34;83;336;146;190;115;25;6;36;102;64;79;32;87;77;122;185;66;Salta;66056;General José de San Martín;660560209;;739;206;-22,32463;-63,751849;1,101369457
661330106;1360;670;163;74;265;168;690;303;288;68;31;677;329;73;38;134;84;348;150;147;31;20;683;341;90;36;131;84;342;153;141;37;11;10;95;18;1247;29;0;29;244;48;325;365;50;315;35;9;6;67;257;90;167;34;274;85;327;347;66;Salta;66133;Rivadavia;661330106;;1360;331;-22,437013;-62,51902;389,4872073
660560302;1305;592;138;72;245;137;713;289;310;75;39;675;312;75;32;141;64;363;152;154;38;19;630;280;63;40;104;73;350;137;156;37;20;17;144;14;1147;48;1;48;121;65;238;475;161;314;138;15;8;58;236;113;136;42;199;127;241;307;66;Salta;66056;General José de San Martín;660560302;;1305;368;-22,424233;-63,685374;287,3980345
661610303;98;29;5;3;12;9;69;7;30;21;11;53;16;3;1;5;7;37;3;16;11;7;45;13;2;2;7;2;32;4;14;10;4;0;15;18;65;15;0;15;14;17;39;30;6;24;5;0;1;1;11;9;9;1;4;8;10;11;66;Salta;66161;Santa Victoria;661610303;;98;38;-22,407851;-64,956259;103,7806115
661610302;70;10;3;1;1;5;60;15;22;9;14;32;5;2;1;0;2;27;6;8;5;8;38;5;1;0;1;3;33;9;14;4;6;1;26;3;41;14;1;14;15;19;31;29;10;19;9;0;1;1;1;4;5;1;9;4;6;12;66;Salta;66161;Santa Victoria;661610302;;70;32;-22,467308;-64,975996;305,972036
660560301;1102;456;98;50;197;111;646;196;342;79;29;554;224;51;22;94;57;330;102;184;34;10;548;232;47;28;103;54;316;94;158;45;19;13;371;40;691;39;1;39;65;47;122;524;283;241;221;42;20;48;195;100;110;24;104;96;165;233;66;Salta;66056;General José de San Martín;660560301;;1102;327;-22,448827;-63,820259;125,5548317
660560305;976;437;104;56;169;108;539;237;226;57;19;485;203;48;30;83;42;282;118;124;29;11;491;234;56;26;86;66;257;119;102;28;8;11;146;12;818;24;1;25;67;35;113;426;160;266;141;19;0;52;166;91;108;29;139;98;187;253;66;Salta;66056;General José de San Martín;660560305;;976;177;-22,367525;-63,769011;0,419644889
660560306;1123;535;110;69;226;130;588;213;295;63;17;557;269;64;37;104;64;288;106;147;27;8;566;266;46;32;122;66;300;107;148;36;9;7;133;9;981;19;0;19;52;30;120;468;143;325;129;13;1;64;218;111;129;26;137;109;202;262;66;Salta;66056;General José de San Martín;660560306;;1123;216;-22,366744;-63,764647;0,402345178
661610301;61;15;2;0;9;4;46;10;17;16;3;33;10;0;0;7;3;23;5;8;8;2;28;5;2;0;2;1;23;5;9;8;1;0;20;2;39;7;0;7;6;7;29;17;3;14;3;0;0;0;9;2;4;0;7;2;9;10;66;Salta;66161;Santa Victoria;661610301;;61;28;-22,489749;-65,247649;230,2036865
661610304;558;209;37;23;77;72;349;109;144;62;34;295;105;17;12;43;33;190;60;73;36;21;263;104;20;11;34;39;159;49;71;26;13;4;195;22;341;40;6;40;46;54;144;205;90;115;67;17;6;20;72;61;72;20;59;66;101;136;66;Salta;66161;Santa Victoria;661610304;;558;172;-22,522023;-65,014559;243,7579962
661610204;135;48;9;7;28;4;87;22;44;15;6;55;24;5;3;13;3;31;10;14;4;3;80;24;4;4;15;1;56;12;30;11;3;0;32;1;102;5;0;5;16;8;45;42;11;31;7;4;0;7;26;1;4;1;17;2;13;16;66;Salta;66161;Santa Victoria;661610204;;135;42;-22,583371;-64,662593;821,033396
661330114;990;437;92;54;164;127;553;243;240;51;19;509;216;45;25;76;70;293;121;134;26;12;481;221;47;29;88;57;260;122;106;25;7;14;118;42;830;14;0;14;220;39;163;390;115;275;92;21;2;47;149;94;127;28;179;100;224;263;66;Salta;66133;Rivadavia;661330114;;990;224;-22,381167;-62,513692;0,907271439
660560312;686;289;67;41;111;70;397;181;159;44;13;342;145;35;19;55;36;197;96;80;16;5;344;144;32;22;56;34;200;85;79;28;8;6;74;2;610;8;1;9;52;18;117;280;100;180;94;6;0;39;110;60;69;20;115;56;131;182;66;Salta;66056;General José de San Martín;660560312;;686;160;-22,405776;-63,774707;0,565346313
660560304;1477;696;173;107;266;150;781;307;347;87;40;732;361;104;53;136;68;371;159;163;35;14;745;335;69;54;130;82;410;148;184;52;26;16;175;39;1263;28;1;28;114;61;326;455;156;299;142;11;3;94;250;107;148;46;226;120;266;331;66;Salta;66056;General José de San Martín;660560304;;1477;410;-22,549472;-63,558596;818,8691779
660560314;348;126;27;13;51;35;222;69;97;33;23;157;52;13;6;16;17;105;32;46;17;10;191;74;14;7;35;18;117;37;51;16;13;1;86;8;254;30;2;30;23;36;55;167;69;98;62;6;1;12;49;31;35;14;38;36;45;67;66;Salta;66056;General José de San Martín;660560314;;348;99;-22,430038;-63,792121;1,225115414
661610308;384;151;17;15;55;64;233;70;101;45;17;205;76;9;9;26;32;129;33;55;30;11;179;75;8;6;29;32;104;37;46;15;6;5;88;50;246;17;2;17;35;23;91;142;66;76;48;15;3;13;50;54;63;11;27;51;64;98;66;Salta;66161;Santa Victoria;661610308;;384;115;-22,457696;-65,081328;0,79904774
660700403;17;3;0;0;1;2;14;2;7;5;0;8;2;0;0;0;2;6;0;4;2;0;9;1;0;0;1;0;8;2;3;3;0;0;8;0;9;1;0;1;4;2;10;4;0;4;0;0;0;0;1;2;2;0;2;2;2;2;66;Salta;66070;Iruya;660700403;;17;8;-22,615582;-64,808033;185,1451148
661330105;128;56;9;5;22;20;72;24;35;11;2;62;30;3;5;13;9;32;8;19;5;0;66;26;6;0;9;11;40;16;16;6;2;1;11;2;115;6;0;6;16;6;40;32;6;26;4;1;1;5;20;12;20;2;23;11;32;32;66;Salta;66133;Rivadavia;661330105;;128;37;-22,542591;-62,599856;195,5709187
661610305;189;61;9;8;31;13;128;37;47;28;16;105;30;5;2;17;6;75;23;28;12;12;84;31;4;6;14;7;53;14;19;16;4;4;44;18;127;22;2;22;29;27;61;67;19;48;14;4;1;7;28;5;13;4;25;8;32;39;66;Salta;66161;Santa Victoria;661610305;;189;60;-22,549152;-65,135864;135,1906459
660560313;553;241;57;25;94;65;312;127;138;36;11;282;117;30;11;40;36;165;69;75;15;6;271;124;27;14;54;29;147;58;63;21;5;10;77;17;459;12;0;12;47;22;62;250;85;165;75;6;4;25;93;58;63;18;70;59;90;132;66;Salta;66056;General José de San Martín;660560313;;553;147;-22,46709;-63,791448;0,361866654
661260101;60;17;1;2;5;9;43;17;22;3;1;28;7;1;1;1;4;21;8;10;2;1;32;10;0;1;4;5;22;9;12;1;0;0;0;1;59;0;0;0;0;2;25;18;6;12;6;0;0;1;5;9;9;3;12;11;17;21;66;Salta;66126;Orán;661260101;;60;26;-22,631917;-64,466146;254,6420994
661610309;476;200;31;24;90;55;276;86;135;39;16;240;89;12;7;41;29;151;42;75;24;10;236;111;19;17;49;26;125;44;60;15;6;11;137;52;287;18;0;18;45;22;113;163;80;83;58;18;4;22;85;47;54;9;34;45;67;111;66;Salta;66161;Santa Victoria;661610309;;476;139;-22,500028;-65,09931;0,365525388
661330104;662;341;72;48;138;83;321;125;154;31;11;328;175;30;25;74;46;153;56;83;11;3;334;166;42;23;64;37;168;69;71;20;8;6;39;5;618;8;1;8;54;13;226;95;21;74;14;5;2;41;131;35;83;4;113;22;143;150;66;Salta;66133;Rivadavia;661330104;;662;173;-22,612857;-62,862435;1082,166058
661610306;577;240;35;26;85;94;337;91;170;55;21;313;116;17;13;41;45;197;52;100;30;15;264;124;18;13;44;49;140;39;70;25;6;13;225;49;303;21;6;21;55;29;91;246;139;107;90;33;16;23;74;59;94;9;40;58;106;133;66;Salta;66161;Santa Victoria;661610306;;577;150;-22,508619;-65,10259;0,113544102
660561101;1076;410;94;54;160;102;666;237;320;83;26;541;180;39;22;74;45;361;136;166;42;17;535;230;55;32;86;57;305;101;154;41;9;10;164;141;771;33;7;35;86;49;149;517;186;331;162;16;8;45;153;81;102;47;143;106;181;239;66;Salta;66056;General José de San Martín;660561101;;1076;331;-22,498542;-63,806189;0,33026474
661610307;565;218;34;36;87;61;347;119;159;44;25;300;116;13;18;47;38;184;57;90;24;13;265;102;21;18;40;23;163;62;69;20;12;11;233;69;263;27;2;27;50;38;98;249;131;118;84;39;8;35;80;52;61;28;57;76;97;135;66;Salta;66161;Santa Victoria;661610307;;565;163;-22,511785;-65,101922;0,152931533
660561201;1085;381;63;35;170;113;704;226;378;79;21;575;188;31;14;87;56;387;112;216;43;16;510;193;32;21;83;57;317;114;162;36;5;7;504;56;525;29;6;30;76;36;46;658;436;222;342;72;22;33;169;103;110;34;64;111;130;250;66;Salta;66056;General José de San Martín;660561201;;1085;315;-22,499944;-63,799233;0,218776996
660561104;1214;393;77;41;167;108;821;278;365;128;50;614;188;30;17;77;64;426;137;187;67;35;600;205;47;24;90;44;395;141;178;61;15;5;230;40;944;52;3;53;268;89;260;561;216;345;194;20;2;31;154;91;108;70;174;125;203;276;66;Salta;66056;General José de San Martín;660561104;;1214;359;-22,503216;-63,810353;0,720188123
660561102;1278;424;71;55;171;127;854;265;402;131;56;643;198;34;23;80;61;445;135;209;68;33;635;226;37;32;91;66;409;130;193;63;23;3;355;39;884;59;6;59;139;81;145;709;336;373;303;28;5;52;167;121;127;30;102;130;177;293;66;Salta;66056;General José de San Martín;660561102;;1278;347;-22,503566;-63,804141;0,225631693
660561203;988;440;67;50;189;134;548;137;355;41;15;498;211;28;27;94;62;287;76;187;19;5;490;229;39;23;95;72;261;61;168;22;10;7;428;18;542;17;0;17;66;23;80;468;288;180;227;50;11;45;184;123;133;21;65;114;147;194;66;Salta;66056;General José de San Martín;660561203;;988;271;-22,503122;-63,787708;0,4202155
660561202;806;322;49;31;137;105;484;141;293;39;11;426;168;25;18;68;57;258;66;169;17;6;380;154;24;13;69;48;226;75;124;22;5;6;373;23;410;17;1;17;50;21;38;446;290;156;225;47;18;30;132;101;105;16;51;102;128;190;66;Salta;66056;General José de San Martín;660561202;;806;225;-22,501662;-63,790938;0,156326332
660561206;1222;417;75;44;163;135;805;243;403;118;41;666;225;38;24;91;72;441;127;235;54;25;556;192;37;20;72;63;364;116;168;64;16;11;443;42;737;41;5;43;87;65;146;659;365;294;291;52;22;37;160;122;135;26;101;121;191;300;66;Salta;66056;General José de San Martín;660561206;;1222;321;-22,502721;-63,801735;0,131724995
660561205;1131;361;53;32;163;113;770;246;388;106;30;599;190;26;19;77;68;409;117;217;59;16;532;171;27;13;86;45;361;129;171;47;14;10;523;60;548;42;2;43;55;55;66;704;423;281;338;63;22;31;160;107;111;37;82;122;158;279;66;Salta;66056;General José de San Martín;660561205;;1131;314;-22,503186;-63,798992;0,14411442
660561204;1233;341;71;38;143;89;892;238;374;230;50;658;157;33;19;56;49;501;126;210;130;35;575;184;38;19;87;40;391;112;164;100;15;13;598;74;561;71;13;72;95;100;82;810;534;276;428;85;21;34;142;83;89;25;64;90;120;222;66;Salta;66056;General José de San Martín;660561204;;1233;361;-22,504309;-63,795685;0,170271394
660561103;1162;371;59;43;161;108;791;206;365;150;70;604;185;32;19;85;49;419;104;204;72;39;558;186;27;24;76;59;372;102;161;78;31;7;494;35;633;89;13;90;64;115;102;689;404;285;327;60;17;38;155;100;108;34;79;104;142;218;66;Salta;66056;General José de San Martín;660561103;;1162;364;-22,507993;-63,805884;0,258647754
660561105;1016;434;71;53;172;138;582;220;264;60;38;522;217;30;27;88;72;305;117;136;26;26;494;217;41;26;84;66;277;103;128;34;12;7;216;13;787;29;4;29;150;48;211;371;117;254;109;6;2;42;166;120;138;48;142;132;210;268;66;Salta;66056;General José de San Martín;660561105;;1016;272;-22,506431;-63,815203;0,206078662
660561207;926;325;66;33;145;81;601;208;285;77;31;452;157;37;14;69;37;295;94;145;39;17;474;168;29;19;76;44;306;114;140;38;14;5;272;63;591;27;2;28;76;44;118;483;208;275;175;26;7;29;140;73;81;41;116;88;150;204;66;Salta;66056;General José de San Martín;660561207;;926;250;-22,505892;-63,800165;0,093250308
660561210;992;305;50;32;133;90;687;242;309;104;32;518;165;29;20;68;48;353;116;162;56;19;474;140;21;12;65;42;334;126;147;48;13;1;266;63;663;36;2;37;107;53;138;549;258;291;235;20;3;29;121;77;87;45;109;102;153;239;66;Salta;66056;General José de San Martín;660561210;;992;281;-22,506086;-63,790888;0,149964667
660561106;928;309;47;36;135;91;619;196;286;89;48;500;175;28;20;80;47;325;100;145;49;31;428;134;19;16;55;44;294;96;141;40;17;7;243;34;651;54;4;54;77;71;134;485;207;278;184;19;4;30;129;81;90;37;101;93;145;213;66;Salta;66056;General José de San Martín;660561106;;928;240;-22,509421;-63,811334;0,174656973
660561211;820;319;71;42;140;66;501;205;230;46;20;406;145;30;17;63;35;261;110;117;23;11;414;174;41;25;77;31;240;95;113;23;9;7;123;16;681;20;0;20;101;30;130;371;143;228;128;9;6;34;135;58;65;32;128;76;145;193;66;Salta;66056;General José de San Martín;660561211;;820;236;-22,508752;-63,788169;0,484130381
660560309;479;225;55;31;82;57;254;102;123;19;10;247;116;26;16;40;34;131;57;61;9;4;232;109;29;15;42;23;123;45;62;10;6;3;39;6;434;8;0;8;63;17;110;144;47;97;40;3;4;17;72;46;57;15;76;47;104;118;66;Salta;66056;General José de San Martín;660560309;;479;120;-22,509365;-63,759885;0,620631946
660561301;1342;460;102;47;177;134;882;309;388;135;50;683;238;54;22;96;66;445;146;195;75;29;659;222;48;25;81;68;437;163;193;60;21;13;347;41;954;70;8;73;99;88;188;694;297;397;261;22;14;39;171;116;132;57;158;144;231;343;66;Salta;66056;General José de San Martín;660561301;;1342;355;-22,509556;-63,816341;0,18048172
660561209;1139;342;69;41;141;91;797;230;374;147;46;591;159;40;20;61;38;432;121;214;73;24;548;183;29;21;80;53;365;109;160;74;22;10;373;71;695;66;10;68;88;86;126;671;356;315;282;57;17;38;141;84;90;30;85;96;140;239;66;Salta;66056;General José de San Martín;660561209;;1139;327;-22,509197;-63,795175;0,195313711
660561208;757;243;42;19;110;72;514;124;258;89;43;375;109;23;4;51;31;266;58;134;47;27;382;134;19;15;59;41;248;66;124;42;16;1;340;64;353;58;4;62;64;68;63;451;261;190;212;35;14;18;109;70;72;22;50;76;94;140;66;Salta;66056;General José de San Martín;660561208;;757;217;-22,507792;-63,799802;0,147609457
660560308;892;441;107;44;173;117;451;171;224;37;19;418;195;42;21;78;54;223;90;106;16;11;474;246;65;23;95;63;228;81;118;21;8;3;48;17;827;17;0;17;140;27;242;209;60;149;59;0;1;30;155;81;116;23;132;83;184;215;66;Salta;66056;General José de San Martín;660560308;;892;205;-22,511913;-63,773953;0,900438795
660560311;964;468;116;58;170;124;496;226;202;53;15;483;233;62;27;87;57;250;107;111;23;9;481;235;54;31;83;67;246;119;91;30;6;11;39;17;908;14;3;14;194;29;251;245;56;189;54;2;0;46;161;97;124;51;183;125;236;268;66;Salta;66056;General José de San Martín;660560311;;964;207;-22,513068;-63,751473;0,617390818
660561109;944;233;43;16;104;70;711;165;342;114;90;483;104;17;6;53;28;379;82;166;72;59;461;129;26;10;51;42;332;83;176;42;31;14;444;27;473;97;19;102;57;127;85;626;401;225;287;72;42;15;103;65;70;27;53;71;93;157;66;Salta;66056;General José de San Martín;660561109;;944;320;-22,510132;-63,79962;0,151219886
660561315;1045;416;90;52;164;110;629;244;298;56;31;525;206;46;25;76;59;319;123;150;27;19;520;210;44;27;88;51;310;121;148;29;12;5;186;56;803;31;2;31;150;43;176;453;151;302;138;10;3;40;152;87;108;31;146;102;203;282;66;Salta;66056;General José de San Martín;660561315;;1045;261;-22,512195;-63,788031;0,144713514
660561302;1358;470;92;56;203;119;888;325;402;125;36;693;216;40;26;95;55;477;182;207;68;20;665;254;52;30;108;64;411;143;195;57;16;8;377;47;934;51;6;55;95;72;157;731;351;380;320;23;8;40;198;113;118;41;135;127;188;319;66;Salta;66056;General José de San Martín;660561302;;1358;368;-22,511735;-63,816928;0,149956511
660561107;1000;237;41;24;114;58;763;164;323;170;106;515;123;21;14;64;24;392;75;167;83;67;485;114;20;10;50;34;371;89;156;87;39;16;562;49;389;134;30;138;57;160;69;694;487;207;340;95;52;24;113;56;57;23;46;63;75;140;66;Salta;66056;General José de San Martín;660561107;;1000;358;-22,511351;-63,805157;0,185829108
660561304;1092;317;53;34;127;103;775;222;351;123;79;579;161;26;13;67;55;418;118;192;58;50;513;156;27;21;60;48;357;104;159;65;29;7;488;55;549;106;18;110;89;123;90;685;393;292;335;47;11;28;125;99;101;33;83;104;136;237;66;Salta;66056;General José de San Martín;660561304;;1092;340;-22,51503;-63,809553;0,279125666
660560307;827;351;77;44;133;97;476;194;212;52;18;421;179;45;22;68;44;242;101;109;19;13;406;172;32;22;65;53;234;93;103;33;5;10;83;10;734;12;0;12;94;27;173;303;98;205;86;6;6;33;118;78;97;33;143;89;183;216;66;Salta;66056;General José de San Martín;660560307;;827;227;-22,513195;-63,781901;0,309917108
660561314;1035;329;73;28;133;95;706;263;288;106;49;547;178;43;19;75;41;369;136;152;49;32;488;151;30;9;58;54;337;127;136;57;17;9;257;18;760;52;2;53;123;70;184;522;221;301;194;23;4;25;132;85;94;44;133;101;163;253;66;Salta;66056;General José de San Martín;660561314;;1035;278;-22,51341;-63,790816;0,204687868
660561313;800;218;42;28;85;63;582;153;253;121;55;435;126;25;15;54;32;309;80;130;67;32;365;92;17;13;31;31;273;73;123;54;23;11;321;54;425;87;5;87;46;101;94;488;289;199;218;48;23;27;83;56;61;17;49;65;89;153;66;Salta;66056;General José de San Martín;660561313;;800;263;-22,513617;-63,794971;0,150656196
660561312;1018;215;30;21;90;74;803;173;353;171;106;534;115;16;10;49;40;419;83;185;90;61;484;100;14;11;41;34;384;90;168;81;45;5;614;30;374;134;18;139;49;159;65;738;545;193;378;83;84;21;89;69;73;15;33;72;88;180;66;Salta;66056;General José de San Martín;660561312;;1018;373;-22,513509;-63,798259;0,173094246
660561108;405;79;15;6;37;21;326;57;153;62;54;211;46;10;3;21;12;165;23;75;31;36;194;33;5;3;16;9;161;34;78;31;18;0;213;17;175;68;6;68;23;74;33;293;217;76;162;32;23;6;35;19;21;6;16;20;29;59;66;Salta;66056;General José de San Martín;660561108;;405;148;-22,513105;-63,801089;0,086003471
660561316;815;321;69;32;131;89;494;187;217;63;27;427;168;41;12;70;45;259;99;115;31;14;388;153;28;20;61;44;235;88;102;32;13;3;120;8;687;30;0;30;102;43;168;326;103;223;93;7;3;29;127;74;89;36;128;82;157;198;66;Salta;66056;General José de San Martín;660561316;;815;224;-22,512971;-63,785176;0,09775929
660561303;1122;350;64;27;158;101;772;199;344;149;80;578;178;34;17;70;57;400;99;184;68;49;544;172;30;10;88;44;372;100;160;81;31;8;589;68;465;97;15;104;78;115;76;696;401;295;305;67;29;23;154;100;100;23;76;92;120;202;66;Salta;66056;General José de San Martín;660561303;;1122;341;-22,51466;-63,812073;0,176559931
660561401;471;209;40;30;96;43;262;67;176;14;5;234;92;19;18;38;17;142;41;90;9;2;237;117;21;12;58;26;120;26;86;5;3;10;329;9;133;6;1;6;18;7;12;250;195;55;160;13;22;29;90;39;42;11;24;37;47;70;66;Salta;66056;General José de San Martín;660561401;;471;135;-22,521431;-63,814878;1,579158678
660561305;623;151;26;17;59;49;472;72;238;93;69;311;73;18;10;20;25;238;34;116;44;44;312;78;8;7;39;24;234;38;122;49;25;5;376;25;222;93;22;94;24;103;25;447;342;105;220;66;56;15;59;48;49;12;24;51;58;89;66;Salta;66056;General José de San Martín;660561305;;623;236;-22,513913;-63,804987;0,144582536
660700101;68;20;1;2;10;7;48;12;24;8;4;34;9;1;2;4;2;25;6;13;4;2;34;11;0;0;6;5;23;6;11;4;2;0;19;0;49;3;0;3;9;4;24;24;8;16;5;2;1;2;7;5;7;3;7;5;11;14;66;Salta;66070;Iruya;660700101;;68;19;-22,566119;-65,292247;38,90412348
660561311;368;71;7;7;34;23;297;57;130;60;50;208;31;4;3;15;9;177;39;66;38;34;160;40;3;4;19;14;120;18;64;22;16;2;203;23;142;60;13;60;20;70;31;266;196;70;137;28;31;6;34;22;23;8;17;22;30;56;66;Salta;66056;General José de San Martín;660561311;;368;130;-22,516462;-63,800849;0,08606107
660561306;1038;281;46;33;123;79;757;151;371;149;86;542;135;28;14;59;34;407;85;193;75;54;496;146;18;19;64;45;350;66;178;74;32;12;602;39;397;109;23;112;42;127;56;701;524;177;329;82;113;33;123;79;79;23;44;81;87;153;66;Salta;66056;General José de San Martín;660561306;;1038;373;-22,516709;-63,804795;0,216634871
660560310;1073;503;125;57;220;101;570;231;272;42;25;543;257;60;27;115;55;286;119;134;17;16;530;246;65;30;105;46;284;112;138;25;9;4;109;32;932;18;0;18;105;38;176;394;121;273;110;10;1;56;215;80;100;30;169;84;184;216;66;Salta;66056;General José de San Martín;660560310;;1073;279;-22,52075;-63,774407;0,965015697
660561407;1418;494;91;45;213;145;924;278;428;156;62;726;249;52;20;106;71;477;147;220;74;36;692;245;39;25;107;74;447;131;208;82;26;8;475;75;868;71;11;73;127;93;187;737;447;290;350;67;30;43;208;127;141;29;108;129;191;298;66;Salta;66056;General José de San Martín;660561407;;1418;408;-22,517376;-63,788424;0,375886352
660561310;812;204;28;24;101;51;608;139;248;139;82;429;109;13;12;56;28;320;65;129;74;52;383;95;15;12;45;23;288;74;119;65;30;9;444;43;325;105;14;108;73;133;72;536;352;184;243;47;62;23;101;49;51;20;45;53;70;127;66;Salta;66056;General José de San Martín;660561310;;812;275;-22,517145;-63,795772;0,209103441
660561408;1210;441;92;53;197;99;769;236;385;117;31;629;232;48;29;107;48;397;129;195;57;16;581;209;44;24;90;51;372;107;190;60;15;11;479;8;723;40;7;41;74;52;96;673;413;260;325;62;26;43;194;88;97;36;99;102;146;229;66;Salta;66056;General José de San Martín;660561408;;1210;369;-22,518085;-63,781516;0,269844748
660561309;684;150;27;13;63;47;534;141;210;110;73;361;72;10;4;39;19;289;67;118;59;45;323;78;17;9;24;28;245;74;92;51;28;4;462;10;212;91;20;93;24;98;22;512;387;125;254;67;66;13;63;46;47;13;25;56;68;135;66;Salta;66056;General José de San Martín;660561309;;684;254;-22,519044;-63,79632;0,112973249
660561308;642;158;23;12;69;54;484;99;213;92;80;330;75;12;6;32;25;255;41;116;54;44;312;83;11;6;37;29;229;58;97;38;36;7;411;17;214;95;20;99;20;113;24;460;377;83;238;61;78;12;68;51;52;4;15;45;56;117;66;Salta;66056;General José de San Martín;660561308;;642;228;-22,519313;-63,800642;0,119829104
660561307;445;112;20;13;49;30;333;58;167;68;40;233;56;9;6;25;16;177;30;91;33;23;212;56;11;7;24;14;156;28;76;35;17;3;324;4;117;52;11;54;13;62;14;319;266;53;150;36;80;13;48;30;30;5;12;26;31;68;66;Salta;66056;General José de San Martín;660561307;;445;156;-22,519591;-63,805131;0,121592135
660561406;1687;646;125;57;265;199;1041;374;531;102;34;849;322;58;23;146;95;527;192;275;44;16;838;324;67;34;119;104;514;182;256;58;18;7;368;59;1260;42;3;42;152;53;255;786;377;409;320;52;5;54;255;173;197;74;181;204;301;443;66;Salta;66056;General José de San Martín;660561406;;1687;434;-22,521253;-63,790708;0,256272991
660561409;1173;532;90;46;251;145;641;248;310;56;27;603;276;44;23;135;74;327;127;162;24;14;570;256;46;23;116;71;314;121;148;32;13;12;261;43;869;27;2;27;83;42;150;491;212;279;187;17;8;44;243;132;141;63;137;150;192;270;66;Salta;66056;General José de San Martín;660561409;;1173;297;-22,523165;-63,785582;0,395014641
660561405;1059;271;55;33;119;64;788;228;337;165;58;527;114;24;10;55;25;413;109;180;90;34;532;157;31;23;64;39;375;119;157;75;24;6;512;34;513;84;14;88;71;99;111;677;444;233;337;61;46;30;111;59;62;30;73;74;103;191;66;Salta;66056;General José de San Martín;660561405;;1059;344;-22,521623;-63,795976;0,200495704
660561404;919;248;40;31;102;75;671;144;298;128;101;484;115;21;18;42;34;369;67;166;68;68;435;133;19;13;60;41;302;77;132;60;33;6;461;55;403;123;23;125;68;140;59;612;396;216;269;78;49;29;101;72;74;16;42;72;89;156;66;Salta;66056;General José de San Martín;660561404;;919;298;-22,523502;-63,800276;0,154183779
660561403;735;167;30;24;65;48;568;122;251;105;90;371;80;14;10;32;24;291;58;120;57;56;364;87;16;14;33;24;277;64;131;48;34;4;442;40;253;100;21;104;32;118;38;530;396;134;263;58;75;24;65;45;47;13;29;52;60;119;66;Salta;66056;General José de San Martín;660561403;;735;261;-22,52269;-63,803614;0,207577849
660561402;769;179;42;16;65;56;590;153;260;119;58;390;91;24;11;32;24;299;79;114;67;39;379;88;18;5;33;32;291;74;146;52;19;6;383;33;353;83;17;86;43;96;47;543;367;176;281;55;31;15;63;54;56;10;39;51;70;125;66;Salta;66056;General José de San Martín;660561402;;769;291;-22,524792;-63,807756;0,389799206
660561410;1422;481;95;47;202;137;941;347;418;129;47;691;211;40;20;100;51;480;173;218;61;28;731;270;55;27;102;86;461;174;200;68;19;8;368;39;1015;53;6;56;133;84;232;709;337;372;307;23;7;45;196;126;136;61;178;150;233;359;66;Salta;66056;General José de San Martín;660561410;;1422;394;-22,525458;-63,790067;0,251289987
661330107;285;121;27;14;53;27;164;78;64;16;6;138;59;12;6;25;16;79;39;27;9;4;147;62;15;8;28;11;85;39;37;7;2;3;21;12;252;4;0;4;58;11;72;92;12;80;10;2;0;12;46;12;27;8;69;15;72;79;66;Salta;66133;Rivadavia;661330107;;285;72;-22,636394;-62,459076;561,5873739
660561411;1062;278;55;29;115;79;784;241;342;152;49;545;135;33;10;57;35;410;114;190;77;29;517;143;22;19;58;44;374;127;152;75;20;13;522;35;505;73;4;75;72;94;103;681;411;270;328;61;22;28;114;73;79;22;76;82;124;237;66;Salta;66056;General José de San Martín;660561411;;1062;323;-22,524543;-63,79632;0,215164508
660561414;1002;277;44;41;113;79;725;160;342;148;75;518;136;21;23;49;43;382;73;184;83;42;484;141;23;18;64;36;343;87;158;65;33;7;542;23;437;113;17;116;63;134;50;675;441;234;320;82;39;38;111;77;79;21;49;83;102;173;66;Salta;66056;General José de San Martín;660561414;;1002;315;-22,527734;-63,804517;0,218023408
660561412;1104;329;56;45;148;80;775;204;374;130;67;576;173;33;24;75;41;403;98;192;72;41;528;156;23;21;73;39;372;106;182;58;26;5;492;34;578;94;21;98;67;107;113;662;397;265;306;59;32;38;139;73;79;27;76;84;115;197;66;Salta;66056;General José de San Martín;660561412;;1104;346;-22,527877;-63,798347;0,322693758
660561516;1052;374;86;37;140;111;678;237;320;90;31;554;202;49;18;71;64;352;119;165;49;19;498;172;37;19;69;47;326;118;155;41;12;9;248;41;763;37;2;39;79;57;142;536;217;319;181;25;11;33;139;95;111;52;134;133;210;277;66;Salta;66056;General José de San Martín;660561516;;1052;286;-22,530239;-63,790883;0,387545481
660561501;1277;422;60;53;197;112;855;255;473;97;30;661;202;28;24;94;56;459;138;254;51;16;616;220;32;29;103;56;396;117;219;46;14;6;634;47;596;41;9;45;74;57;76;779;500;279;395;65;40;52;191;103;110;36;88;105;147;259;66;Salta;66056;General José de San Martín;660561501;;1277;385;-22,534523;-63,809203;1,026299504
660561413;936;253;39;40;101;73;683;175;314;144;50;473;121;19;20;47;35;352;89;153;86;24;463;132;20;20;54;38;331;86;161;58;26;7;476;60;400;75;12;77;90;96;68;615;376;239;280;65;31;37;98;69;72;30;65;89;110;179;66;Salta;66056;General José de San Martín;660561413;;936;286;-22,530125;-63,79616;0,131222011
660561515;651;296;53;45;126;72;355;121;194;28;12;328;144;30;19;60;35;184;62;106;12;4;323;152;23;26;66;37;171;59;88;16;8;8;150;21;480;13;2;15;55;22;74;281;131;150;116;14;1;34;125;62;71;25;67;75;103;138;66;Salta;66056;General José de San Martín;660561515;;651;189;-22,535176;-63,787572;0,304269212
660561508;1429;401;98;42;157;104;1028;298;438;210;82;738;207;53;21;80;53;531;150;226;112;43;691;194;45;21;77;51;497;148;212;98;39;15;689;37;703;109;11;110;124;136;156;872;486;386;395;63;28;38;151;91;102;25;108;93;153;259;66;Salta;66056;General José de San Martín;660561508;;1429;396;-22,532709;-63,796923;0,197773522
660561507;771;212;35;30;93;54;559;131;239;113;76;433;110;21;16;48;25;323;75;127;71;50;338;102;14;14;45;29;236;56;112;42;26;4;406;17;348;104;16;107;53;120;66;493;299;194;230;45;24;27;88;49;52;18;41;53;72;125;66;Salta;66056;General José de San Martín;660561507;;771;242;-22,531328;-63,802482;0,13335961
660561506;678;152;22;13;66;51;526;120;210;122;74;349;69;10;5;32;22;280;62;106;62;50;329;83;12;8;34;29;246;58;104;60;24;4;374;27;277;96;27;99;46;118;69;457;273;184;213;34;26;12;66;48;50;14;39;49;68;123;66;Salta;66056;General José de San Martín;660561506;;678;221;-22,533017;-63,801484;0,127716696
660700401;33;16;3;3;6;4;17;7;7;1;2;22;12;2;2;5;3;10;3;5;0;2;11;4;1;1;1;1;7;4;2;1;0;0;2;2;29;1;0;1;4;3;9;8;1;7;1;0;0;3;5;1;4;1;6;1;8;9;66;Salta;66070;Iruya;660700401;;33;8;-22,630202;-65,056188;151,3336946
660561513;1231;474;108;48;194;124;757;287;330;90;50;618;235;54;19;101;61;383;140;168;43;32;613;239;54;29;93;63;374;147;162;47;18;7;275;24;932;56;11;59;102;77;155;602;227;375;204;20;3;43;189;98;123;44;177;116;213;280;66;Salta;66056;General José de San Martín;660561513;;1231;318;-22,535019;-63,792312;0,155723241
660561505;1138;302;49;41;132;80;836;206;363;161;106;594;158;25;24;69;40;436;108;184;88;56;544;144;24;17;63;40;400;98;179;73;50;8;580;64;494;126;18;129;90;155;114;722;464;258;326;70;68;37;123;73;78;24;83;82;119;199;66;Salta;66056;General José de San Martín;660561505;;1138;345;-22,535756;-63,800747;0,258812784
660700402;38;9;1;0;1;7;29;7;7;11;4;16;1;1;0;0;0;15;3;4;6;2;22;8;0;0;1;7;14;4;3;5;2;0;19;5;14;7;0;7;14;12;20;9;4;5;2;1;1;0;1;7;7;4;6;8;10;11;66;Salta;66070;Iruya;660700402;;38;13;-22,636709;-64,919133;156,8433152
660561602;890;262;41;27;101;93;628;176;284;134;34;475;131;22;12;50;47;344;107;145;72;20;415;131;19;15;51;46;284;69;139;62;14;12;509;65;316;52;12;54;36;65;30;598;429;169;331;68;30;26;99;90;91;15;27;90;97;192;66;Salta;66056;General José de San Martín;660561602;;890;262;-22,590517;-63,82042;0,611993775
660560408;211;52;14;4;23;11;159;43;65;40;11;106;25;8;2;9;6;81;22;35;19;5;105;27;6;2;14;5;78;21;30;21;6;1;128;3;80;17;2;17;6;21;12;147;101;46;76;15;10;4;23;11;11;5;11;16;20;40;66;Salta;66056;General José de San Martín;660560408;;211;68;-22,591046;-63,860467;0,555937385
660561601;564;156;26;9;72;49;408;113;164;84;47;281;71;14;4;33;20;210;54;86;44;26;283;85;12;5;39;29;198;59;78;40;21;10;336;26;202;60;4;60;30;70;43;365;222;143;157;37;28;9;72;46;49;24;47;60;77;117;66;Salta;66056;General José de San Martín;660561601;;564;176;-22,593885;-63,830859;2,362809943
660561610;890;228;38;25;94;71;662;168;288;123;83;483;135;18;16;62;39;348;87;150;63;48;407;93;20;9;32;32;314;81;138;60;35;4;506;78;306;93;25;103;47;113;101;561;322;239;240;63;19;24;92;66;71;35;78;82;116;176;66;Salta;66056;General José de San Martín;660561610;;890;293;-22,595796;-63,814231;0,237476033
660561609;1044;295;55;28;117;95;749;173;346;158;72;541;153;27;9;65;52;388;87;187;74;40;503;142;28;19;52;43;361;86;159;84;32;9;494;96;454;113;12;114;66;131;67;682;404;278;319;62;23;27;115;90;95;26;54;95;116;193;66;Salta;66056;General José de San Martín;660561609;;1044;346;-22,593206;-63,810621;0,242205936
660561608;950;223;39;21;89;74;727;168;321;138;100;477;102;21;8;37;36;375;81;167;67;60;473;121;18;13;52;38;352;87;154;71;40;11;491;73;386;121;33;130;67;141;81;646;417;229;326;57;34;20;88;70;71;19;49;67;84;169;66;Salta;66056;General José de San Martín;660561608;;950;315;-22,596672;-63,806326;0,523526799
660561603;713;146;30;13;48;55;567;172;207;156;32;376;83;19;9;26;29;293;77;120;80;16;337;63;11;4;22;26;274;95;87;76;16;8;420;45;248;46;10;47;29;57;42;525;366;159;273;68;25;11;45;52;55;26;46;63;78;152;66;Salta;66056;General José de San Martín;660561603;;713;246;-22,59413;-63,817873;0,128304627
660561607;837;357;65;44;145;103;480;171;220;70;19;427;171;30;22;72;47;256;96;115;33;12;410;186;35;22;73;56;224;75;105;37;7;8;241;64;532;24;1;25;65;34;127;353;132;221;122;10;0;40;143;91;103;32;98;96;156;205;66;Salta;66056;General José de San Martín;660561607;;837;209;-22,600782;-63,803778;0,892361332
660561617;378;99;15;11;42;31;279;70;124;51;34;202;49;8;4;22;15;153;35;72;27;19;176;50;7;7;20;16;126;35;52;24;15;7;188;26;164;44;7;45;27;47;37;242;127;115;96;21;10;10;40;28;31;12;32;34;46;69;66;Salta;66056;General José de San Martín;660561617;;378;138;-22,596596;-63,820494;0,363787207
660561611;556;145;19;12;65;49;411;94;190;70;57;301;79;13;3;35;28;222;48;102;39;33;255;66;6;9;30;21;189;46;88;31;24;3;311;24;221;57;13;61;41;78;26;385;244;141;185;46;13;11;65;49;49;10;26;53;63;105;66;Salta;66056;General José de San Martín;660561611;;556;196;-22,599508;-63,813434;0,168004937
660561612;606;198;37;26;79;56;408;100;191;74;43;306;91;13;11;36;31;215;50;93;40;32;300;107;24;15;43;25;193;50;98;34;11;7;275;68;263;52;10;54;45;66;46;362;212;150;161;38;13;26;77;53;56;12;49;54;75;104;66;Salta;66056;General José de San Martín;660561612;;606;194;-22,600171;-63,809748;0,208223073
660561616;1304;500;85;59;207;149;804;278;422;82;22;708;262;47;38;104;73;446;149;237;46;14;596;238;38;21;103;76;358;129;185;36;8;11;427;299;578;29;5;29;133;38;121;683;295;388;268;21;6;54;202;135;148;54;142;155;228;325;66;Salta;66056;General José de San Martín;660561616;;1304;370;-22,600752;-63,820053;0,250354422
660561615;536;151;32;13;65;41;385;106;165;84;30;277;78;20;8;35;15;199;53;83;46;17;259;73;12;5;30;26;186;53;82;38;13;4;239;33;264;52;9;53;49;62;51;334;184;150;151;24;9;12;64;37;41;12;38;41;65;104;66;Salta;66056;General José de San Martín;660561615;;536;171;-22,602623;-63,817258;0,136787555
660561613;1072;301;60;39;114;88;771;191;338;155;87;581;160;36;19;63;42;421;106;170;88;57;491;141;24;20;51;46;350;85;168;67;30;14;549;35;488;115;24;122;50;133;68;703;392;311;326;47;19;37;113;86;88;24;68;89;111;198;66;Salta;66056;General José de San Martín;660561613;;1072;318;-22,603959;-63,812733;0,241301435
660561614;1020;403;70;37;171;125;617;210;327;62;18;536;204;41;16;83;64;332;106;190;28;8;484;199;29;21;88;61;285;104;137;34;10;14;412;53;555;26;5;28;52;29;62;555;316;239;263;37;16;35;171;118;124;28;83;113;154;240;66;Salta;66056;General José de San Martín;660561614;;1020;285;-22,605835;-63,819968;0,272456683
660700103;155;66;11;5;21;29;89;25;39;11;14;83;35;4;3;12;16;48;11;23;5;9;72;31;7;2;9;13;41;14;16;6;5;6;84;1;70;13;0;13;26;16;39;50;21;29;17;3;1;4;18;20;28;4;12;18;32;46;66;Salta;66070;Iruya;660700103;;155;41;-22,653719;-65,152381;22,81494547
660700106;90;32;4;2;13;13;58;14;22;14;8;49;13;2;2;5;4;36;7;15;10;4;41;19;2;0;8;9;22;7;7;4;4;0;18;6;66;10;0;10;10;14;27;31;11;20;11;0;0;2;10;9;13;0;7;7;16;21;66;Salta;66070;Iruya;660700106;;90;28;-22,691946;-65,228896;55,74117107
660560404;177;85;23;12;29;21;92;28;44;15;5;85;42;11;6;12;13;43;12;23;6;2;92;43;12;6;17;8;49;16;21;9;3;2;11;3;163;6;0;6;11;8;51;41;21;20;19;1;1;11;26;13;21;1;21;11;35;40;66;Salta;66056;General José de San Martín;660560404;;177;50;-22,764269;-64,006505;474,0174712
660700107;45;17;2;2;7;6;28;5;11;7;5;26;9;1;0;4;4;17;2;8;5;2;19;8;1;2;3;2;11;3;3;2;3;0;9;1;35;4;0;4;5;6;14;14;5;9;2;0;3;2;7;4;6;1;4;4;5;5;66;Salta;66070;Iruya;660700107;;45;14;-22,704163;-65,271024;45,72439921
660700405;29;11;0;1;7;3;18;3;9;5;1;16;5;0;0;3;2;11;3;5;3;0;13;6;0;1;4;1;7;0;4;2;1;0;15;1;13;1;0;1;6;2;5;13;6;7;4;2;0;1;6;1;3;0;1;1;3;4;66;Salta;66070;Iruya;660700405;;29;9;-22,757279;-64,921199;150,9040063
660700407;93;31;5;5;11;10;62;16;28;12;6;56;21;4;4;9;4;35;9;17;5;4;37;10;1;1;2;6;27;7;11;7;2;2;30;7;56;6;1;6;12;8;16;46;24;22;17;6;1;5;9;6;10;1;4;6;13;25;66;Salta;66070;Iruya;660700407;;93;37;-22,732539;-65,066052;133,8092168
660700502;1;0;0;0;0;0;1;1;0;0;0;0;0;0;0;0;0;0;0;0;0;0;1;0;0;0;0;0;1;1;0;0;0;0;0;0;1;0;0;0;0;0;0;1;1;0;1;0;0;0;0;0;0;0;0;0;0;1;66;Salta;66070;Iruya;660700502;;1;1;-22,808137;-64,618384;462,3234753
660700105;113;45;10;4;16;15;68;19;29;9;11;63;22;4;2;8;8;41;12;19;6;4;50;23;6;2;8;7;27;7;10;3;7;1;14;1;98;9;0;9;14;12;25;43;12;31;8;4;0;3;15;12;15;1;12;11;21;27;66;Salta;66070;Iruya;660700105;;113;40;-22,716518;-65,158967;61,90151579
660700406;25;11;1;1;5;4;14;5;4;3;2;16;7;0;0;4;3;9;3;2;2;2;9;4;1;1;1;1;5;2;2;1;0;0;6;1;18;1;0;1;2;3;6;8;6;2;5;1;0;1;4;3;4;0;0;3;4;7;66;Salta;66070;Iruya;660700406;;25;7;-22,740455;-64,990596;97,89588635
661260103;1282;455;87;46;205;117;827;297;385;113;32;586;216;43;18;92;63;370;129;182;39;20;696;239;44;28;113;54;457;168;203;74;12;1;239;28;1015;26;2;27;56;57;338;489;161;328;145;15;1;34;184;80;117;34;206;90;226;283;66;Salta;66126;Orán;661260103;;1282;420;-22,829086;-64,431695;376,5364891
660700404;0;0;0;0;0;0;0;0;0;0;0;0;0;0;0;0;0;0;0;0;0;0;0;0;0;0;0;0;0;0;0;0;0;0;0;0;0;0;0;0;0;0;0;0;0;0;0;0;0;0;0;0;0;0;0;0;0;0;66;Salta;66070;Iruya;660700404;;0;0;-22,767828;-64,829053;111,8696973
661260102;693;265;51;34;109;71;428;166;213;37;12;352;125;25;21;49;30;227;91;110;21;5;341;140;26;13;60;41;201;75;103;16;7;5;43;45;605;9;1;9;20;20;143;285;135;150;125;7;3;22;105;63;71;23;89;67;109;160;66;Salta;66126;Orán;661260102;;693;190;-22,764105;-64,371158;55,57336844
660560503;509;177;43;24;69;41;332;101;138;63;30;240;83;20;10;30;23;157;55;61;26;15;269;94;23;14;39;18;175;46;77;37;15;1;62;219;228;33;1;33;28;54;215;117;29;88;28;0;1;14;45;17;41;8;86;18;94;105;66;Salta;66056;General José de San Martín;660560503;;509;169;-22,881638;-63,400646;1946,367629
661330201;165;66;11;3;26;26;99;24;50;17;8;80;35;4;2;13;16;45;13;20;9;3;85;31;7;1;13;10;54;11;30;8;5;2;13;14;138;9;0;9;23;12;50;49;11;38;7;1;3;3;24;20;26;1;19;13;26;30;66;Salta;66133;Rivadavia;661330201;;165;45;-22,815351;-63,019893;504,4331574
661260105;1523;478;107;56;199;116;1045;349;512;137;47;769;241;54;28;104;55;528;165;273;66;24;754;237;53;28;95;61;517;184;239;71;23;2;289;59;1175;32;3;32;62;72;249;796;423;373;368;40;15;37;194;104;115;37;172;115;198;313;66;Salta;66126;Orán;661260105;;1523;390;-22,734505;-64,355485;0,230179074
661330202;127;39;4;7;21;7;88;32;37;15;4;54;17;0;5;10;2;37;16;11;8;2;73;22;4;2;11;5;51;16;26;7;2;1;9;5;113;5;0;5;22;11;27;61;6;55;2;3;1;7;19;5;7;2;30;5;25;25;66;Salta;66133;Rivadavia;661330202;;127;38;-22,842435;-62,835133;426,1390162
661260106;1432;417;73;50;193;101;1015;287;513;151;64;778;212;33;25;93;61;566;153;284;96;33;654;205;40;25;100;40;449;134;229;55;31;0;171;47;1214;57;3;57;45;118;340;675;410;265;353;29;28;30;184;92;99;28;117;89;153;271;66;Salta;66126;Orán;661260106;;1432;401;-22,736602;-64,352754;0,258055335
660700201;513;210;41;22;94;53;303;112;114;46;31;275;123;21;14;59;29;152;66;50;25;11;238;87;20;8;35;24;151;46;64;21;20;11;164;21;328;37;3;38;45;53;94;209;89;120;69;14;6;18;88;48;53;10;55;48;83;124;66;Salta;66070;Iruya;660700201;;513;156;-22,795422;-65,237269;67,44078912
661330203;759;300;61;28;117;94;459;170;200;55;34;335;138;32;13;56;37;197;73;81;27;16;424;162;29;15;61;57;262;97;119;28;18;11;76;3;680;35;0;35;71;50;183;276;27;249;25;1;1;24;106;44;94;10;152;36;193;208;66;Salta;66133;Rivadavia;661330203;;759;213;-22,918383;-62,523582;1676,92484
660560409;790;322;77;49;133;63;468;190;187;67;24;392;157;37;25;65;30;235;94;99;29;13;398;165;40;24;68;33;233;96;88;38;11;16;195;56;539;26;1;26;69;41;137;331;114;217;107;7;0;43;121;47;63;27;122;54;124;164;66;Salta;66056;General José de San Martín;660560409;;790;209;-22,740139;-63,825705;1,137785636
660560410;1143;375;68;51;149;107;768;264;319;134;51;556;187;30;32;73;52;369;123;157;67;22;587;188;38;19;76;55;399;141;162;67;29;25;404;35;704;78;8;80;130;93;212;556;199;357;175;18;6;45;137;81;106;63;173;118;207;268;66;Salta;66056;General José de San Martín;660560410;;1143;317;-22,735471;-63,819546;0,337580354
660700202;44;20;2;4;8;6;24;5;12;6;1;25;13;2;1;5;5;12;2;7;2;1;19;7;0;3;3;1;12;3;5;4;0;0;13;1;30;1;0;1;3;1;15;9;5;4;3;2;0;3;4;5;6;0;2;5;8;10;66;Salta;66070;Iruya;660700202;;44;8;-22,780702;-65,152819;34,50568329
660700207;195;62;11;6;28;17;133;30;47;35;21;107;31;5;4;13;9;76;14;28;18;16;88;31;6;2;15;8;57;16;19;17;5;3;75;17;103;17;9;21;32;34;49;84;44;40;29;9;6;6;17;14;17;1;11;12;21;35;66;Salta;66070;Iruya;660700207;;195;64;-22,756439;-65,242492;0,418817581
660700301;52;14;3;0;9;2;38;7;16;12;3;26;7;2;0;5;0;19;3;8;6;2;26;7;1;0;4;2;19;4;8;6;1;0;9;2;41;3;1;3;7;6;22;16;4;12;2;1;1;0;9;0;2;1;6;0;6;7;66;Salta;66070;Iruya;660700301;;52;18;-22,857332;-65,101108;212,1412879
660560411;665;302;62;38;124;78;363;124;202;28;9;329;139;31;17;56;35;190;70;103;10;7;336;163;31;21;68;43;173;54;99;18;2;6;197;13;455;13;1;13;26;16;61;302;115;187;102;12;1;37;123;75;78;25;64;72;101;138;66;Salta;66056;General José de San Martín;660560411;;665;177;-22,74345;-63,82053;0,705313548
660700203;575;223;37;31;91;64;352;99;167;52;34;276;98;12;14;44;28;178;44;87;27;20;299;125;25;17;47;36;174;55;80;25;14;10;230;11;334;33;4;34;61;45;100;252;137;115;105;28;4;30;88;60;63;14;36;64;81;129;66;Salta;66070;Iruya;660700203;;575;164;-22,81086;-65,191254;42,20610446
661330209;854;327;58;34;142;93;527;202;243;60;22;432;165;29;15;78;43;267;103;122;29;13;422;162;29;19;64;50;260;99;121;31;9;1;140;39;675;22;0;22;106;34;155;372;146;226;101;41;4;28;133;75;93;22;129;74;167;213;66;Salta;66133;Rivadavia;661330209;;854;268;-22,734243;-62,498414;0,700610459
661330210;1409;634;134;76;266;158;775;346;323;66;40;704;328;71;40;132;85;376;162;167;25;22;705;306;63;36;134;73;399;184;156;41;18;7;129;66;1214;23;0;23;199;57;446;329;78;251;59;15;4;63;236;106;157;76;305;132;338;363;66;Salta;66133;Rivadavia;661330210;;1409;351;-22,743247;-62,496909;0,799619985
660700206;632;244;44;34;91;75;388;119;183;56;30;347;130;29;23;41;37;217;68;100;30;19;285;114;15;11;50;38;171;51;83;26;11;13;306;8;318;30;4;33;67;49;100;288;191;97;128;39;24;31;80;70;75;9;39;66;91;143;66;Salta;66070;Iruya;660700206;;632;180;-22,795609;-65,217447;0,21417624
660700205;449;153;21;17;72;43;296;67;151;48;30;245;78;12;6;36;24;167;35;91;25;16;204;75;9;11;36;19;129;32;60;23;14;9;247;14;188;33;10;37;37;44;65;231;153;78;87;48;18;13;56;34;43;9;15;33;46;80;66;Salta;66070;Iruya;660700205;;449;134;-22,792108;-65,219142;0,097875801
660700501;5;0;0;0;0;0;5;1;2;2;0;2;0;0;0;0;0;2;0;1;1;0;3;0;0;0;0;0;3;1;1;1;0;0;2;0;3;0;0;0;0;1;0;5;1;4;1;0;0;0;0;0;0;0;0;0;0;1;66;Salta;66070;Iruya;660700501;;5;3;-22,857218;-64,785937;82,74820883
660560501;19;5;1;0;2;2;14;4;9;1;0;9;3;1;0;1;1;6;2;4;0;0;10;2;0;0;1;1;8;2;5;1;0;0;10;2;7;0;0;0;0;0;4;10;3;7;3;0;0;0;1;2;2;2;3;4;5;6;66;Salta;66056;General José de San Martín;660560501;;19;6;-22,917589;-64,1353;631,7586346
660700302;15;7;1;1;2;3;8;1;4;2;1;7;3;0;1;1;1;4;0;2;1;1;8;4;1;0;1;2;4;1;2;1;0;0;0;0;15;1;0;1;1;1;5;3;0;3;0;0;0;1;2;3;3;0;1;2;3;3;66;Salta;66070;Iruya;660700302;;15;4;-22,883246;-64,96206;126,3315346
660700204;422;140;19;20;59;42;282;68;127;57;30;200;67;10;6;30;21;133;30;53;32;18;222;73;9;14;29;21;149;38;74;25;12;9;129;22;271;23;2;23;84;49;92;190;63;127;55;5;3;17;55;33;42;8;32;32;49;73;66;Salta;66070;Iruya;660700204;;422;136;-22,89572;-65,201026;69,21334272
660700208;229;94;16;15;33;30;135;37;68;14;16;119;47;7;8;19;13;72;16;39;8;9;110;47;9;7;14;17;63;21;29;6;7;4;92;11;126;13;0;13;22;24;45;90;43;47;29;4;10;12;31;26;30;7;17;29;41;59;66;Salta;66070;Iruya;660700208;;229;66;-22,83746;-65,219553;0,970934428
660700506;13;7;0;1;4;2;6;1;3;0;2;5;2;0;0;2;0;3;0;2;0;1;8;5;0;1;2;2;3;1;1;0;1;0;2;0;11;1;0;1;2;2;4;2;0;2;0;0;0;1;3;1;2;0;1;1;3;3;66;Salta;66070;Iruya;660700506;;13;4;-22,900222;-64,868596;125,9653942
660560502;82;25;11;2;5;7;57;24;28;4;1;38;11;4;1;4;2;27;13;13;1;0;44;14;7;1;1;5;30;11;15;3;1;0;19;34;29;2;0;2;5;2;23;34;16;18;14;1;1;1;4;4;7;1;17;4;22;29;66;Salta;66056;General José de San Martín;660560502;;82;32;-22,931948;-63,811608;532,7942639
660700505;7;2;2;0;0;0;5;2;1;0;2;2;0;0;0;0;0;2;0;1;0;1;5;2;2;0;0;0;3;2;0;0;1;0;5;0;2;1;0;1;2;2;2;3;1;2;1;0;0;0;0;0;0;0;1;0;1;1;66;Salta;66070;Iruya;660700505;;7;3;-22,975675;-64,863952;317,774963
660700507;651;244;57;24;96;67;407;147;168;48;44;343;132;28;11;55;38;211;73;90;23;25;308;112;29;13;41;29;196;74;78;25;19;4;253;42;356;42;6;44;71;55;88;319;174;145;139;31;4;24;96;62;67;17;53;62;83;135;66;Salta;66070;Iruya;660700507;;651;197;-22,896289;-64,664234;0,941969316
660700504;221;93;21;10;37;25;128;42;62;12;12;106;48;10;4;21;13;58;20;29;6;3;115;45;11;6;16;12;70;22;33;6;9;4;61;3;157;12;0;12;22;16;25;103;41;62;33;7;1;10;35;22;25;8;20;23;33;45;66;Salta;66070;Iruya;660700504;;221;61;-22,986143;-64,732597;145,3513305
660700509;516;189;35;22;81;51;327;121;145;41;20;259;98;16;9;51;22;161;57;74;20;10;257;91;19;13;30;29;166;64;71;21;10;3;123;18;375;16;2;18;38;25;105;222;97;125;79;10;8;16;75;45;51;24;77;56;96;127;66;Salta;66070;Iruya;660700509;;516;149;-22,899835;-64,66945;0,209733717
660700508;324;108;23;14;40;31;216;84;100;24;8;166;54;8;7;26;13;112;44;49;15;4;158;54;15;7;14;18;104;40;51;9;4;1;140;18;166;14;4;15;25;18;39;177;109;68;88;16;5;13;40;29;31;19;28;39;44;79;66;Salta;66070;Iruya;660700508;;324;106;-22,900755;-64,661496;0,332062548
660700503;202;78;22;7;33;16;124;26;64;25;9;99;39;12;4;16;7;60;14;29;12;5;103;39;10;3;17;9;64;12;35;13;4;4;67;10;125;15;2;15;20;18;27;97;36;61;31;4;1;7;32;14;15;5;9;15;18;29;66;Salta;66070;Iruya;660700503;;202;71;-22,995276;-64,620457;248,148525
661260104;499;179;44;20;68;47;320;92;154;53;21;236;97;22;13;34;28;139;42;69;20;8;263;82;22;7;34;19;181;50;85;33;13;3;104;10;385;15;2;16;26;35;127;193;75;118;59;6;10;16;68;35;46;9;54;35;75;98;66;Salta;66126;Orán;661260104;;499;160;-23,022847;-64,444865;517,2486183
661330206;204;83;16;11;35;21;121;41;54;15;11;94;40;11;5;18;6;54;14;25;8;7;110;43;5;6;17;15;67;27;29;7;4;4;26;5;173;11;0;11;14;17;68;53;6;47;4;2;0;11;34;5;21;4;37;8;47;50;66;Salta;66133;Rivadavia;661330206;;204;62;-23,082744;-62,977822;742,965355
660560504;1199;516;122;69;199;126;683;265;299;90;29;604;251;59;27;105;60;353;142;153;44;14;595;265;63;42;94;66;330;123;146;46;15;16;280;57;862;39;3;40;96;55;264;419;155;264;129;17;9;59;188;88;126;50;186;101;228;277;66;Salta;66056;General José de San Martín;660560504;;1199;288;-22,93499;-63,860731;1,178342456
660560505;1174;523;104;61;211;147;651;222;300;86;43;591;252;50;26;104;72;339;116;161;37;25;583;271;54;35;107;75;312;106;139;49;18;8;281;87;806;40;5;40;113;61;252;399;147;252;120;23;4;51;194;107;147;36;167;107;230;261;66;Salta;66056;General José de San Martín;660560505;;1174;299;-22,935062;-63,854838;1,037768527
661330207;139;26;4;3;13;6;113;20;49;28;16;65;14;2;2;9;1;51;7;22;13;9;74;12;2;1;4;5;62;13;27;15;7;2;26;11;102;17;0;17;31;24;41;72;18;54;10;7;1;3;10;3;6;2;14;4;17;20;66;Salta;66133;Rivadavia;661330207;;139;60;-23,185639;-63,120293;838,6048589
661330204;98;34;5;4;16;9;64;9;34;13;8;37;11;1;2;4;4;26;4;12;6;4;61;23;4;2;12;5;38;5;22;7;4;0;17;2;79;5;0;5;16;11;24;40;4;36;3;1;0;4;16;4;9;2;9;3;13;13;66;Salta;66133;Rivadavia;661330204;;98;33;-23,127639;-62,615956;505,4026106
660560601;29;15;3;3;3;6;14;6;6;2;0;11;5;0;1;1;3;6;1;4;1;0;18;10;3;2;2;3;8;5;2;1;0;0;7;0;22;0;0;0;2;0;4;10;6;4;4;2;0;3;3;4;5;0;3;1;4;7;66;Salta;66056;General José de San Martín;660560601;;29;8;-23,068852;-64,16216;436,076941
661330205;41;11;2;1;4;4;30;9;13;7;1;16;5;1;0;2;2;11;2;5;3;1;25;6;1;1;2;2;19;7;8;4;0;1;7;2;32;1;0;1;8;3;10;20;3;17;3;0;0;1;3;3;4;3;7;6;9;9;66;Salta;66133;Rivadavia;661330205;;41;19;-23,058697;-62,788629;437,1215331
660560603;129;55;23;5;20;7;74;23;31;12;8;62;27;11;3;9;4;35;15;14;2;4;67;28;12;2;11;3;39;8;17;10;4;6;26;2;101;11;0;11;5;14;31;43;17;26;12;4;1;5;20;3;7;1;18;3;19;21;66;Salta;66056;General José de San Martín;660560603;;129;43;-23,122873;-63,783493;774,4931588
660560602;62;10;2;0;4;4;52;14;23;14;1;15;5;2;0;1;2;10;6;3;1;0;47;5;0;0;3;2;42;8;20;13;1;0;33;0;29;0;0;0;7;5;20;32;11;21;10;1;0;0;4;2;4;4;8;4;10;13;66;Salta;66056;General José de San Martín;660560602;;62;40;-23,072994;-63,987259;215,1177752
661260201;256;71;8;4;32;27;185;23;64;43;55;140;40;5;2;17;16;100;8;30;26;36;116;31;3;2;15;11;85;15;34;17;19;4;98;6;152;53;2;54;36;67;90;95;33;62;25;4;4;4;31;23;27;2;13;17;29;36;66;Salta;66126;Orán;661260201;;256;104;-23,091163;-64,840219;460,345088
660560701;209;84;19;8;34;23;125;34;48;34;9;91;38;10;3;14;11;53;17;21;11;4;118;46;9;5;20;12;72;17;27;23;5;5;46;7;156;12;0;12;14;17;78;47;17;30;14;3;0;8;33;21;23;2;24;18;32;40;66;Salta;66056;General José de San Martín;660560701;;209;74;-23,159428;-63,425155;903,5753105
661260205;1887;834;204;113;349;168;1053;379;548;96;30;932;398;101;53;151;93;534;212;260;47;15;955;436;103;60;198;75;519;167;288;49;15;39;514;148;1225;40;7;41;105;59;184;869;422;447;347;39;36;96;338;141;168;56;214;136;259;359;66;Salta;66126;Orán;661260205;;1887;529;-23,137775;-64,259621;161,5308131
661260204;69;19;1;3;12;3;50;13;26;8;3;28;11;1;1;6;3;17;3;10;3;1;41;8;0;2;6;0;33;10;16;5;2;1;33;2;34;2;0;2;2;6;11;39;21;18;16;4;1;3;12;3;3;0;2;2;3;9;66;Salta;66126;Orán;661260204;;69;30;-23,175865;-64,391232;181,2298927
660560607;334;134;22;15;58;39;200;81;91;16;12;179;78;11;8;35;24;101;40;48;7;6;155;56;11;7;23;15;99;41;43;9;6;3;170;28;136;17;0;17;35;17;60;140;49;91;46;2;1;13;56;33;39;13;58;36;79;94;66;Salta;66056;General José de San Martín;660560607;;334;89;-23,107294;-63,99615;0,757440696
661260202;151;66;6;5;18;37;85;12;42;19;12;70;29;1;3;9;16;41;6;21;8;6;81;37;5;2;9;21;44;6;21;11;6;1;57;7;87;10;0;10;17;22;27;58;27;31;18;9;0;4;18;37;37;4;8;37;38;40;66;Salta;66126;Orán;661260202;;151;46;-23,182404;-64,825426;501,2508694
661260206;1468;673;128;70;276;199;795;307;392;66;30;739;332;63;31;136;102;407;156;203;31;17;729;341;65;39;140;97;388;151;189;35;13;12;284;105;1079;31;3;32;64;47;218;577;241;336;204;21;16;61;272;172;197;37;175;168;289;382;66;Salta;66126;Orán;661260206;;1468;317;-23,114222;-64,327774;0,107055931
661260203;308;114;20;15;42;37;194;54;76;35;29;145;44;10;6;15;13;101;26;44;14;17;163;70;10;9;27;24;93;28;32;21;12;2;80;23;205;29;4;29;40;42;70;124;60;64;55;3;2;14;41;33;36;9;23;31;40;70;66;Salta;66126;Orán;661260203;;308;127;-23,274747;-64,697054;974,0823402
661260207;1019;376;58;40;155;123;643;246;312;69;16;521;179;28;18;75;58;342;126;168;37;11;498;197;30;22;80;65;301;120;144;32;5;5;324;20;675;24;5;26;58;37;77;566;280;286;250;16;14;36;151;111;121;45;129;130;201;275;66;Salta;66126;Orán;661260207;;1019;268;-23,116236;-64,326079;0,108658516
661260701;1586;601;134;55;252;160;985;392;420;129;44;778;270;63;23;119;65;508;213;208;65;22;808;331;71;32;133;95;477;179;212;64;22;27;423;44;1119;44;8;45;106;72;241;744;294;450;265;21;8;48;238;134;158;51;230;158;284;387;66;Salta;66126;Orán;661260701;;1586;367;-23,118;-64,328722;0,148647617
661260702;1223;372;59;36;151;126;851;269;448;107;27;635;178;30;15;77;56;457;140;252;49;16;588;194;29;21;74;70;394;129;196;58;11;11;732;31;460;42;4;43;43;55;57;794;579;215;415;127;37;33;150;125;125;30;64;127;145;288;66;Salta;66126;Orán;661260702;;1223;345;-23,118983;-64,323251;0,323194315
661260901;826;208;43;16;86;63;618;188;273;133;24;410;85;17;9;36;23;325;91;139;82;13;416;123;26;7;50;40;293;97;134;51;11;7;508;35;283;30;4;31;44;42;40;578;408;170;302;71;35;15;80;57;61;15;52;61;89;179;66;Salta;66126;Orán;661260901;;826;247;-23,119481;-64,317966;0,176743409
661260705;1725;618;121;82;237;178;1107;448;473;140;46;863;316;60;54;118;84;547;223;224;73;27;862;302;61;28;119;94;560;225;249;67;19;17;397;71;1257;50;10;54;156;76;305;802;348;454;322;22;4;74;224;141;176;41;229;151;315;457;66;Salta;66126;Orán;661260705;;1725;380;-23,121896;-64,330288;0,119595513
661260704;1232;416;86;46;174;110;816;340;332;117;27;631;208;40;23;89;56;423;178;166;66;13;601;208;46;23;85;54;393;162;166;51;14;7;223;29;980;37;3;39;128;53;238;578;219;359;198;14;7;41;164;90;110;42;208;109;230;314;66;Salta;66126;Orán;661260704;;1232;284;-23,121179;-64,32882;0,090524555
661260902;992;257;44;34;91;88;735;200;356;147;32;547;143;23;20;47;53;404;90;215;76;23;445;114;21;14;44;35;331;110;141;71;9;12;630;38;324;51;12;54;43;65;33;702;517;185;376;87;54;33;86;83;86;20;42;82;96;198;66;Salta;66126;Orán;661260902;;992;301;-23,12119;-64,31444;0,137721001
661260801;1143;332;61;39;140;92;811;182;410;168;51;599;150;27;18;60;45;449;100;226;91;32;544;182;34;21;80;47;362;82;184;77;19;11;685;51;407;82;15;82;47;97;67;744;514;230;337;74;103;37;139;88;91;21;58;88;114;187;66;Salta;66126;Orán;661260801;;1143;359;-23,124608;-64,319308;0,335528027
661260703;1365;396;73;56;160;107;969;304;421;169;75;680;185;37;27;75;46;495;154;208;97;36;685;211;36;29;85;61;474;150;213;72;39;10;599;36;730;113;19;118;99;140;147;822;443;379;358;72;13;53;156;98;105;31;118;108;168;287;66;Salta;66126;Orán;661260703;;1365;384;-23,12279;-64,324425;0,266834699
661260802;1267;359;68;31;153;107;908;246;425;176;61;639;185;28;15;78;64;454;123;208;97;26;628;174;40;16;75;43;454;123;217;79;35;11;519;94;654;98;12;99;93;122;111;797;438;359;347;67;24;30;152;102;106;39;96;111;146;241;66;Salta;66126;Orán;661260802;;1267;357;-23,125223;-64,315919;0,163881655
661260706;1647;575;118;60;223;174;1072;396;458;150;68;830;285;62;29;109;85;545;191;237;80;37;817;290;56;31;114;89;527;205;221;70;31;16;414;88;1145;66;18;74;154;113;289;783;317;466;283;26;8;52;210;144;173;44;223;148;293;404;66;Salta;66126;Orán;661260706;;1647;408;-23,125203;-64,33051;0,131353275
661260903;841;274;54;43;116;61;567;172;304;71;20;431;138;27;24;60;27;293;88;161;35;9;410;136;27;19;56;34;274;84;143;36;11;8;329;19;493;28;3;29;40;35;78;489;249;240;207;31;11;35;111;55;60;15;74;59;95;158;66;Salta;66126;Orán;661260903;;841;262;-23,125146;-64,313014;0,097974211
661260905;882;391;76;35;183;97;491;148;278;38;27;467;207;43;15;100;49;260;89;139;18;14;415;184;33;20;83;48;231;59;139;20;13;8;299;31;552;20;1;20;56;36;70;421;208;213;178;20;10;30;178;84;97;24;83;84;135;173;66;Salta;66126;Orán;661260905;;882;240;-23,124912;-64,308337;0,148672021
661260707;827;237;53;20;100;64;590;149;270;118;53;426;116;26;12;46;32;310;74;138;62;36;401;121;27;8;54;32;280;75;132;56;17;15;416;18;393;71;13;73;27;82;73;517;287;230;231;37;19;17;99;60;64;23;53;76;101;161;66;Salta;66126;Orán;661260707;;827;245;-23,125316;-64,324504;0,119840917
661260904;963;287;53;26;128;80;676;204;318;119;35;500;134;22;15;59;38;366;114;173;62;17;463;153;31;11;69;42;310;90;145;57;18;16;426;63;474;46;3;46;32;64;47;629;380;249;314;52;14;25;124;75;79;27;72;85;115;200;66;Salta;66126;Orán;661260904;;963;282;-23,126019;-64,309682;0,105918723
661260907;1192;485;85;48;217;135;707;245;387;57;18;610;243;44;25;110;64;367;128;202;30;7;582;242;41;23;107;71;340;117;185;27;11;13;330;192;670;16;4;17;68;31;138;569;247;322;228;9;10;41;211;122;134;42;139;134;204;276;66;Salta;66126;Orán;661260907;;1192;335;-23,128977;-64,305977;0,130440537
661260908;1340;639;179;91;268;101;701;332;316;30;23;687;326;88;41;143;54;361;184;156;11;10;653;313;91;50;125;47;340;148;160;19;13;18;228;39;1073;10;2;11;112;30;125;576;242;334;228;12;2;81;260;85;101;40;205;99;195;253;66;Salta;66126;Orán;661260908;;1340;391;-23,12814;-64,30238;0,204606646
661260709;702;179;25;15;75;64;523;116;241;102;64;336;79;14;8;27;30;257;57;110;55;35;366;100;11;7;48;34;266;59;131;47;29;5;385;32;285;84;11;84;28;95;66;457;306;151;224;42;40;14;72;58;64;17;40;65;85;127;66;Salta;66126;Orán;661260709;;702;242;-23,127584;-64,327404;0,11416858
661260708;754;197;37;21;87;52;557;129;238;126;64;401;110;20;10;51;29;291;66;121;65;39;353;87;17;11;36;23;266;63;117;61;25;12;439;32;283;78;25;81;52;99;38;519;348;171;247;55;46;21;82;41;51;16;52;49;76;129;66;Salta;66126;Orán;661260708;;754;243;-23,128171;-64,324093;0,17980876
661260713;1022;334;59;44;150;81;688;203;339;99;47;520;176;31;29;75;41;344;106;159;58;21;502;158;28;15;75;40;344;97;180;41;26;9;407;20;595;60;4;62;90;80;163;525;275;250;219;34;22;36;137;72;80;28;111;87;140;197;66;Salta;66126;Orán;661260713;;1022;270;-23,130471;-64,333809;0,341769261
661260712;1037;356;60;40;154;102;681;222;325;87;47;509;170;23;26;71;50;339;98;175;44;22;528;186;37;14;83;52;342;124;150;43;25;9;236;19;782;46;5;48;76;62;140;541;272;269;230;27;15;30;147;86;101;22;110;96;168;238;66;Salta;66126;Orán;661260712;;1037;287;-23,130419;-64,330429;0,13891624
661260803;1459;544;101;52;253;138;915;267;480;117;51;733;272;58;26;114;74;461;127;237;67;30;726;272;43;26;139;64;454;140;243;50;21;7;405;94;960;50;12;54;104;79;199;716;319;397;293;20;6;45;249;130;136;51;150;153;227;312;66;Salta;66126;Orán;661260803;;1459;376;-23,128076;-64,313485;0,167006628
660560604;439;155;21;11;61;62;284;90;153;36;5;233;75;10;6;30;29;158;49;91;15;3;206;80;11;5;31;33;126;41;62;21;2;3;214;40;185;9;1;10;21;13;38;246;165;81;121;38;6;11;60;60;61;11;27;51;61;110;66;Salta;66056;General José de San Martín;660560604;;439;135;-23,197848;-64,029761;84,27768734
661260906;1334;449;93;57;172;127;885;327;395;137;26;665;201;45;26;74;56;464;164;209;77;14;669;248;48;31;98;71;421;163;186;60;12;14;375;102;857;38;7;40;123;58;199;686;286;400;267;13;6;49;164;111;126;52;182;140;238;335;66;Salta;66126;Orán;661260906;;1334;359;-23,129396;-64,308867;0,190239239
661260805;942;259;42;27;119;71;683;166;306;141;70;484;133;25;14;63;31;351;83;159;74;35;458;126;17;13;56;40;332;83;147;67;35;5;474;26;442;85;16;88;64;113;67;616;385;231;279;61;45;23;116;65;70;14;60;60;94;156;66;Salta;66126;Orán;661260805;;942;283;-23,129758;-64,318792;0,201263393
661260909;1369;588;144;77;261;106;781;320;385;59;17;692;304;72;39;129;64;388;182;177;22;7;677;284;72;38;132;42;393;138;208;37;10;20;258;177;934;17;0;17;84;31;160;621;234;387;215;15;4;65;236;89;106;34;213;93;206;269;66;Salta;66126;Orán;661260909;;1369;414;-23,132249;-64,303025;0,315153474
661260710;759;172;36;22;71;43;587;126;247;117;97;409;86;13;13;38;22;323;67;130;69;57;350;86;23;9;33;21;264;59;117;48;40;4;503;10;246;104;28;107;33;131;42;545;421;124;259;76;86;20;67;39;42;8;27;40;55;114;66;Salta;66126;Orán;661260710;;759;286;-23,131064;-64,326061;0,194719557
661260804;855;254;51;19;107;77;601;183;266;108;44;450;133;26;11;53;43;317;92;136;67;22;405;121;25;8;54;34;284;91;130;41;22;6;296;67;492;54;4;55;83;71;110;491;245;246;210;19;16;17;107;64;73;28;82;74;116;183;66;Salta;66126;Orán;661260804;;855;237;-23,130615;-64,31402;0,078360391
661260810;1113;456;82;37;198;139;657;275;298;68;16;577;225;44;17;94;70;352;152;159;34;7;536;231;38;20;104;69;305;123;139;34;9;17;258;96;759;14;4;17;42;29;101;556;233;323;217;13;3;35;195;129;137;37;139;142;223;335;66;Salta;66126;Orán;661260810;;1113;267;-23,131603;-64,310437;0,098020675
661260806;1021;293;43;36;124;90;728;140;354;154;80;535;143;17;19;69;38;392;73;182;91;46;486;150;26;17;55;52;336;67;172;63;34;11;579;68;374;115;31;119;30;135;52;676;506;170;332;88;86;35;114;80;89;7;33;71;94;160;66;Salta;66126;Orán;661260806;;1021;343;-23,132369;-64,31864;0,238289404
661260711;770;169;32;16;73;48;601;121;278;118;84;427;94;19;7;35;33;333;67;154;63;49;343;75;13;9;38;15;268;54;124;55;35;5;532;35;203;117;21;119;15;129;30;571;473;98;268;66;139;14;71;44;47;2;12;36;44;94;66;Salta;66126;Orán;661260711;;770;322;-23,133549;-64,32658;0,194610054
661260809;594;134;18;8;50;58;460;107;206;102;45;310;70;12;5;25;28;240;63;97;57;23;284;64;6;3;25;30;220;44;109;45;22;6;294;38;262;64;11;65;46;81;58;402;242;160;178;40;24;7;47;55;58;14;41;52;75;109;66;Salta;66126;Orán;661260809;;594;189;-23,133955;-64,313339;0,118622341
661260811;1303;408;74;53;151;130;895;259;397;184;55;680;202;40;28;75;59;478;139;201;98;40;623;206;34;25;76;71;417;120;196;86;15;16;496;32;775;77;10;79;70;97;146;749;417;332;342;49;26;46;149;120;130;31;116;116;173;268;66;Salta;66126;Orán;661260811;;1303;359;-23,135006;-64,30992;0,22226937
661261202;731;213;41;28;80;64;518;192;213;74;39;361;102;19;12;38;33;259;92;106;41;20;370;111;22;16;42;31;259;100;107;33;19;9;220;68;443;43;7;44;49;59;142;376;200;176;173;17;10;24;72;42;64;16;95;48;119;175;66;Salta;66126;Orán;661261202;;731;216;-23,135896;-64,33125;0,109692963
661261201;1011;332;60;35;148;89;679;205;298;121;55;528;176;38;19;73;46;352;96;163;61;32;483;156;22;16;75;43;327;109;135;60;23;8;473;83;455;73;17;77;60;90;135;544;266;278;232;25;9;28;133;75;89;15;100;73;125;181;66;Salta;66126;Orán;661261201;;1011;250;-23,134954;-64,334663;0,191178731
661260807;959;245;35;16;107;87;714;140;321;155;98;473;110;15;9;47;39;363;65;162;76;60;486;135;20;7;60;48;351;75;159;79;38;10;586;22;351;119;27;124;42;149;66;648;486;162;318;72;96;15;107;83;87;11;36;70;92;155;66;Salta;66126;Orán;661260807;;959;315;-23,134833;-64,319174;0,235449806
661260911;1266;490;91;54;205;140;776;295;376;79;26;656;250;50;21;106;73;406;155;203;41;7;610;240;41;33;99;67;370;140;173;38;19;14;373;51;842;24;1;24;138;41;191;585;221;364;200;14;7;46;190;116;138;49;188;132;243;322;66;Salta;66126;Orán;661260911;;1266;328;-23,139851;-64,303904;0,573333037
661260910;1299;575;125;75;270;105;724;275;379;52;18;645;268;62;28;124;54;377;155;189;23;10;654;307;63;47;146;51;347;120;190;29;8;20;332;122;845;14;5;14;71;30;117;607;255;352;233;15;7;63;254;88;104;38;181;92;171;216;66;Salta;66126;Orán;661260910;;1299;367;-23,136128;-64,30351;0,222951508
661261203;964;224;46;20;106;52;740;164;339;165;72;508;108;27;5;53;23;400;85;180;86;49;456;116;19;15;53;29;340;79;159;79;23;10;542;48;374;99;22;104;44;126;90;650;442;208;320;70;52;18;104;49;52;11;47;46;70;146;66;Salta;66126;Orán;661261203;;964;331;-23,136928;-64,329381;0,149707041
661261204;527;108;19;13;48;28;419;97;183;86;53;256;47;9;5;20;13;209;50;90;40;29;271;61;10;8;28;15;210;47;93;46;24;7;298;11;218;63;13;65;27;80;53;366;253;113;183;28;42;13;46;27;27;12;30;32;42;82;66;Salta;66126;Orán;661261204;;527;190;-23,136086;-64,326051;0,099272077
661261001;540;123;22;14;53;34;417;103;178;90;46;294;66;14;5;29;18;228;55;98;50;25;246;57;8;9;24;16;189;48;80;40;21;6;332;32;176;66;14;68;17;71;40;377;289;88;199;52;38;14;49;33;34;11;31;37;51;86;66;Salta;66126;Orán;661261001;;540;209;-23,137206;-64,321989;0,13991794
661260808;829;196;36;16;84;60;633;151;267;155;60;384;70;9;7;33;21;314;58;133;93;30;445;126;27;9;51;39;319;93;134;62;30;3;439;41;349;99;14;101;52;123;65;568;378;190;289;50;39;11;83;57;59;19;43;64;77;147;66;Salta;66126;Orán;661260808;;829;254;-23,137138;-64,313992;0,080008216
661261004;797;212;37;21;94;60;585;124;281;112;68;409;114;23;12;45;34;295;59;130;68;38;388;98;14;9;49;26;290;65;151;44;30;6;462;61;274;85;18;87;40;99;77;508;359;149;271;52;36;18;86;57;60;7;30;49;63;129;66;Salta;66126;Orán;661261004;;797;240;-23,137524;-64,317897;0,105027442
661260812;1169;285;57;28;119;81;884;203;381;207;93;601;139;28;13;63;35;462;98;194;119;51;568;146;29;15;56;46;422;105;187;88;42;6;711;37;421;132;20;136;73;160;82;802;511;291;378;86;47;26;115;75;80;21;65;82;111;202;66;Salta;66126;Orán;661260812;;1169;351;-23,138048;-64,310432;0,09900817
661261205;661;180;41;20;68;51;481;112;232;91;46;333;89;22;7;39;21;244;67;111;39;27;328;91;19;13;29;30;237;45;121;52;19;12;360;27;274;56;15;57;40;67;37;444;314;130;215;38;61;18;67;43;51;13;30;46;62;113;66;Salta;66126;Orán;661261205;;661;240;-23,138513;-64,326065;0,139047896
661261208;1110;414;84;39;179;112;696;268;319;78;31;572;207;30;21;97;59;365;142;169;39;15;538;207;54;18;82;53;331;126;150;39;16;10;278;67;765;36;3;36;87;45;153;543;221;322;212;7;2;30;170;96;108;49;147;123;199;276;66;Salta;66126;Orán;661261208;;1110;294;-23,139873;-64,333405;0,172084799
661261005;1189;363;77;47;139;100;826;269;353;149;55;592;175;37;22;61;55;417;134;177;74;32;597;188;40;25;78;45;409;135;176;75;23;12;413;102;674;69;8;72;113;99;168;658;341;317;296;28;17;38;135;87;99;31;126;99;170;267;66;Salta;66126;Orán;661261005;;1189;314;-23,140394;-64,315675;0,19737921
661261002;722;196;37;15;83;61;526;106;267;98;55;360;94;18;8;33;35;266;50;126;59;31;362;102;19;7;50;26;260;56;141;39;24;9;390;22;310;82;9;82;33;95;82;444;299;145;216;58;25;13;80;57;60;12;33;53;67;114;66;Salta;66126;Orán;661261002;;722;236;-23,139648;-64,322038;0,097211711
661261003;922;305;53;32;136;84;617;166;278;108;65;483;157;32;13;64;48;326;84;144;55;43;439;148;21;19;72;36;291;82;134;53;22;11;332;79;511;70;14;71;47;92;97;520;266;254;220;35;11;24;132;80;83;14;63;71;101;176;66;Salta;66126;Orán;661261003;;922;233;-23,140089;-64,318882;0,080725497
661261006;910;291;52;36;120;83;619;184;298;105;32;461;139;25;11;59;44;322;90;164;50;18;449;152;27;25;61;39;297;94;134;55;14;6;376;35;499;40;8;40;59;60;95;524;275;249;230;25;20;33;117;75;82;41;83;91;123;191;66;Salta;66126;Orán;661261006;;910;253;-23,14125;-64,312522;0,17806064
661261207;1032;259;43;19;109;88;773;166;366;132;109;578;141;26;11;61;43;437;89;195;78;75;454;118;17;8;48;45;336;77;171;54;34;7;626;30;376;139;30;141;43;156;69;704;469;235;352;73;44;18;108;83;88;14;47;80;108;178;66;Salta;66126;Orán;661261207;;1032;324;-23,141294;-64,330264;0,11411888
661261007;911;288;54;35;108;91;623;177;273;118;55;464;146;24;18;57;47;318;80;144;65;29;447;142;30;17;51;44;305;97;129;53;26;5;329;60;522;65;10;69;75;90;111;512;260;252;225;26;9;30;102;79;88;34;83;96;128;189;66;Salta;66126;Orán;661261007;;911;235;-23,141319;-64,309487;0,119121034
661261206;1076;288;62;38;115;73;788;197;360;142;89;558;132;25;17;56;34;426;104;185;79;58;518;156;37;21;59;39;362;93;175;63;31;10;629;38;409;105;23;111;77;130;87;701;458;243;352;70;36;36;106;56;73;22;70;63;105;179;66;Salta;66126;Orán;661261206;;1076;322;-23,141887;-64,326927;0,181227632
661261008;1307;466;99;49;193;125;841;271;389;124;57;673;238;46;33;92;67;435;143;199;57;36;634;228;53;16;101;58;406;128;190;67;21;12;413;91;803;70;12;73;80;88;186;655;315;340;285;22;8;40;186;112;123;42;133;130;197;296;66;Salta;66126;Orán;661261008;;1307;328;-23,142704;-64,307616;0,138981347
661261013;692;172;24;26;75;47;520;135;194;120;71;387;97;14;15;46;22;290;78;110;61;41;305;75;10;11;29;25;230;57;84;59;30;5;334;40;318;90;17;94;37;108;71;449;297;152;217;47;33;26;70;44;46;4;43;42;72;132;66;Salta;66126;Orán;661261013;;692;209;-23,142666;-64,322634;0,195590987
661261012;893;286;64;38;101;83;607;203;265;101;38;453;134;29;19;45;41;319;107;127;62;23;440;152;35;19;56;42;288;96;138;39;15;10;341;28;524;42;9;43;109;71;115;492;238;254;208;18;12;32;93;68;83;18;100;64;129;194;66;Salta;66126;Orán;661261012;;893;229;-23,14318;-64,319354;0,101778973
661261209;1071;395;62;40;154;139;676;242;321;78;35;553;197;36;20;71;70;356;118;183;34;21;518;198;26;20;83;69;320;124;138;44;14;10;280;79;712;34;9;37;91;56;141;535;259;276;233;19;7;36;150;125;137;50;120;134;189;271;66;Salta;66126;Orán;661261209;;1071;284;-23,144164;-64,333485;0,130470856
661261212;1421;370;79;35;172;84;1051;291;431;230;99;749;192;42;17;88;45;557;152;229;115;61;672;178;37;18;84;39;494;139;202;115;38;12;583;73;765;122;26;125;80;148;176;875;511;364;419;51;41;33;168;79;83;24;98;75;121;240;66;Salta;66126;Orán;661261212;;1421;382;-23,145642;-64,331143;0,150375659
661261011;1620;489;85;47;211;146;1131;332;505;215;79;817;248;43;30;100;75;569;155;250;111;53;803;241;42;17;111;71;562;177;255;104;26;12;494;135;991;98;17;104;122;139;205;926;476;450;416;40;20;41;201;128;143;33;146;136;225;348;66;Salta;66126;Orán;661261011;;1620;430;-23,144605;-64,3151;0,189835902
661261010;1207;416;86;27;166;137;791;317;359;93;22;603;216;48;13;86;69;387;144;188;42;13;604;200;38;14;80;68;404;173;171;51;9;14;323;56;828;21;5;23;73;39;165;626;304;322;280;13;11;21;157;115;136;44;147;141;228;340;66;Salta;66126;Orán;661261010;;1207;297;-23,146436;-64,31069;0,179969836
661261213;490;143;29;14;62;38;347;78;172;45;52;267;78;17;7;33;21;189;40;91;30;28;223;65;12;7;29;17;158;38;81;15;24;12;329;25;136;59;9;60;19;63;13;334;271;63;182;54;35;13;60;35;38;13;19;41;46;76;66;Salta;66126;Orán;661261213;;490;165;-23,152011;-64,328912;0,786061918
661261015;768;195;46;20;73;56;573;177;208;129;59;375;90;18;9;33;30;285;83;97;66;39;393;105;28;11;40;26;288;94;111;63;20;13;339;34;395;64;13;65;47;83;65;508;312;196;232;58;22;17;73;47;55;22;60;51;80;156;66;Salta;66126;Orán;661261015;;768;233;-23,145707;-64,324038;0,085478919
661261210;1055;408;79;46;161;122;647;211;328;82;26;515;190;40;20;74;56;325;112;159;38;16;540;218;39;26;87;66;322;99;169;44;10;13;228;46;781;31;5;33;46;53;104;543;266;277;233;24;9;42;152;97;121;21;104;91;164;232;66;Salta;66126;Orán;661261210;;1055;301;-23,150765;-64,334079;0,187258
661261009;1006;398;90;54;142;112;608;222;300;68;18;501;189;39;25;74;51;312;126;145;33;8;505;209;51;29;68;61;296;96;155;35;10;14;263;102;641;21;4;23;63;33;126;482;194;288;173;16;5;45;138;102;111;40;135;112;174;229;66;Salta;66126;Orán;661261009;;1006;269;-23,147167;-64,307752;0,17532637
661261014;659;162;27;19;77;39;497;137;200;101;59;344;76;11;13;32;20;268;72;109;56;31;315;86;16;6;45;19;229;65;91;45;28;4;247;50;362;70;22;77;43;87;74;423;246;177;200;32;14;15;72;33;38;18;52;45;70;123;66;Salta;66126;Orán;661261014;;659;194;-23,146025;-64,321348;0,072239906
661261101;1266;390;71;50;151;118;876;284;386;158;48;629;174;34;20;75;45;455;147;205;79;24;637;216;37;30;76;73;421;137;181;79;24;12;457;31;778;64;13;65;108;82;174;702;311;391;264;31;16;45;147;98;118;52;141;128;201;287;66;Salta;66126;Orán;661261101;;1266;329;-23,147035;-64,318929;0,106705115
661260208;701;317;83;44;135;55;384;183;174;22;5;340;144;43;16;56;29;196;100;84;11;1;361;173;40;28;79;26;188;83;90;11;4;7;114;25;562;6;1;6;25;12;63;321;115;206;106;8;1;37;135;48;55;21;116;57;116;155;66;Salta;66126;Orán;661260208;;701;188;-23,146417;-64,304689;0,078216988
661261102;1257;304;65;32;103;104;953;284;400;213;56;626;147;31;15;50;51;479;135;202;114;28;631;157;34;17;53;53;474;149;198;99;28;9;609;75;573;86;12;89;72;106;117;836;537;299;403;93;41;30;100;94;102;29;95;102;142;250;66;Salta;66126;Orán;661261102;;1257;393;-23,147278;-64,314701;0,161222361
661261214;1346;352;68;42;135;107;994;265;450;181;98;713;178;37;18;81;42;535;137;238;101;59;633;174;31;24;54;65;459;128;212;80;39;21;513;163;670;107;16;113;135;156;165;829;485;344;373;75;37;40;125;91;107;20;99;90;154;253;66;Salta;66126;Orán;661261214;;1346;404;-23,148352;-64,3233;0,159639774
661261211;1344;387;51;44;185;107;957;248;441;157;111;680;178;28;21;84;45;502;121;244;75;62;664;209;23;23;101;62;455;127;197;82;49;2;637;89;618;119;29;130;72;152;164;793;460;333;373;45;42;42;179;102;105;34;93;106;142;247;66;Salta;66126;Orán;661261211;;1344;405;-23,152105;-64,332353;0,241862584
661261103;1390;634;93;63;266;212;756;248;428;56;24;714;323;45;36;138;104;391;123;236;19;13;676;311;48;27;128;108;365;125;192;37;11;15;340;41;1009;18;3;19;114;33;168;588;221;367;209;10;2;49;256;186;211;44;145;177;264;338;66;Salta;66126;Orán;661261103;;1390;337;-23,149647;-64,313435;0,149010437
661261108;852;274;46;22;114;92;578;178;309;70;21;419;121;21;9;52;39;298;89;171;26;12;433;153;25;13;62;53;280;89;138;44;9;6;312;43;497;28;1;28;60;39;109;469;244;225;200;30;14;21;109;78;92;28;86;86;130;193;66;Salta;66126;Orán;661261108;;852;259;-23,152027;-64,319831;0,204009991
661261215;1247;315;52;42;117;104;932;250;438;157;87;667;166;28;20;62;56;501;129;239;87;46;580;149;24;22;55;48;431;121;199;70;41;8;491;55;701;111;18;115;104;139;143;789;445;344;361;56;28;38;116;95;102;36;102;102;151;238;66;Salta;66126;Orán;661261215;;1247;341;-23,150859;-64,323808;0,159994375
661261107;805;316;54;23;120;119;489;180;251;45;13;437;175;28;13;71;63;262;93;140;21;8;368;141;26;10;49;56;227;87;111;24;5;10;324;97;384;19;4;20;68;24;70;419;200;219;188;10;2;20;116;105;119;35;87;119;162;227;66;Salta;66126;Orán;661261107;;805;204;-23,150904;-64,316967;0,068559222
661261104;914;407;70;46;185;106;507;183;290;26;8;465;193;34;23;91;45;272;99;155;12;6;449;214;36;23;94;61;235;84;135;14;2;7;242;88;584;8;0;8;34;11;99;408;176;232;165;9;2;40;175;85;106;30;107;96;168;225;66;Salta;66126;Orán;661261104;;914;223;-23,151071;-64,313855;0,079035832
661261106;1052;395;60;42;175;118;657;205;365;71;16;539;198;30;18;88;62;341;106;198;33;4;513;197;30;24;87;56;316;99;167;38;12;9;413;63;576;19;1;19;83;25;57;600;340;260;273;48;19;37;169;107;118;20;89;106;160;252;66;Salta;66126;Orán;661261106;;1052;293;-23,153698;-64,316056;0,231216957
661261216;1192;353;62;42;159;90;839;228;365;171;75;636;198;32;23;88;55;438;119;189;96;34;556;155;30;19;71;35;401;109;176;75;41;9;581;67;544;103;17;106;125;125;151;688;393;295;307;51;35;36;156;76;87;29;79;89;128;224;66;Salta;66126;Orán;661261216;;1192;338;-23,153547;-64,324568;0,183928398
661261105;1203;522;119;68;207;128;681;222;396;46;17;596;238;52;30;95;61;358;117;209;23;9;607;284;67;38;112;67;323;105;187;23;8;13;312;66;825;14;3;16;87;28;138;543;247;296;225;13;9;57;198;109;125;45;139;120;182;233;66;Salta;66126;Orán;661261105;;1203;325;-23,154238;-64,312555;0,148726873
661260209;576;263;42;31;125;65;313;78;208;19;8;293;134;17;17;64;36;159;41;109;7;2;283;129;25;14;61;29;154;37;99;12;6;6;174;34;368;9;0;9;37;13;41;272;125;147;109;13;3;28;124;60;65;18;47;68;87;107;66;Salta;66126;Orán;661260209;;576;173;-23,156128;-64,311712;0,126184092
661261217;1185;462;71;47;212;132;723;185;427;87;24;611;224;35;20;107;62;387;90;236;46;15;574;238;36;27;105;70;336;95;191;41;9;16;648;73;464;34;5;36;56;44;54;669;476;193;374;58;44;42;209;124;131;15;66;103;138;219;66;Salta;66126;Orán;661261217;;1185;304;-23,156537;-64,324893;0,199000325
661261109;882;320;66;31;133;90;562;189;285;68;20;458;160;39;12;71;38;298;97;153;38;10;424;160;27;19;62;52;264;92;132;30;10;12;430;39;413;27;3;29;73;36;79;483;280;203;223;30;27;30;126;79;90;29;87;92;139;213;66;Salta;66126;Orán;661261109;;882;213;-23,156588;-64,320218;0,112589665
661261110;907;350;37;28;170;115;557;132;358;56;11;471;173;18;5;94;56;298;61;208;24;5;436;177;19;23;76;59;259;71;150;32;6;14;563;60;284;17;2;17;66;23;42;515;378;137;284;55;39;25;164;106;114;16;42;99;123;186;66;Salta;66126;Orán;661261110;;907;248;-23,158831;-64,322898;0,16677659
660560606;1248;588;132;68;249;139;660;259;309;63;29;613;304;61;36;136;71;309;119;147;26;17;635;284;71;32;113;68;351;140;162;37;12;11;163;62;1023;32;3;34;127;44;196;464;135;329;126;8;1;61;242;95;139;36;200;95;236;265;66;Salta;66056;General José de San Martín;660560606;;1248;317;-23,214396;-64,16204;84,88482404
661260210;351;110;23;14;39;34;241;61;96;57;27;181;58;10;6;23;19;123;28;52;29;14;170;52;13;8;16;15;118;33;44;28;13;5;70;11;270;35;10;36;57;48;79;162;74;88;64;9;1;13;39;32;34;8;22;31;41;69;66;Salta;66126;Orán;661260210;;351;146;-23,185852;-64,685669;1,006911001
661260501;7;2;0;1;0;1;5;1;2;2;0;2;0;0;0;0;0;2;0;1;1;0;5;2;0;1;0;1;3;1;1;1;0;0;3;1;3;1;0;1;1;2;3;2;1;1;1;0;0;0;0;0;1;0;1;0;1;1;66;Salta;66126;Orán;661260501;;7;3;-23,235393;-64,34854;56,77411007
660561702;1324;647;159;92;265;131;677;257;352;51;17;682;329;82;50;126;71;353;142;179;24;8;642;318;77;42;139;60;324;115;173;27;9;23;408;57;859;18;0;18;87;30;132;545;297;248;253;38;6;84;258;111;131;27;134;104;197;253;66;Salta;66056;General José de San Martín;660561702;;1324;371;-23,196982;-64,094397;0,483236148
660561703;1127;438;80;40;176;142;689;241;322;99;27;559;215;43;21;85;66;344;117;167;45;15;568;223;37;19;91;76;345;124;155;54;12;7;421;22;684;36;6;36;115;52;157;532;231;301;184;42;5;39;168;124;142;41;133;130;211;282;66;Salta;66056;General José de San Martín;660561703;;1127;279;-23,198539;-64,088023;0,252350534
661260502;255;95;17;11;33;34;160;43;101;12;4;131;44;8;4;18;14;87;20;57;6;4;124;51;9;7;15;20;73;23;44;6;0;3;161;8;86;4;2;5;12;5;7;153;106;47;78;24;4;10;32;33;34;9;15;35;39;61;66;Salta;66126;Orán;661260502;;255;68;-23,258683;-64,302487;86,0052435
660561701;1419;472;98;50;202;122;947;232;448;165;102;732;228;43;16;115;54;504;123;223;92;66;687;244;55;34;87;68;443;109;225;73;36;8;741;60;618;128;38;134;95;156;123;824;519;305;366;122;31;49;195;105;119;14;84;97;157;249;66;Salta;66056;General José de San Martín;660561701;;1419;413;-23,20161;-64,096209;0,420668667
660561704;1005;384;51;40;182;111;621;208;325;76;12;487;181;23;22;85;51;306;93;165;39;9;518;203;28;18;97;60;315;115;160;37;3;11;502;46;457;13;4;15;99;23;126;495;318;177;233;73;12;36;177;107;111;39;91;106;152;232;66;Salta;66056;General José de San Martín;660561704;;1005;262;-23,201342;-64,084962;0,121254755
660561801;878;357;88;37;125;107;521;193;237;65;26;438;167;40;19;62;46;271;107;124;29;11;440;190;48;18;63;61;250;86;113;36;15;6;183;26;669;27;1;27;88;40;230;291;121;170;102;14;5;33;116;78;107;45;131;99;177;224;66;Salta;66056;General José de San Martín;660561801;;878;227;-23,206882;-64,105147;0,991350447
660561706;836;266;57;26;110;73;570;193;244;107;26;422;127;23;17;54;33;295;108;127;48;12;414;139;34;9;56;40;275;85;117;59;14;3;307;19;510;32;4;33;78;55;131;439;249;190;221;26;2;22;106;69;71;19;62;77;110;196;66;Salta;66056;General José de San Martín;660561706;;836;218;-23,201087;-64,091028;0,124858447
660561710;1167;490;97;55;213;125;677;223;348;75;31;608;250;52;25;107;66;358;133;177;33;15;559;240;45;30;106;59;319;90;171;42;16;10;389;39;739;43;4;44;93;54;155;522;258;264;218;35;5;47;201;106;125;33;121;105;177;240;66;Salta;66056;General José de San Martín;660561710;;1167;320;-23,205573;-64,083537;0,512312758
660561705;833;283;51;24;133;75;550;211;242;72;25;391;125;25;7;62;31;266;99;123;34;10;442;158;26;17;71;44;284;112;119;38;15;0;278;20;535;31;0;31;66;47;131;419;186;233;155;29;2;23;129;67;73;33;120;85;151;220;66;Salta;66056;General José de San Martín;660561705;;833;231;-23,203382;-64,087296;0,115625296
660561707;1000;330;58;45;138;89;670;206;306;128;30;507;170;32;24;74;40;337;110;147;65;15;493;160;26;21;64;49;333;96;159;63;15;5;385;38;577;48;7;48;76;64;116;554;297;257;215;73;9;42;135;80;89;24;91;89;140;215;66;Salta;66056;General José de San Martín;660561707;;1000;279;-23,204234;-64,089818;0,162362817
660561802;626;255;62;25;106;62;371;154;153;47;17;288;118;31;12;41;34;170;65;72;22;11;338;137;31;13;65;28;201;89;81;25;6;3;169;8;449;18;2;18;89;27;139;232;92;140;84;7;1;22;94;50;59;24;94;60;115;158;66;Salta;66056;General José de San Martín;660561802;;626;162;-23,204106;-64,099323;0,128267739
660561709;707;187;37;19;70;61;520;137;231;96;56;356;84;13;6;33;32;272;72;123;48;29;351;103;24;13;37;29;248;65;108;48;27;7;421;16;270;63;13;67;30;74;40;480;343;137;220;94;29;19;68;58;61;13;36;58;77;141;66;Salta;66056;General José de San Martín;660561709;;707;234;-23,207361;-64,095102;0,216743001
660561708;759;214;36;26;91;61;545;124;243;118;60;415;110;20;11;44;35;305;64;138;62;41;344;104;16;15;47;26;240;60;105;56;19;5;439;20;300;72;14;76;44;88;54;491;335;156;221;94;20;25;89;56;59;14;34;65;83;144;66;Salta;66056;General José de San Martín;660561708;;759;240;-23,206795;-64,091503;0,17090836
660561803;506;118;21;11;52;34;388;79;168;99;42;266;59;14;4;22;19;207;38;89;53;27;240;59;7;7;30;15;181;41;79;46;15;3;330;8;168;63;17;67;19;75;20;368;285;83;169;89;27;11;50;31;33;9;16;33;41;72;66;Salta;66056;General José de San Martín;660561803;;506;176;-23,207855;-64,098996;0,142735379
660561711;1022;365;64;43;141;117;657;194;279;112;72;533;199;34;23;77;65;334;96;136;60;42;489;166;30;20;64;52;323;98;143;52;30;6;489;53;480;86;20;95;51;108;101;556;335;221;263;63;9;41;139;102;116;12;78;86;137;208;66;Salta;66056;General José de San Martín;660561711;;1022;285;-23,209655;-64,083741;0,489125468
660561804;588;166;33;23;71;39;422;85;191;90;56;325;89;17;15;37;20;236;45;108;47;36;263;77;16;8;34;19;186;40;83;43;20;6;396;11;181;65;11;65;23;80;31;391;303;88;177;83;43;20;70;37;38;7;15;37;43;85;66;Salta;66056;General José de San Martín;660561804;;588;198;-23,210457;-64,09619;0,18018039
660561805;620;158;34;14;58;52;462;102;207;96;57;320;77;19;7;29;22;243;54;114;47;28;300;81;15;7;29;30;219;48;93;49;29;6;357;24;239;76;12;78;35;96;50;412;297;115;186;75;36;13;58;47;52;9;26;39;51;97;66;Salta;66056;General José de San Martín;660561805;;620;188;-23,211708;-64,099044;0,147373941
660561806;607;182;35;12;77;58;425;93;201;83;48;332;95;17;2;41;35;237;54;106;47;30;275;87;18;10;36;23;188;39;95;36;18;4;332;9;266;54;16;60;28;72;53;372;261;111;182;58;21;12;75;52;56;11;24;44;58;108;66;Salta;66056;General José de San Martín;660561806;;607;179;-23,212049;-64,100935;0,140614504
660561810;1558;603;134;71;238;160;955;340;412;151;52;793;303;59;30;141;73;490;180;208;70;32;765;300;75;41;97;87;465;160;204;81;20;7;557;36;965;71;16;77;118;90;215;740;391;349;309;75;7;67;230;136;159;41;158;132;229;349;66;Salta;66056;General José de San Martín;660561810;;1558;403;-23,214041;-64,093569;0,501050829
661330208;192;57;7;6;33;11;135;30;62;32;11;78;27;5;3;12;7;51;17;16;14;4;114;30;2;3;21;4;84;13;46;18;7;2;43;7;142;14;0;14;33;21;62;73;15;58;7;5;3;6;21;6;11;10;24;12;26;30;66;Salta;66133;Rivadavia;661330208;;192;73;-23,363312;-62,80928;1068,196523
660561807;1154;468;84;55;193;136;686;228;319;109;30;579;235;41;33;91;70;344;108;167;56;13;575;233;43;22;102;66;342;120;152;53;17;13;481;13;660;41;4;42;76;56;110;576;284;292;210;68;6;52;186;119;135;37;124;129;203;269;66;Salta;66056;General José de San Martín;660561807;;1154;289;-23,213591;-64,103659;0,154694017
660560605;1610;719;151;91;268;209;891;330;387;140;34;797;357;69;45;131;112;440;161;192;67;20;813;362;82;46;137;97;451;169;195;73;14;23;295;22;1293;40;0;40;132;64;292;599;223;376;188;29;6;82;260;161;208;41;226;146;311;387;66;Salta;66056;General José de San Martín;660560605;;1610;387;-23,272003;-64,013323;165,217731
660561808;1412;626;118;69;279;160;786;258;393;94;41;729;314;55;41;136;82;415;141;211;40;23;683;312;63;28;143;78;371;117;182;54;18;9;484;47;881;44;5;46;112;63;154;632;302;330;246;44;12;65;275;146;158;46;141;152;220;302;66;Salta;66056;General José de San Martín;660561808;;1412;354;-23,21638;-64,101689;0,206456496
660561811;973;474;97;71;192;114;499;224;213;50;12;476;223;43;33;93;54;253;119;107;21;6;497;251;54;38;99;60;246;105;106;29;6;13;279;32;662;15;0;15;57;19;127;372;154;218;142;9;3;68;189;93;112;31;133;93;184;239;66;Salta;66056;General José de San Martín;660561811;;973;252;-23,218933;-64,093335;0,306922096
660561809;1026;388;91;35;157;105;638;244;256;117;21;522;179;41;22;65;51;343;126;147;58;12;504;209;50;13;92;54;295;118;109;59;9;5;384;15;627;31;3;32;68;46;117;521;279;242;213;60;6;34;152;91;105;30;119;102;182;262;66;Salta;66056;General José de San Martín;660561809;;1026;252;-23,218812;-64,09991;0,154088196
660560706;755;352;84;51;128;89;403;165;174;48;16;365;173;38;29;57;49;192;82;85;18;7;390;179;46;22;71;40;211;83;89;30;9;6;42;16;697;15;0;15;54;25;268;135;28;107;24;3;1;38;117;65;89;28;148;73;176;189;66;Salta;66056;General José de San Martín;660560706;;755;184;-23,21704;-63,563816;1,140342764
660560705;355;104;26;14;35;29;251;79;110;40;22;178;51;13;7;18;13;127;41;51;19;16;177;53;13;7;17;16;124;38;59;21;6;4;120;30;205;27;0;27;32;35;59;192;99;93;76;21;2;14;34;23;28;6;25;23;35;69;66;Salta;66056;General José de San Martín;660560705;;355;118;-23,213177;-63,567708;1,104905563
660560608;909;394;78;44;154;118;515;192;231;66;26;456;195;39;28;68;60;261;99;119;32;11;453;199;39;16;86;58;254;93;112;34;15;16;160;15;734;34;2;34;62;47;153;362;147;215;118;27;2;42;137;73;118;12;110;69;178;240;66;Salta;66056;General José de San Martín;660560608;;909;245;-23,218228;-63,842332;0,901757383
660560703;621;278;53;34;111;80;343;116;165;45;17;289;130;29;12;51;38;159;58;79;15;7;332;148;24;22;60;42;184;58;86;30;10;6;46;22;553;19;0;19;46;26;154;189;53;136;44;9;0;32;101;55;80;16;84;51;120;141;66;Salta;66056;General José de San Martín;660560703;;621;158;-23,261159;-63,696806;205,5585632
661260503;15;3;1;0;2;0;12;2;5;3;2;10;2;0;0;2;0;8;1;4;2;1;5;1;1;0;0;0;4;1;1;1;1;1;5;1;9;1;0;1;0;2;6;6;2;4;2;0;0;0;1;0;0;0;1;0;0;1;66;Salta;66126;Orán;661260503;;15;7;-23,280532;-64,255124;90,0745463
660560704;137;60;13;3;25;19;77;22;39;14;2;70;29;6;3;12;8;41;11;23;6;1;67;31;7;0;13;11;36;11;16;8;1;0;19;0;118;2;0;2;20;4;32;45;17;28;16;1;0;1;24;18;19;3;14;18;28;33;66;Salta;66056;General José de San Martín;660560704;;137;36;-23,298594;-63,787649;225,0843188
661330301;485;212;44;33;93;42;273;100;125;28;20;229;104;23;14;49;18;125;51;54;12;8;256;108;21;19;44;24;148;49;71;16;12;3;91;8;386;21;0;21;71;29;100;173;47;126;41;6;0;29;89;20;41;11;82;23;83;97;66;Salta;66133;Rivadavia;661330301;;485;146;-23,413837;-62,529492;1174,019873
661261301;1143;332;50;37;122;123;811;242;375;149;45;564;150;23;17;53;57;414;131;188;73;22;579;182;27;20;69;66;397;111;187;76;23;14;662;19;462;67;10;69;70;80;79;732;476;256;390;73;13;34;116;107;122;25;66;107;143;261;66;Salta;66126;Orán;661261301;;1143;317;-23,237784;-64,283122;0,196749001
661261304;667;155;30;17;58;50;512;104;216;105;87;355;83;17;9;30;27;272;48;110;63;51;312;72;13;8;28;23;240;56;106;42;36;6;409;37;221;103;33;104;34;114;36;476;319;157;227;75;17;17;58;48;49;11;25;49;54;103;66;Salta;66126;Orán;661261304;;667;212;-23,240674;-64,280844;0,13952674
661261303;757;192;34;18;74;66;565;152;227;138;48;382;90;16;6;38;30;292;67;122;72;31;375;102;18;12;36;36;273;85;105;66;17;10;466;19;272;59;13;61;50;71;43;522;361;161;260;84;17;17;71;62;64;18;40;66;79;144;66;Salta;66126;Orán;661261303;;757;212;-23,240457;-64,2823;0,112154738
660560710;294;146;28;18;68;32;148;53;73;14;8;149;68;10;8;34;16;81;29;41;4;7;145;78;18;10;34;16;67;24;32;10;1;1;37;1;256;5;0;5;18;12;33;115;44;71;31;11;2;14;58;26;32;2;33;22;43;57;66;Salta;66056;General José de San Martín;660560710;;294;70;-23,235486;-63,771562;0,422915211
661261302;972;261;49;31;108;73;711;173;301;170;67;508;142;25;20;59;38;366;90;148;96;32;464;119;24;11;49;35;345;83;153;74;35;15;511;19;442;124;16;127;74;144;83;628;341;287;257;66;18;30;101;70;72;29;71;83;108;181;66;Salta;66126;Orán;661261302;;972;248;-23,241213;-64,28556;0,11903193
661261305;1086;284;46;28;109;101;802;200;338;156;108;554;140;22;15;51;52;414;97;176;85;56;532;144;24;13;58;49;388;103;162;71;52;10;528;29;529;117;29;123;63;144;75;727;450;277;331;89;30;28;108;89;97;33;58;101;120;217;66;Salta;66126;Orán;661261305;;1086;321;-23,242745;-64,279463;0,275315215
660560711;318;131;31;11;45;44;187;75;85;22;5;163;67;19;4;23;21;96;38;46;10;2;155;64;12;7;22;23;91;37;39;12;3;1;22;2;294;7;0;7;39;10;41;146;56;90;46;9;1;9;34;31;44;16;40;36;60;79;66;Salta;66056;General José de San Martín;660560711;;318;72;-23,236287;-63,767393;0,3475113
661261306;1218;321;58;32;129;102;897;255;363;171;108;646;165;33;15;64;53;481;138;188;90;65;572;156;25;17;65;49;416;117;175;81;43;12;640;53;525;127;29;131;66;145;107;790;492;298;351;98;43;32;127;93;101;34;84;118;155;258;66;Salta;66126;Orán;661261306;;1218;388;-23,244782;-64,276328;0,36096227
661261308;1070;306;50;46;125;85;764;190;343;153;78;527;144;24;19;66;35;383;102;167;75;39;543;162;26;27;59;50;381;88;176;78;39;13;497;26;547;92;16;94;68;117;154;610;325;285;258;43;24;43;121;79;85;20;77;74;114;178;66;Salta;66126;Orán;661261308;;1070;331;-23,246792;-64,269405;0,646565722
661261311;1320;533;88;58;225;162;787;287;421;61;18;675;262;47;27;107;81;413;149;224;33;7;645;271;41;31;118;81;374;138;197;28;11;14;592;31;697;19;1;19;101;28;77;710;410;300;366;35;9;56;221;148;159;42;117;153;210;337;66;Salta;66126;Orán;661261311;;1320;334;-23,246013;-64,283384;0,161893856
661261307;1310;417;82;51;159;125;893;226;420;151;96;653;195;43;24;69;59;458;114;201;85;58;657;222;39;27;90;66;435;112;219;66;38;19;661;42;607;111;28;117;104;142;148;745;415;330;332;51;32;47;149;113;125;38;96;123;163;232;66;Salta;66126;Orán;661261307;;1310;390;-23,24762;-64,273593;0,249763059
661261310;1278;511;82;49;212;168;767;239;418;93;17;658;266;47;29;118;72;392;123;229;37;3;620;245;35;20;94;96;375;116;189;56;14;14;622;23;633;20;0;20;93;38;84;683;413;270;348;55;10;42;207;152;165;38;95;147;186;294;66;Salta;66126;Orán;661261310;;1278;336;-23,249201;-64,279027;0,168143155
661261309;1065;417;70;29;189;129;648;212;352;62;22;531;197;37;11;92;57;334;105;193;26;10;534;220;33;18;97;72;314;107;159;36;12;15;491;10;564;27;1;28;85;36;69;579;314;265;256;43;15;29;189;118;125;38;98;130;172;248;66;Salta;66126;Orán;661261309;;1065;290;-23,252209;-64,274491;0,17021505
661260601;529;210;46;33;82;49;319;105;156;42;16;248;106;24;12;43;27;142;55;64;16;7;281;104;22;21;39;22;177;50;92;26;9;10;164;16;349;19;2;19;39;29;102;217;73;144;56;3;14;28;68;31;49;23;74;42;93;112;66;Salta;66126;Orán;661260601;;529;148;-23,326908;-64,202666;186,0185489
661260505;278;94;12;5;40;37;184;53;97;28;6;150;55;7;2;22;24;95;30;52;11;2;128;39;5;3;18;13;89;23;45;17;4;2;217;3;58;5;1;5;7;8;23;161;93;68;72;10;11;5;39;33;37;11;25;37;49;73;66;Salta;66126;Orán;661260505;;278;76;-23,25634;-64,24376;0,880474213
660560702;219;82;14;17;29;22;137;46;62;20;9;108;40;9;8;16;7;68;24;31;9;4;111;42;5;9;13;15;69;22;31;11;5;2;12;0;207;6;0;6;12;14;88;49;7;42;6;1;0;15;29;15;22;7;43;20;46;47;66;Salta;66056;General José de San Martín;660560702;;219;68;-23,399553;-63,409044;957,8436703
661260504;391;132;20;14;67;31;259;47;159;42;11;201;59;10;5;27;17;142;30;89;18;5;190;73;10;9;40;14;117;17;70;24;6;6;306;7;78;12;2;13;17;23;50;209;170;39;83;34;53;14;60;28;31;10;20;38;43;65;66;Salta;66126;Orán;661260504;;391;119;-23,254255;-64,246764;0,417343902
660560708;628;233;57;32;89;55;395;129;177;65;24;334;126;34;15;45;32;208;71;93;29;15;294;107;23;17;44;23;187;58;84;36;9;4;160;14;454;38;2;38;35;46;138;257;133;124;99;28;6;28;84;36;55;21;78;45;99;132;66;Salta;66056;General José de San Martín;660560708;;628;192;-23,248213;-63,342916;0,484876306
660560709;554;170;32;14;74;50;384;109;158;78;39;277;90;21;8;40;21;187;43;87;39;18;277;80;11;6;34;29;197;66;71;39;21;1;237;11;306;46;1;46;43;55;83;301;140;161;95;36;9;14;72;46;50;17;51;51;79;116;66;Salta;66056;General José de San Martín;660560709;;554;180;-23,24897;-63,337046;0,309885204
660560712;930;389;88;38;150;113;541;207;268;50;16;461;203;50;19;74;60;258;86;145;18;9;469;186;38;19;76;53;283;121;123;32;7;3;137;10;783;13;1;13;45;29;141;400;175;225;158;14;3;37;142;86;110;20;125;83;177;237;66;Salta;66056;General José de San Martín;660560712;;930;227;-23,260776;-63,739302;0,781304983
660560707;1050;504;135;66;194;109;546;229;239;62;16;541;266;66;35;99;66;275;124;117;26;8;509;238;69;31;95;43;271;105;122;36;8;5;76;6;968;13;0;13;67;38;288;258;73;185;60;9;4;51;160;60;106;23;192;66;214;235;66;Salta;66056;General José de San Martín;660560707;;1050;290;-23,253666;-63,341691;0,951660473
661260401;358;137;29;11;68;29;221;67;114;23;17;168;68;12;7;35;14;100;33;49;10;8;190;69;17;4;33;15;121;34;65;13;9;6;108;3;247;17;1;17;20;25;62;159;55;104;43;8;4;9;57;19;29;11;43;21;50;66;66;Salta;66126;Orán;661260401;;358;95;-23,322261;-64,410063;67,57922953
661260301;658;308;56;38;138;76;350;110;213;18;9;318;141;23;13;65;40;177;57;109;8;3;340;167;33;25;73;36;173;53;104;10;6;17;247;17;394;10;2;10;20;15;58;292;114;178;107;5;2;33;133;64;75;10;59;54;88;118;66;Salta;66126;Orán;661260301;;658;167;-23,454274;-64,583814;804,1964556
661261401;386;124;26;14;45;39;262;96;109;43;14;167;60;13;8;17;22;107;41;49;14;3;219;64;13;6;28;17;155;55;60;29;11;1;68;4;314;18;2;19;40;26;81;181;88;93;79;4;5;14;42;36;38;10;45;33;59;93;66;Salta;66126;Orán;661261401;;386;118;-23,303296;-64,222223;1,036214015
661260602;144;46;10;4;22;10;98;20;48;19;11;59;19;3;2;10;4;40;8;20;8;4;85;27;7;2;12;6;58;12;28;11;7;0;29;1;114;14;0;14;20;18;50;48;14;34;12;2;0;4;16;8;10;3;15;9;15;20;66;Salta;66126;Orán;661260602;;144;49;-23,36325;-64,095488;148,6336464
661260603;577;162;35;23;64;40;415;99;155;91;70;241;72;17;10;27;18;169;38;72;30;29;336;90;18;13;37;22;246;61;83;61;41;6;219;12;346;84;1;84;41;98;138;277;59;218;53;2;4;20;53;25;39;12;65;29;73;104;66;Salta;66126;Orán;661260603;;577;191;-23,553937;-63,672282;1917,20047
661261405;1177;587;127;69;257;134;590;243;283;47;17;582;275;57;27;130;61;307;131;142;24;10;595;312;70;42;127;73;283;112;141;23;7;24;189;28;960;13;0;13;85;25;137;453;149;304;139;4;6;62;236;103;134;26;161;101;207;254;66;Salta;66126;Orán;661261405;;1177;263;-23,309505;-64,207644;0,947931352
661261403;836;285;55;39;95;96;551;184;251;80;36;412;132;24;14;50;44;280;95;134;31;20;424;153;31;25;45;52;271;89;117;49;16;5;259;69;508;42;5;46;62;59;110;441;186;255;161;17;8;35;89;79;94;12;91;71;135;198;66;Salta;66126;Orán;661261403;;836;188;-23,309768;-64,217401;0,188007813
661261402;1282;353;80;36;136;101;929;242;413;183;91;642;163;40;20;56;47;479;118;212;98;51;640;190;40;16;80;54;450;124;201;85;40;15;669;31;582;133;21;136;73;165;166;763;414;349;325;75;14;33;131;90;101;20;104;84;147;235;66;Salta;66126;Orán;661261402;;1282;348;-23,314236;-64,225274;0,651091546
661261404;1190;509;90;58;219;142;681;263;314;65;39;568;234;37;28;105;64;334;131;148;35;20;622;275;53;30;114;78;347;132;166;30;19;13;190;36;964;40;2;40;68;55;168;513;181;332;170;10;1;51;206;115;140;33;156;126;228;304;66;Salta;66126;Orán;661261404;;1190;257;-23,311945;-64,216001;0,151779612
661261406;1690;804;147;85;336;236;886;364;436;67;19;840;396;75;40;169;112;444;180;220;36;8;850;408;72;45;167;124;442;184;216;31;11;14;305;61;1324;19;1;20;179;26;220;666;195;471;182;11;2;77;317;186;236;27;245;161;372;469;66;Salta;66126;Orán;661261406;;1690;353;-23,315576;-64,204481;0,14823546
661261410;1198;480;104;72;181;123;718;285;284;109;40;613;236;48;37;88;63;377;146;147;64;20;585;244;56;35;93;60;341;139;137;45;20;23;274;21;903;43;10;46;66;61;178;540;222;318;195;19;8;66;174;100;123;34;163;110;216;295;66;Salta;66126;Orán;661261410;;1198;252;-23,314132;-64,219886;0,10489164
661261408;1378;597;108;80;258;151;781;349;339;76;17;713;310;52;40;145;73;403;182;179;35;7;665;287;56;40;113;78;378;167;160;41;10;23;220;63;1095;22;4;23;95;34;215;566;223;343;201;20;2;64;236;116;149;41;207;119;267;365;66;Salta;66126;Orán;661261408;;1378;292;-23,317506;-64,214839;0,790798662
661261409;767;317;68;41;126;82;450;172;187;60;31;374;150;31;15;62;42;224;85;96;24;19;393;167;37;26;64;40;226;87;91;36;12;8;207;20;540;28;2;30;123;50;133;317;119;198;103;12;4;37;124;68;79;12;112;64;134;182;66;Salta;66126;Orán;661261409;;767;161;-23,315518;-64,218549;0,087446848
661261407;903;462;111;75;183;93;441;213;182;39;7;441;218;53;33;93;39;223;128;82;11;2;462;244;58;42;90;54;218;85;100;28;5;13;120;23;760;7;0;7;35;14;103;338;125;213;117;6;2;65;180;83;93;20;130;81;156;199;66;Salta;66126;Orán;661261407;;903;235;-23,316262;-64,207542;0,30579974
661330310;580;268;55;31;123;59;312;115;148;29;20;283;130;27;13;59;31;153;64;69;12;8;297;138;28;18;64;28;159;51;79;17;12;6;81;4;495;24;0;24;61;29;177;135;34;101;32;1;1;28;116;37;59;12;96;42;120;138;66;Salta;66133;Rivadavia;661330310;;580;145;-23,489118;-63,200872;555,8649704
661261411;1396;564;113;64;217;170;832;332;388;88;24;692;269;52;31;104;82;423;166;203;41;13;704;295;61;33;113;88;409;166;185;47;11;32;362;35;999;31;5;31;102;38;196;636;269;367;241;19;9;56;194;132;168;36;175;135;261;385;66;Salta;66126;Orán;661261411;;1396;318;-23,319196;-64,221866;0,122928343
661261412;1100;309;67;28;124;90;791;199;344;167;81;522;132;33;11;56;32;390;93;170;83;44;578;177;34;17;68;58;401;106;174;84;37;10;541;41;518;96;14;98;86;130;130;661;378;283;284;69;25;27;123;78;87;15;65;78;119;216;66;Salta;66126;Orán;661261412;;1100;323;-23,319598;-64,224827;0,280158017
661261501;850;400;87;50;173;90;450;155;258;31;6;435;201;46;27;90;38;234;85;133;14;2;415;199;41;23;83;52;216;70;125;17;4;11;279;17;554;12;3;12;52;14;104;346;159;187;139;12;8;43;166;79;89;12;73;70;114;158;66;Salta;66126;Orán;661261501;;850;241;-23,320456;-64,233144;0,164876344
661261413;1252;370;82;34;143;111;882;317;352;152;61;615;184;42;15;78;49;431;143;179;71;38;637;186;40;19;65;62;451;174;173;81;23;13;459;24;769;72;10;76;102;101;244;638;277;361;240;25;12;27;136;84;109;48;152;108;192;296;66;Salta;66126;Orán;661261413;;1252;329;-23,320372;-64,229367;0,182322981
661260406;613;241;56;31;96;58;372;143;172;50;7;309;121;20;20;53;28;188;70;88;28;2;304;120;36;11;43;30;184;73;84;22;5;14;109;41;463;12;0;12;45;24;101;271;109;162;86;16;7;23;91;47;57;20;97;55;112;150;66;Salta;66126;Orán;661260406;;613;151;-23,372871;-64,359435;88,32382211
661261506;1099;356;84;23;150;99;743;205;343;126;69;543;168;40;9;64;55;375;100;178;61;36;556;188;44;14;86;44;368;105;165;65;33;13;569;12;518;77;19;82;61;102;145;598;323;275;253;58;12;20;141;91;99;15;75;86;134;225;66;Salta;66126;Orán;661261506;;1099;313;-23,323744;-64,220986;0,286956962
661261502;651;238;43;24;111;60;413;160;196;30;27;317;114;28;12;46;28;203;82;93;16;12;334;124;15;12;65;32;210;78;103;14;15;7;197;21;433;29;2;29;26;35;97;316;159;157;135;17;7;23;109;54;59;24;70;65;97;160;66;Salta;66126;Orán;661261502;;651;184;-23,324777;-64,234154;0,461776645
661261503;1238;393;73;41;159;120;845;251;367;155;72;630;198;36;23;78;61;432;133;186;72;41;608;195;37;18;81;59;413;118;181;83;31;13;525;34;679;90;24;97;99;119;183;662;331;331;268;56;7;38;150;102;119;25;100;107;169;264;66;Salta;66126;Orán;661261503;;1238;375;-23,325906;-64,228882;0,389763455
661261507;858;213;38;19;80;76;645;204;310;101;30;422;95;16;7;37;35;327;97;166;49;15;436;118;22;12;43;41;318;107;144;52;15;3;521;21;316;39;9;43;38;48;57;588;359;229;265;82;12;17;79;70;75;31;66;86;110;211;66;Salta;66126;Orán;661261507;;858;231;-23,325318;-64,215856;0,25835383
661261504;699;196;44;19;73;60;503;134;204;101;64;351;100;27;13;32;28;251;66;96;52;37;348;96;17;6;41;32;252;68;108;49;27;11;300;60;339;81;19;84;43;101;86;417;232;185;185;37;10;19;69;57;59;23;45;60;77;142;66;Salta;66126;Orán;661261504;;699;224;-23,327769;-64,226475;0,176247853
661261505;805;200;29;15;92;64;605;155;282;131;37;403;100;16;9;48;27;303;79;134;69;21;402;100;13;6;44;37;302;76;148;62;16;4;421;17;367;51;6;55;46;73;76;529;339;190;249;74;16;15;88;62;64;9;35;61;80;164;66;Salta;66126;Orán;661261505;;805;234;-23,327789;-64,222641;0,152460024
661261509;749;254;59;25;101;69;495;168;216;88;23;368;112;21;12;46;33;256;90;110;47;9;381;142;38;13;55;36;239;78;106;41;14;9;257;12;480;23;1;24;57;43;105;390;175;215;152;18;5;22;98;59;68;15;80;55;108;175;66;Salta;66126;Orán;661261509;;749;198;-23,327795;-64,219045;0,128653647
661261508;887;357;62;31;159;105;530;190;292;41;7;453;166;24;18;79;45;287;110;153;20;4;434;191;38;13;80;60;243;80;139;21;3;14;407;99;381;13;3;13;56;16;94;436;253;183;198;47;8;27;148;86;102;16;71;85;131;210;66;Salta;66126;Orán;661261508;;887;262;-23,33093;-64,217987;0,284720695
661261511;752;238;50;18;92;78;514;167;235;82;30;377;112;26;8;44;34;265;79;129;40;17;375;126;24;10;48;44;249;88;106;42;13;7;346;67;339;45;9;48;55;52;84;430;245;185;193;43;9;18;89;66;76;27;69;75;106;166;66;Salta;66126;Orán;661261511;;752;191;-23,330786;-64,223191;0,104420153
661261510;784;232;39;24;86;83;552;195;234;93;30;398;115;21;11;42;41;283;90;124;54;15;386;117;18;13;44;42;269;105;110;39;15;3;334;50;400;39;7;42;81;49;106;446;216;230;188;25;3;22;83;73;83;33;88;89;136;215;66;Salta;66126;Orán;661261510;;784;211;-23,330887;-64,219522;0,114155221
661261512;633;175;21;17;74;63;458;142;196;89;31;304;98;13;11;41;33;206;60;94;35;17;329;77;8;6;33;30;252;82;102;54;14;2;297;37;299;32;6;35;48;46;125;333;149;184;123;22;4;17;73;55;62;29;68;71;106;160;66;Salta;66126;Orán;661261512;;633;199;-23,330414;-64,227802;0,110352729
661261513;906;399;73;47;155;124;507;161;311;26;9;480;211;40;22;84;65;269;92;163;9;5;426;188;33;25;71;59;238;69;148;17;4;7;342;32;532;10;0;10;43;14;97;410;174;236;149;22;3;42;147;107;122;28;96;105;164;207;66;Salta;66126;Orán;661261513;;906;278;-23,331803;-64,228858;0,124118071
661261515;1220;553;152;79;210;112;667;330;304;27;6;601;264;65;44;99;56;337;182;146;5;4;619;289;87;35;111;56;330;148;158;22;2;13;301;44;875;9;0;9;45;14;110;557;260;297;232;24;4;72;201;92;111;54;176;106;190;284;66;Salta;66126;Orán;661261515;;1220;380;-23,334682;-64,231382;0,254657828
661261514;1111;489;104;38;230;117;622;238;322;43;19;582;259;55;11;135;58;323;129;169;16;9;529;230;49;27;95;59;299;109;153;27;10;7;351;38;722;20;1;20;40;29;145;477;214;263;186;23;5;34;229;108;117;27;125;107;165;244;66;Salta;66126;Orán;661261514;;1111;321;-23,333907;-64,226408;0,15481422
661260605;231;61;16;13;20;12;170;45;73;36;16;99;28;7;6;9;6;71;20;28;13;10;132;33;9;7;11;6;99;25;45;23;6;4;90;4;137;23;0;23;18;31;56;114;40;74;28;7;5;11;17;9;10;5;28;12;29;39;66;Salta;66126;Orán;661260605;;231;83;-23,566167;-64,169985;534,9418457
661260402;485;192;39;18;91;44;293;84;160;34;15;221;101;20;9;46;26;120;33;72;10;5;264;91;19;9;45;18;173;51;88;24;10;13;64;7;414;15;0;15;21;24;127;166;56;110;51;2;3;17;74;22;44;7;57;19;66;87;66;Salta;66126;Orán;661260402;;485;130;-23,385772;-64,463548;13,06537936
661260410;921;425;86;49;164;126;496;208;216;52;20;468;219;51;28;79;61;249;110;102;27;10;453;206;35;21;85;65;247;98;114;25;10;26;74;16;831;25;3;27;64;32;199;297;56;241;50;3;3;40;147;77;126;32;183;85;235;252;66;Salta;66126;Orán;661260410;;921;185;-23,373733;-64,427314;0,453273954
661260408;781;304;63;32;113;96;477;208;196;55;18;373;149;20;17;57;55;224;102;89;24;9;408;155;43;15;56;41;253;106;107;31;9;15;101;18;662;17;1;17;47;28;187;290;98;192;89;5;4;24;100;60;96;23;143;64;180;227;66;Salta;66126;Orán;661260408;;781;192;-23,382563;-64,428037;0,10677266
661260409;1136;476;101;61;190;124;660;273;268;93;26;540;224;51;33;82;58;316;128;132;43;13;596;252;50;28;108;66;344;145;136;50;13;22;169;13;954;32;2;33;106;51;210;450;183;267;166;9;8;43;173;89;123;34;176;94;222;286;66;Salta;66126;Orán;661260409;;1136;263;-23,382925;-64,425259;0,15142602
661260403;463;183;41;16;78;48;280;77;152;42;9;238;89;20;5;41;23;149;41;85;19;4;225;94;21;11;37;25;131;36;67;23;5;15;178;45;240;13;2;13;32;16;50;230;140;90;104;22;14;13;71;39;45;3;24;34;52;92;66;Salta;66126;Orán;661260403;;463;125;-23,396967;-64,441996;3,738290234
661330211;301;105;24;9;45;27;196;47;91;33;25;160;65;14;6;29;16;95;28;41;14;12;141;40;10;3;16;11;101;19;50;19;13;2;99;11;191;25;1;26;34;30;56;140;66;74;41;23;2;8;45;20;27;1;23;15;33;49;66;Salta;66133;Rivadavia;661330211;;301;92;-23,372278;-63,095341;1,345651038
661261603;1354;482;92;59;184;147;872;323;377;125;47;672;236;55;23;89;69;436;152;207;56;21;682;246;37;36;95;78;436;171;170;69;26;15;315;50;989;60;2;61;123;77;252;620;261;359;237;20;4;42;167;121;146;44;185;134;246;347;66;Salta;66126;Orán;661261603;;1354;320;-23,390243;-64,421911;0,169849076
661261601;891;288;56;28;125;79;603;199;255;89;60;433;127;20;14;63;30;306;103;120;48;35;458;161;36;14;62;49;297;96;135;41;25;6;305;27;559;65;7;66;47;80;144;459;255;204;208;43;4;24;119;74;78;30;88;82;123;206;66;Salta;66126;Orán;661261601;;891;245;-23,391344;-64,427138;0,16659822
661261602;784;229;38;38;86;67;555;160;247;111;37;388;101;16;17;37;31;287;78;132;54;23;396;128;22;21;49;36;268;82;115;57;14;5;216;34;534;49;5;51;52;65;130;425;255;170;220;33;2;34;84;59;64;15;62;59;91;164;66;Salta;66126;Orán;661261602;;784;240;-23,392091;-64,425025;0,116466483
661261604;1104;513;107;43;219;144;591;236;286;47;22;553;258;48;25;112;73;295;120;143;23;9;551;255;59;18;107;71;296;116;143;24;13;16;113;35;956;27;2;27;100;39;232;359;102;257;96;5;1;27;198;108;143;44;174;121;227;277;66;Salta;66126;Orán;661261604;;1104;279;-23,391067;-64,419265;0,094067323
661260604;192;65;17;9;21;18;127;41;57;14;15;87;36;9;7;14;6;51;20;18;3;10;105;29;8;2;7;12;76;21;39;11;5;6;74;13;105;15;0;15;12;20;55;72;22;50;20;1;1;9;18;9;18;7;29;14;32;40;66;Salta;66126;Orán;661260604;;192;64;-23,597756;-63,958132;1177,851182
661261614;653;168;32;13;78;45;485;134;220;90;41;343;98;19;5;50;24;245;66;113;41;25;310;70;13;8;28;21;240;68;107;49;16;6;227;9;417;50;3;51;20;62;108;377;221;156;182;34;5;12;71;40;44;8;39;38;53;111;66;Salta;66126;Orán;661261614;;653;196;-23,393924;-64,430684;0,105335511
661261605;952;357;60;31;168;98;595;210;288;62;35;474;164;25;13;86;40;310;104;150;39;17;478;193;35;18;82;58;285;106;138;23;18;10;254;4;694;45;2;45;40;55;146;449;218;231;193;25;0;23;159;83;96;32;114;88;155;226;66;Salta;66126;Orán;661261605;;952;239;-23,393864;-64,419457;0,23410612
661261613;593;171;45;18;63;45;422;104;183;92;43;296;85;21;13;28;23;211;51;92;48;20;297;86;24;5;35;22;211;53;91;44;23;6;261;17;315;55;2;56;33;72;85;337;225;112;161;47;17;15;51;34;45;1;29;28;54;95;66;Salta;66126;Orán;661261613;;593;179;-23,396984;-64,429953;0,271114217
661260405;888;402;119;57;158;68;486;222;216;39;9;444;201;67;30;71;33;243;111;106;19;7;444;201;52;27;87;35;243;111;110;20;2;33;94;26;768;11;0;11;134;16;135;351;126;225;111;4;11;46;147;51;68;25;152;60;153;198;66;Salta;66126;Orán;661260405;;888;231;-23,440762;-64,402425;58,09526162
661261607;983;347;55;31;157;104;636;201;297;94;44;508;160;25;16;72;47;348;107;168;46;27;475;187;30;15;85;57;288;94;129;48;17;7;331;33;619;56;6;56;49;73;168;468;252;216;186;47;19;23;145;81;104;30;105;93;161;223;66;Salta;66126;Orán;661261607;;983;289;-23,396637;-64,42382;0,256675429
661261606;1398;511;100;56;211;144;887;352;359;135;41;685;245;43;36;95;71;440;167;181;71;21;713;266;57;20;116;73;447;185;178;64;20;11;314;35;1049;55;12;56;125;72;268;619;253;366;231;17;5;46;208;122;143;64;205;144;251;343;66;Salta;66126;Orán;661261606;;1398;315;-23,396678;-64,417063;0,259566511
661260407;127;43;7;9;19;8;84;38;27;14;5;56;18;4;4;7;3;38;21;9;5;3;71;25;3;5;12;5;46;17;18;9;2;5;19;11;97;5;0;5;13;9;33;51;15;36;13;1;1;7;17;6;8;5;30;9;21;25;66;Salta;66126;Orán;661260407;;127;34;-23,448427;-64,333593;51,62074641
661261608;952;265;54;39;110;62;687;172;307;124;84;494;140;28;20;59;33;354;88;155;65;46;458;125;26;19;51;29;333;84;152;59;38;5;330;80;542;110;14;110;52;128;115;572;319;253;236;65;18;35;101;53;62;24;84;68;118;177;66;Salta;66126;Orán;661261608;;952;308;-23,400492;-64,426783;0,396000921
661261612;766;248;48;30;98;72;518;169;271;63;15;403;140;26;19;54;41;263;76;155;23;9;363;108;22;11;44;31;255;93;116;40;6;7;387;22;357;20;3;20;45;26;66;452;304;148;226;69;9;24;88;64;71;13;57;67;100;182;66;Salta;66126;Orán;661261612;;766;201;-23,402445;-64,433113;0,285780926
661330308;297;92;15;11;40;26;205;57;91;39;18;124;37;6;5;17;9;87;24;38;17;8;173;55;9;6;23;17;118;33;53;22;10;4;44;5;248;21;3;22;53;27;61;144;25;119;20;3;2;11;39;12;26;2;49;10;59;63;66;Salta;66133;Rivadavia;661330308;;297;106;-23,56546;-62,99669;701,6084761
661260404;164;58;15;8;25;10;106;46;44;16;0;65;22;7;3;9;3;43;15;22;6;0;99;36;8;5;16;7;63;31;22;10;0;2;27;13;124;0;0;0;8;1;30;76;30;46;26;1;3;8;22;5;10;2;31;2;30;42;66;Salta;66126;Orán;661260404;;164;41;-23,434251;-64,453597;27,23113351
661261610;1043;301;56;29;119;97;742;187;365;151;39;536;148;29;13;53;53;388;100;190;80;18;507;153;27;16;66;44;354;87;175;71;21;9;400;40;603;70;7;71;84;99;144;598;321;277;260;47;14;28;115;87;95;24;78;89;131;201;66;Salta;66126;Orán;661261610;;1043;301;-23,404249;-64,425504;0,163789535
661261611;982;276;58;22;104;92;706;225;337;121;23;491;119;23;10;45;41;372;116;184;60;12;491;157;35;12;59;51;334;109;153;61;11;13;502;30;450;35;6;37;54;48;99;607;389;218;293;83;13;20;102;87;89;30;68;91;118;221;66;Salta;66126;Orán;661261611;;982;265;-23,404995;-64,429231;0,168727529
661261609;1136;483;111;64;184;124;653;266;303;63;21;565;217;53;31;78;55;348;144;160;31;13;571;266;58;33;106;69;305;122;143;32;8;20;251;51;834;24;0;24;65;38;215;438;196;242;178;13;5;47;176;98;124;42;159;108;207;277;66;Salta;66126;Orán;661261609;;1136;317;-23,405051;-64,422365;0,131894387
660910102;128;47;10;6;18;13;81;34;39;5;3;71;27;5;4;8;10;44;19;21;1;3;57;20;5;2;10;3;37;15;18;4;0;1;52;2;74;2;1;2;12;3;16;65;32;33;26;6;0;5;18;12;12;5;9;13;16;36;66;Salta;66091;La Poma;660910102;;128;34;-23,632098;-66,122376;765,8327492
661330302;441;176;43;20;61;52;265;90;115;40;20;207;77;18;9;29;21;130;46;55;19;10;234;99;25;11;32;31;135;44;60;21;10;8;107;8;326;16;1;16;51;29;112;153;43;110;32;7;4;19;58;35;52;21;70;43;86;101;66;Salta;66133;Rivadavia;661330302;;441;148;-23,587201;-62,438248;540,1159562
661330501;463;193;39;15;83;56;270;87;144;28;11;233;82;17;7;33;25;151;47;82;16;6;230;111;22;8;50;31;119;40;62;12;5;6;205;9;249;12;1;12;33;16;45;225;151;74;91;49;11;12;81;54;56;16;37;59;73;104;66;Salta;66133;Rivadavia;661330501;;463;141;-23,463999;-62,890818;0,416601073
661330502;620;290;64;22;120;84;330;145;150;25;10;303;139;25;9;62;43;164;73;77;11;3;317;151;39;13;58;41;166;72;73;14;7;15;121;12;487;10;1;10;49;19;106;224;95;129;66;27;2;21;117;67;84;25;95;77;140;174;66;Salta;66133;Rivadavia;661330502;;620;164;-23,467869;-62,88137;0,295184171
661330504;906;289;49;34;122;84;617;183;283;110;41;464;140;28;15;62;35;324;102;139;59;24;442;149;21;19;60;49;293;81;144;51;17;14;477;23;406;59;10;65;84;81;102;515;312;203;193;96;23;29;120;76;83;39;74;102;127;191;66;Salta;66133;Rivadavia;661330504;;906;280;-23,46767;-62,889073;0,400955054
661330503;1038;305;62;23;125;95;733;258;306;119;50;509;150;27;10;67;46;359;117;164;53;25;529;155;35;13;58;49;374;141;142;66;25;13;377;54;607;58;8;61;126;79;129;604;318;286;217;86;15;21;121;87;95;34;110;100;154;248;66;Salta;66133;Rivadavia;661330503;;1038;310;-23,471484;-62,883603;0,422599084
661330506;496;169;36;21;69;43;327;102;162;40;23;251;73;16;10;30;17;178;52;93;22;11;245;96;20;11;39;26;149;50;69;18;12;5;200;27;269;21;2;22;70;36;61;266;125;141;85;35;5;18;68;39;43;24;60;54;84;118;66;Salta;66133;Rivadavia;661330506;;496;157;-23,472518;-62,894051;0,315199344
661330505;353;109;14;15;52;28;244;61;109;47;27;179;50;5;6;29;10;129;34;56;24;15;174;59;9;9;23;18;115;27;53;23;12;5;163;19;171;30;6;31;44;42;36;208;123;85;73;39;11;14;46;23;28;9;21;26;37;62;66;Salta;66133;Rivadavia;661330505;;353;117;-23,471465;-62,891077;0,246280147
661330507;246;89;24;11;38;16;157;52;70;21;14;117;40;10;7;15;8;77;31;33;7;6;129;49;14;4;23;8;80;21;37;14;8;7;90;10;146;16;4;16;21;20;28;129;68;61;45;20;3;10;38;12;16;9;21;16;23;35;66;Salta;66133;Rivadavia;661330507;;246;85;-23,475395;-62,886132;0,318062526
661330509;449;199;28;29;82;60;250;93;128;15;14;225;102;12;17;38;35;123;43;65;6;9;224;97;16;12;44;25;127;50;63;9;5;5;98;12;339;14;1;14;43;20;82;168;58;110;44;13;1;27;80;55;60;25;66;68;101;120;66;Salta;66133;Rivadavia;661330509;;449;125;-23,475788;-62,895456;0,291085596
661330508;593;232;35;22;98;77;361;150;154;33;24;300;113;20;11;47;35;187;79;83;15;10;293;119;15;11;51;42;174;71;71;18;14;5;151;14;428;26;1;26;86;30;106;255;100;155;72;27;1;22;97;54;77;40;98;73;130;161;66;Salta;66133;Rivadavia;661330508;;593;150;-23,477825;-62,889309;0,201392395
661330510;709;388;98;37;145;108;321;137;150;30;4;362;199;45;20;78;56;163;72;76;14;1;347;189;53;17;67;52;158;65;74;16;3;18;78;14;617;2;0;2;118;12;192;129;26;103;24;2;0;35;128;69;108;36;130;77;177;183;66;Salta;66133;Rivadavia;661330510;;709;158;-23,479724;-62,892226;0,289582202
661330306;536;216;52;21;91;52;320;104;132;53;31;263;127;31;13;53;30;136;49;51;21;15;273;89;21;8;38;22;184;55;81;32;16;7;55;18;463;31;0;31;53;41;163;157;22;135;17;4;1;19;77;18;52;8;94;17;109;116;66;Salta;66133;Rivadavia;661330306;;536;154;-23,74878;-62,775;1165,538518
661260302;767;261;44;23;126;68;506;134;235;77;60;397;129;23;11;61;34;268;72;128;41;27;370;132;21;12;65;34;238;62;107;36;33;11;393;18;356;68;6;69;41;79;111;395;205;190;157;35;13;22;109;55;68;14;67;58;104;144;66;Salta;66126;Orán;661260302;;767;213;-23,554155;-64,402621;1,124232581
661330401;1216;432;73;51;204;104;784;215;336;125;108;555;212;39;26;94;53;343;98;150;40;55;661;220;34;25;110;51;441;117;186;85;53;7;186;20;1010;111;6;111;142;153;353;431;104;327;87;14;3;40;187;77;102;39;163;88;195;239;66;Salta;66133;Rivadavia;661330401;;1216;379;-23,761781;-63,269893;916,4353507
661260303;1225;363;54;47;158;104;862;262;384;140;76;603;178;28;25;77;48;425;127;185;67;46;622;185;26;22;81;56;437;135;199;73;30;22;623;34;568;96;18;101;72;115;168;694;384;310;311;59;14;45;157;94;104;44;117;111;175;275;66;Salta;66126;Orán;661260303;;1225;340;-23,558265;-64,396027;0,380299517
661260304;1045;377;62;33;183;99;668;247;307;79;35;524;198;32;19;96;51;326;129;153;29;15;521;179;30;14;87;48;342;118;154;50;20;19;471;10;564;42;2;42;45;46;131;537;212;325;195;17;0;31;182;85;98;48;143;108;186;258;66;Salta;66126;Orán;661260304;;1045;244;-23,562736;-64,399984;0,134082246
660910103;112;35;4;5;20;6;77;16;24;18;19;57;13;1;4;6;2;44;11;9;10;14;55;22;3;1;14;4;33;5;15;8;5;0;45;10;57;13;0;13;16;25;48;29;10;19;10;0;0;3;18;6;6;1;7;6;9;15;66;Salta;66091;La Poma;660910103;;112;36;-23,820929;-66,26161;599,981593
661330309;95;34;5;2;20;7;61;13;28;9;11;40;18;3;1;12;2;22;3;12;3;4;55;16;2;1;8;5;39;10;16;6;7;1;16;0;79;11;0;11;9;15;24;37;8;29;6;2;0;2;18;4;7;2;11;3;13;15;66;Salta;66133;Rivadavia;661330309;;95;33;-23,646485;-63,138763;184,128548
661330311;397;143;32;12;61;38;254;76;112;46;20;188;66;13;8;26;19;122;37;51;24;10;209;77;19;4;35;19;132;39;61;22;10;2;100;12;285;24;1;24;50;29;67;187;73;114;52;19;2;12;59;32;38;11;43;31;55;79;66;Salta;66133;Rivadavia;661330311;;397;125;-23,606777;-62,597665;0,459561647
661330312;424;156;40;21;52;43;268;82;126;46;14;208;73;19;8;27;19;135;41;62;23;9;216;83;21;13;25;24;133;41;64;23;5;10;79;15;330;12;3;14;41;23;102;166;51;115;35;15;1;20;47;30;43;18;62;42;86;99;66;Salta;66133;Rivadavia;661330312;;424;142;-23,610456;-62,598211;0,45980348
661330313;442;162;40;18;68;36;280;104;121;35;20;245;89;26;8;39;16;156;63;64;18;11;197;73;14;10;29;20;124;41;57;17;9;1;90;20;332;28;0;28;41;36;84;196;87;109;71;14;2;18;68;31;34;17;59;36;65;101;66;Salta;66133;Rivadavia;661330313;;442;137;-23,614067;-62,59302;0,35357393
660910105;168;81;21;5;31;24;87;32;43;6;6;86;38;10;2;16;10;48;17;21;4;6;82;43;11;3;15;14;39;15;22;2;0;2;78;3;87;5;2;5;13;9;19;68;29;39;20;8;1;4;31;22;24;6;16;19;23;33;66;Salta;66091;La Poma;660910105;;168;50;-23,650383;-66,287592;0,091201906
661330307;92;30;2;2;17;9;62;14;28;14;6;34;14;2;1;7;4;20;2;12;4;2;58;16;0;1;10;5;42;12;16;10;4;0;6;3;83;4;0;4;15;9;20;42;5;37;4;1;0;2;17;5;9;0;11;5;14;16;66;Salta;66133;Rivadavia;661330307;;92;32;-23,774483;-62,968509;263,2122587
661050201;19;2;1;0;1;0;17;7;6;2;2;10;2;1;0;1;0;8;4;2;1;1;9;0;0;0;0;0;9;3;4;1;1;0;13;2;4;1;0;1;2;3;3;14;6;8;6;0;0;0;1;0;0;0;3;0;3;6;66;Salta;66105;Los Andes;661050201;;19;7;-24,055059;-67,0741;1878,814412
661330303;77;16;4;3;8;1;61;10;25;14;12;30;10;1;2;6;1;20;4;6;4;6;47;6;3;1;2;0;41;6;19;10;6;1;20;3;54;10;0;10;17;15;31;30;4;26;4;0;0;2;8;1;1;1;8;2;5;7;66;Salta;66133;Rivadavia;661330303;;77;34;-23,820498;-62,484506;736,7773389
661260607;65;18;5;3;8;2;47;10;24;9;4;29;7;2;1;3;1;22;6;10;4;2;36;11;3;2;5;1;25;4;14;5;2;2;18;4;43;7;0;7;5;9;25;22;5;17;4;1;0;3;7;1;2;1;7;2;6;8;66;Salta;66126;Orán;661260607;;65;25;-23,869611;-63,787001;1093,751855
660910104;60;6;1;0;0;5;54;12;15;13;14;37;2;1;0;0;1;35;6;10;7;12;23;4;0;0;0;4;19;6;5;6;2;0;20;0;40;12;1;12;12;17;37;17;2;15;2;0;0;0;0;0;5;0;11;0;11;12;66;Salta;66091;La Poma;660910104;;60;33;-24,071705;-66,115862;759,0063803
661330404;864;331;71;24;140;96;533;181;223;78;51;426;182;38;13;84;47;244;96;100;29;19;438;149;33;11;56;49;289;85;123;49;32;4;114;11;739;58;2;58;105;70;211;322;73;249;51;19;3;18;136;76;96;28;143;85;177;205;66;Salta;66133;Rivadavia;661330404;;864;261;-23,963333;-62,98619;652,9567347
661260606;85;33;6;0;21;6;52;16;25;11;0;47;22;3;0;15;4;25;9;10;6;0;38;11;3;0;6;2;27;7;15;5;0;3;24;2;59;1;0;1;6;2;11;41;12;29;10;1;1;0;19;5;6;2;8;5;8;14;66;Salta;66126;Orán;661260606;;85;22;-24,009815;-64,083115;525,7354005
661330402;796;257;49;32;91;85;539;157;226;92;64;349;117;18;16;41;42;232;74;100;29;29;447;140;31;16;50;43;307;83;126;63;35;2;116;45;635;65;3;65;107;87;205;334;85;249;69;13;3;24;85;69;85;38;115;85;149;180;66;Salta;66133;Rivadavia;661330402;;796;263;-23,990685;-63,345702;1030,393177
661050203;114;19;4;1;9;5;95;12;25;35;23;54;10;1;1;6;2;44;6;7;17;14;60;9;3;0;3;3;51;6;18;18;9;0;22;6;86;20;3;20;26;30;72;23;1;22;0;1;0;0;4;2;4;0;12;2;12;13;66;Salta;66105;Los Andes;661050203;;114;54;-24,111312;-66,300988;724,1272627
661330409;673;235;36;26;106;67;438;169;217;31;21;370;131;16;13;68;34;239;90;122;17;10;303;104;20;13;38;33;199;79;95;14;11;2;244;31;398;22;3;22;59;25;60;378;186;192;124;49;13;20;105;57;67;35;100;80;135;179;66;Salta;66133;Rivadavia;661330409;;673;211;-23,893701;-63,193624;0,399398083
661330408;753;223;33;25;92;73;530;188;225;91;26;419;129;19;19;52;39;290;107;128;40;15;334;94;14;6;40;34;240;81;97;51;11;4;328;45;380;38;1;38;70;46;53;477;239;238;160;63;16;24;90;66;73;35;97;84;125;186;66;Salta;66133;Rivadavia;661330408;;753;245;-23,8966;-63,19815;0,444351671
661330410;667;285;46;36;126;77;382;133;209;25;15;339;129;19;19;57;34;210;75;113;13;9;328;156;27;17;69;43;172;58;96;12;6;3;164;27;476;22;1;22;64;24;88;294;118;176;80;30;8;33;123;65;76;25;94;71;123;154;66;Salta;66133;Rivadavia;661330410;;667;194;-23,900473;-63,195081;0,513796866
661330305;347;156;24;18;67;47;191;81;82;22;6;162;73;12;11;27;23;89;37;40;9;3;185;83;12;7;40;24;102;44;42;13;3;1;25;8;314;3;0;3;35;9;87;104;34;70;29;4;1;16;65;41;47;20;61;50;76;91;66;Salta;66133;Rivadavia;661330305;;347;103;-24,007431;-62,637134;463,9825288
661330304;261;94;18;9;38;29;167;49;72;24;22;117;46;9;4;17;16;71;23;29;9;10;144;48;9;5;21;13;96;26;43;15;12;1;43;5;213;15;0;15;44;29;88;79;27;52;21;6;0;9;38;23;28;9;29;24;39;56;66;Salta;66133;Rivadavia;661330304;;261;73;-24,014688;-62,436595;336,7238708
661260608;25;5;2;0;2;1;20;6;9;3;2;9;1;0;0;0;1;8;3;4;0;1;16;4;2;0;2;0;12;3;5;3;1;0;5;0;20;3;0;3;1;4;5;15;2;13;2;0;0;0;1;1;1;0;4;1;5;6;66;Salta;66126;Orán;661260608;;25;9;-24,067507;-63,748981;1185,669438
661470102;217;94;15;8;44;27;123;51;48;15;9;117;50;6;4;24;16;67;28;25;8;6;100;44;9;4;20;11;56;23;23;7;3;0;40;4;173;6;0;6;21;14;51;72;11;61;8;3;0;8;43;13;27;3;43;12;51;57;66;Salta;66147;Rosario de Lerma;661470102;;217;51;-24,116165;-65,869538;368,5776481
661470101;84;30;3;4;16;7;54;15;26;7;6;49;15;2;3;7;3;34;10;15;5;4;35;15;1;1;9;4;20;5;11;2;2;1;32;1;51;6;0;6;7;8;24;30;16;14;13;3;0;3;16;5;7;0;5;2;4;11;66;Salta;66147;Rosario de Lerma;661470101;;84;20;-24,180151;-65,999943;499,8036394
661050101;0;0;0;0;0;0;0;0;0;0;0;0;0;0;0;0;0;0;0;0;0;0;0;0;0;0;0;0;0;0;0;0;0;0;0;0;0;0;0;0;0;0;0;0;0;0;0;0;0;0;0;0;0;0;0;0;0;0;66;Salta;66105;Los Andes;661050101;;0;0;-24,376173;-67,474889;4327,630541
661330411;532;240;63;24;95;58;292;117;131;27;17;276;126;33;11;51;31;150;65;67;11;7;256;114;30;13;44;27;142;52;64;16;10;5;66;8;458;13;0;13;44;22;142;150;41;109;29;10;2;24;87;40;58;25;96;49;111;124;66;Salta;66133;Rivadavia;661330411;;532;126;-24,026067;-63,081927;1,843340872
661330405;534;233;48;28;103;54;301;115;133;30;23;256;106;24;11;47;24;150;59;63;14;14;278;127;24;17;56;30;151;56;70;16;9;1;48;19;467;28;0;28;64;35;117;184;44;140;42;2;0;27;98;47;53;26;84;61;104;126;66;Salta;66133;Rivadavia;661330405;;534;159;-24,187338;-62,970974;816,5029977
661470103;215;80;12;8;33;27;135;42;49;23;21;110;40;5;6;13;16;70;18;26;13;13;105;40;7;2;20;11;65;24;23;10;8;0;52;2;161;19;2;20;28;28;50;85;19;66;17;1;1;7;33;17;27;2;29;15;47;57;66;Salta;66147;Rosario de Lerma;661470103;;215;56;-24,28569;-65,792523;619,7664438
661330403;133;38;9;3;13;13;95;26;33;20;16;60;18;3;3;5;7;42;9;15;8;10;73;20;6;0;8;6;53;17;18;12;6;0;22;3;108;16;0;16;21;27;46;49;10;39;10;0;0;2;12;10;13;1;20;11;26;31;66;Salta;66133;Rivadavia;661330403;;133;43;-24,163424;-63,223903;621,5627023
661050202;226;91;11;8;45;27;135;38;66;22;9;102;32;8;4;10;10;70;23;30;12;5;124;59;3;4;35;17;65;15;36;10;4;6;157;3;66;10;1;10;8;15;26;109;40;69;34;5;1;7;45;25;27;4;17;22;31;47;66;Salta;66105;Los Andes;661050202;;226;76;-24,389371;-66,724926;1755,689111
661330406;1082;413;88;33;173;119;669;206;272;119;72;511;220;45;18;95;62;291;86;127;43;35;571;193;43;15;78;57;378;120;145;76;37;11;178;11;893;78;1;78;127;107;283;386;70;316;53;15;2;31;155;72;118;32;168;85;214;245;66;Salta;66133;Rivadavia;661330406;;1082;331;-24,235017;-62,548221;1331,348639
661050216;199;85;22;8;32;23;114;45;55;10;4;101;37;11;4;12;10;64;24;31;7;2;98;48;11;4;20;13;50;21;24;3;2;2;110;3;86;4;1;4;10;7;14;100;35;65;32;1;2;8;29;22;23;11;19;26;31;51;66;Salta;66105;Los Andes;661050216;;199;52;-24,114073;-66,72057;0,855698006
660070104;432;198;44;24;70;60;234;98;95;25;16;193;83;19;11;28;25;110;44;48;10;8;239;115;25;13;42;35;124;54;47;15;8;1;51;4;377;14;3;15;40;21;121;113;25;88;21;0;4;19;46;30;60;8;85;26;105;116;66;Salta;66007;Anta;660070104;;432;103;-24,265695;-63,809124;723,1055821
660070101;640;266;69;29;105;63;374;149;175;36;14;303;136;35;10;64;27;167;71;72;13;11;337;130;34;19;41;36;207;78;103;23;3;14;71;10;559;6;3;8;48;29;168;206;67;139;57;2;8;23;87;50;62;21;107;49;98;130;66;Salta;66007;Anta;660070101;;640;182;-24,2111;-64,071606;195,0379231
660070105;147;45;11;6;17;11;102;31;48;17;6;60;25;7;2;11;5;35;9;16;7;3;87;20;4;4;6;6;67;22;32;10;3;0;32;0;115;7;0;7;10;10;54;48;12;36;9;2;1;5;12;5;11;3;28;5;29;32;66;Salta;66007;Anta;660070105;;147;61;-24,236117;-63,539982;358,9699643
661050204;55;19;3;2;7;7;36;14;14;5;3;27;8;1;1;3;3;19;6;8;3;2;28;11;2;1;4;4;17;8;6;2;1;0;25;1;29;2;1;2;6;3;13;23;5;18;5;0;0;2;6;6;7;3;9;8;15;20;66;Salta;66105;Los Andes;661050204;;55;15;-24,305761;-66,467162;769,4814196
661050209;856;391;80;41;158;112;465;187;213;40;25;436;184;37;21;69;57;252;93;118;25;16;420;207;43;20;89;55;213;94;95;15;9;9;359;15;482;21;4;25;53;38;123;342;166;176;158;7;1;24;155;106;111;26;87;117;159;225;66;Salta;66105;Los Andes;661050209;;856;196;-24,205511;-66,312734;1,212660642
661050210;937;351;73;46;145;87;586;213;268;76;29;490;173;31;21;79;42;317;124;140;39;14;447;178;42;25;66;45;269;89;128;37;15;9;481;14;442;33;4;35;65;46;112;474;283;191;232;43;8;35;140;81;85;24;70;81;110;202;66;Salta;66105;Los Andes;661050210;;937;234;-24,211256;-66,318319;1,017623272
661330412;622;231;45;23;107;56;391;143;192;43;13;312;106;15;6;52;33;206;81;92;23;10;310;125;30;17;55;23;185;62;100;20;3;9;174;57;391;11;1;11;74;23;66;325;146;179;95;44;7;22;105;48;56;16;88;52;108;140;66;Salta;66133;Rivadavia;661330412;;622;196;-24,180652;-62,884399;0,312456619
661330413;564;186;24;17;84;61;378;121;171;60;26;277;79;13;8;36;22;198;57;95;30;16;287;107;11;9;48;39;180;64;76;30;10;4;209;50;305;36;6;37;54;44;67;311;171;140;109;49;13;14;80;54;58;20;55;64;90;134;66;Salta;66133;Rivadavia;661330413;;564;182;-24,184447;-62,88878;0,402682356
661330414;452;164;34;14;66;50;288;109;131;32;16;226;77;15;8;28;26;149;54;74;13;8;226;87;19;6;38;24;139;55;57;19;8;7;162;12;278;19;0;19;37;27;44;244;114;130;83;25;6;14;60;42;50;16;60;46;79;109;66;Salta;66133;Rivadavia;661330414;;452;139;-24,186265;-62,886171;0,183572495
661050212;995;374;63;50;151;110;621;220;310;67;24;498;183;31;29;71;52;315;98;170;35;12;497;191;32;21;80;58;306;122;140;32;12;9;593;19;383;26;1;27;49;39;55;566;360;206;270;71;19;48;149;105;108;23;74;112;147;240;66;Salta;66105;Los Andes;661050212;;995;246;-24,220137;-66,31596;0,396449835
661330415;754;352;93;39;143;77;402;177;169;38;18;385;172;44;21;69;38;213;95;90;18;10;369;180;49;18;74;39;189;82;79;20;8;6;118;9;627;18;0;18;67;26;214;188;39;149;34;5;0;28;114;44;76;42;149;68;171;190;66;Salta;66133;Rivadavia;661330415;;754;231;-24,189383;-62,873874;1,176492594
661050211;812;286;55;40;113;78;526;184;259;50;33;429;150;26;25;57;42;279;93;146;26;14;383;136;29;15;56;36;247;91;113;24;19;2;440;8;364;32;1;32;57;44;91;435;285;150;214;46;25;31;110;67;77;21;59;69;105;198;66;Salta;66105;Los Andes;661050211;;812;224;-24,219594;-66,3218;0,240543667
661330416;635;264;62;28;112;62;371;156;157;42;16;331;139;32;12;59;36;192;86;79;21;6;304;125;30;16;53;26;179;70;78;21;10;6;111;44;480;20;0;20;62;24;85;286;107;179;76;28;3;25;109;53;62;22;94;66;116;152;66;Salta;66133;Rivadavia;661330416;;635;201;-24,189633;-62,886266;0,351161379
661050213;722;252;48;37;114;53;470;167;244;44;15;353;116;27;15;55;19;237;84;118;27;8;369;136;21;22;59;34;233;83;126;17;7;4;433;57;232;16;4;17;46;26;47;423;264;159;210;39;15;32;112;48;52;17;63;53;84;150;66;Salta;66105;Los Andes;661050213;;722;194;-24,226464;-66,318519;0,332047543
661050215;971;408;89;41;159;119;563;245;236;51;31;493;202;46;22;71;63;291;119;131;31;10;478;206;43;19;88;56;272;126;105;20;21;10;348;54;569;32;1;33;92;44;105;458;226;232;209;16;1;32;156;110;118;29;94;120;167;271;66;Salta;66105;Los Andes;661050215;;971;229;-24,22544;-66,322991;0,265071453
661050214;844;357;66;33;138;120;487;213;234;29;11;438;169;36;18;64;51;269;116;127;19;7;406;188;30;15;74;69;218;97;107;10;4;12;417;32;395;11;3;12;82;15;82;405;224;181;205;10;9;31;137;114;117;18;71;106;144;261;66;Salta;66105;Los Andes;661050214;;844;194;-24,225582;-66,32067;0,178732305
660070107;687;321;72;43;136;70;366;135;175;42;14;343;165;35;30;67;33;178;68;87;18;5;344;156;37;13;69;37;188;67;88;24;9;11;131;9;547;16;1;16;71;25;137;229;79;150;64;11;4;36;129;50;68;15;98;45;117;141;66;Salta;66007;Anta;660070107;;687;188;-24,223722;-63,987806;0,657685929
660070106;669;298;64;38;127;69;371;131;197;32;11;311;138;38;18;52;30;173;62;92;15;4;358;160;26;20;75;39;198;69;105;17;7;10;108;11;550;15;1;16;40;22;148;223;84;139;74;6;4;33;123;49;69;14;89;43;98;128;66;Salta;66007;Anta;660070106;;669;163;-24,223999;-63,995172;0,31168737
660070108;741;275;65;28;108;74;466;166;220;54;26;357;135;29;15;56;35;222;81;101;29;11;384;140;36;13;52;39;244;85;119;25;15;10;230;26;485;28;10;32;96;48;132;334;162;172;128;21;13;22;101;55;73;5;86;37;106;166;66;Salta;66007;Anta;660070108;;741;188;-24,228265;-63,986677;0,327751085
660070110;729;294;75;34;117;68;435;148;192;62;33;364;157;43;20;61;33;207;74;83;31;19;365;137;32;14;56;35;228;74;109;31;14;9;159;25;545;36;5;36;46;48;140;295;133;162;109;15;9;32;109;59;68;8;82;51;103;155;66;Salta;66007;Anta;660070110;;729;184;-24,230445;-63,994736;0,485538331
660070109;1079;385;94;33;165;93;694;219;335;97;43;559;199;46;14;85;54;360;112;173;52;23;520;186;48;19;80;39;334;107;162;45;20;19;541;27;511;52;14;54;87;72;109;585;350;235;269;39;42;31;153;78;91;16;83;73;124;211;66;Salta;66007;Anta;660070109;;1079;287;-24,232217;-63,987178;0,512825244
660070502;88;25;7;1;11;6;63;14;25;17;7;40;12;3;1;4;4;28;5;12;6;5;48;13;4;0;7;2;35;9;13;11;2;1;12;0;76;8;0;8;23;14;35;28;10;18;8;2;0;1;10;5;6;1;8;5;9;14;66;Salta;66007;Anta;660070502;;88;28;-24,412371;-63,199132;863,914308
660910201;52;15;1;1;9;4;37;7;15;7;8;29;7;1;1;3;2;22;2;8;5;7;23;8;0;0;6;2;15;5;7;2;1;0;13;6;33;10;1;10;2;12;13;24;5;19;4;1;0;1;7;4;4;0;4;4;6;9;66;Salta;66091;La Poma;660910201;;52;17;-24,465465;-66,290104;602,6337149
660070102;132;52;13;4;21;14;80;25;40;9;6;69;29;8;1;16;4;40;16;16;5;3;63;23;5;3;5;10;40;9;24;4;3;1;55;8;69;5;0;5;15;10;19;61;27;34;19;1;7;4;17;9;14;0;14;7;18;26;66;Salta;66007;Anta;660070102;;132;40;-24,309675;-64,088947;248,958053
660070501;229;60;11;7;26;16;169;34;75;32;28;100;29;4;3;14;8;71;11;32;14;14;129;31;7;4;12;8;98;23;43;18;14;5;59;7;163;20;0;20;37;37;92;77;22;55;19;3;0;7;23;10;16;2;24;10;24;30;66;Salta;66007;Anta;660070501;;229;80;-24,436857;-63,526863;1201,45099
661470201;142;62;16;2;23;21;80;33;25;13;9;74;28;8;2;10;8;46;17;15;7;7;68;34;8;0;13;13;34;16;10;6;2;0;25;13;104;10;1;10;12;12;26;54;22;32;20;2;0;2;23;18;19;4;14;18;27;45;66;Salta;66147;Rosario de Lerma;661470201;;142;37;-24,344915;-66,090631;169,9562731
661330407;58;26;5;1;10;10;32;14;13;5;0;31;15;3;1;5;6;16;8;5;3;0;27;11;2;0;5;4;16;6;8;2;0;1;8;0;50;2;1;2;3;2;11;21;8;13;8;0;0;1;10;5;10;3;8;4;10;15;66;Salta;66133;Rivadavia;661330407;;58;15;-24,664583;-62,826952;3665,155866
661050102;0;0;0;0;0;0;0;0;0;0;0;0;0;0;0;0;0;0;0;0;0;0;0;0;0;0;0;0;0;0;0;0;0;0;0;0;0;0;0;0;0;0;0;0;0;0;0;0;0;0;0;0;0;0;0;0;0;0;66;Salta;66105;Los Andes;661050102;;0;0;-24,67116;-68,200566;3590,304022
660070206;40;9;1;1;5;2;31;3;15;7;6;10;2;0;0;2;0;8;1;5;1;1;30;7;1;1;3;2;23;2;10;6;5;0;10;0;30;6;0;6;3;7;20;11;4;7;3;1;0;1;5;2;2;0;1;1;2;4;66;Salta;66007;Anta;660070206;;40;19;-24,365846;-63,699466;109,145334
661470203;64;16;0;2;9;5;48;12;16;16;4;27;6;0;1;3;2;21;5;10;6;0;37;10;0;1;6;3;27;7;6;10;4;0;26;3;35;8;1;8;6;10;9;39;13;26;7;2;4;0;9;5;5;2;7;5;8;13;66;Salta;66147;Rosario de Lerma;661470203;;64;24;-24,568059;-66,075296;437,3450402
660070103;48;8;1;0;4;3;40;17;17;5;1;10;4;1;0;2;1;6;1;3;1;1;38;4;0;0;2;2;34;16;14;4;0;0;37;0;11;1;1;1;2;1;18;22;4;18;4;0;0;0;3;2;3;0;16;2;15;16;66;Salta;66007;Anta;660070103;;48;12;-24,392208;-64,128612;247,2320066
661470202;149;44;5;3;19;17;105;21;38;30;16;78;24;3;1;12;8;54;10;20;13;11;71;20;2;2;7;9;51;11;18;17;5;0;74;1;74;18;3;18;10;23;24;81;40;41;28;8;4;2;19;17;17;2;5;14;17;32;66;Salta;66147;Rosario de Lerma;661470202;;149;59;-24,454051;-65,946174;397,6437984
660070503;89;18;2;1;8;7;71;20;29;15;7;40;11;1;1;6;3;29;7;10;8;4;49;7;1;0;2;4;42;13;19;7;3;0;17;1;71;6;1;6;20;12;41;30;9;21;8;1;0;1;8;6;7;1;15;6;18;23;66;Salta;66007;Anta;660070503;;89;31;-24,550981;-63,023243;614,589667
661050206;55;25;7;2;13;3;30;11;12;5;2;29;15;2;1;9;3;14;4;7;2;1;26;10;5;1;4;0;16;7;5;3;1;0;34;2;19;2;0;2;2;2;7;23;12;11;11;0;1;0;13;3;3;1;3;1;1;6;66;Salta;66105;Los Andes;661050206;;55;17;-24,712795;-66,964473;1773,041081
660770101;78;17;4;1;7;5;61;15;26;11;9;28;5;2;1;2;0;23;6;7;5;5;50;12;2;0;5;5;38;9;19;6;4;0;19;6;53;10;0;10;6;14;20;41;7;34;7;0;0;1;7;5;5;2;13;6;13;14;66;Salta;66077;La Caldera;660770101;;78;24;-24,484383;-65,601118;185,8749101
660070205;912;295;48;43;120;84;617;222;274;86;35;438;143;25;23;52;43;295;113;130;35;17;474;152;23;20;68;41;322;109;144;51;18;7;358;9;545;43;1;43;52;62;178;439;228;211;187;35;6;36;107;69;84;23;128;80;169;231;66;Salta;66007;Anta;660070205;;912;265;-24,440488;-63,882;225,9696698
660070111;1298;483;111;47;202;123;815;297;395;81;42;646;246;57;26;99;64;400;147;194;41;18;652;237;54;21;103;59;415;150;201;40;24;18;654;23;621;52;4;53;81;64;208;607;239;368;175;43;21;41;183;96;122;19;165;75;197;292;66;Salta;66007;Anta;660070111;;1298;329;-24,386961;-63,989956;0,670999852
661470104;79;21;2;1;12;6;58;13;25;18;2;41;12;1;1;7;3;29;9;11;9;0;38;9;1;0;5;3;29;4;14;9;2;0;21;4;54;5;0;5;4;6;10;48;14;34;11;2;1;1;12;6;6;1;7;5;9;14;66;Salta;66147;Rosario de Lerma;661470104;;79;28;-24,468396;-65,767466;256,0809081
660910202;86;36;8;5;13;10;50;8;23;8;11;42;18;4;3;7;4;24;5;10;5;4;44;18;4;2;6;6;26;3;13;3;7;0;12;0;74;9;0;9;11;11;16;34;12;22;12;0;0;5;12;10;10;0;2;8;10;14;66;Salta;66091;La Poma;660910202;;86;30;-24,610298;-66,285508;389,2445238
660070401;44;11;1;1;4;5;33;7;12;9;5;22;6;0;1;3;2;16;3;9;3;1;22;5;1;0;1;3;17;4;3;6;4;0;8;4;32;3;0;3;6;6;18;15;2;13;1;1;0;1;3;1;5;0;6;1;9;9;66;Salta;66007;Anta;660070401;;44;16;-24,579612;-63,874697;634,9001813
661050205;12;2;0;0;2;0;10;1;5;2;2;6;1;0;0;1;0;5;1;2;0;2;6;1;0;0;1;0;5;0;3;2;0;0;3;0;9;2;0;2;2;2;3;7;4;3;4;0;0;0;2;0;0;0;0;0;0;0;66;Salta;66105;Los Andes;661050205;;12;6;-24,651023;-66,526107;742,5067963
660070201;948;399;83;27;190;99;549;184;287;53;25;479;209;48;11;106;44;270;96;148;15;11;469;190;35;16;84;55;279;88;139;38;14;10;240;9;699;25;0;25;44;36;187;362;152;210;133;14;5;23;171;73;99;18;109;63;145;196;66;Salta;66007;Anta;660070201;;948;247;-24,447716;-64,227445;192,4357576
660770202;78;12;1;2;4;5;66;9;42;11;4;30;7;1;1;3;2;23;2;15;5;1;48;5;0;1;1;3;43;7;27;6;3;0;48;2;28;3;0;3;6;5;10;56;36;20;23;4;9;2;4;5;5;2;7;7;11;11;66;Salta;66077;La Caldera;660770202;;78;40;-24,499129;-65,407939;78,06256514
660770301;47;15;2;3;7;3;32;4;17;4;7;21;9;0;2;6;1;12;1;7;1;3;26;6;2;1;1;2;20;3;10;3;4;0;31;0;16;5;1;5;3;7;14;18;6;12;5;1;0;3;7;2;3;0;4;1;5;5;66;Salta;66077;La Caldera;660770301;;47;21;-24,509429;-65,283329;102,0946749
660770201;25;2;0;0;1;1;23;8;6;7;2;8;0;0;0;0;0;8;2;2;3;1;17;2;0;0;1;1;15;6;4;4;1;0;9;0;16;3;0;3;4;5;11;12;4;8;4;0;0;0;1;0;1;0;6;0;4;6;66;Salta;66077;La Caldera;660770201;;25;9;-24,5247;-65,488745;163,4694332
660070211;716;184;36;25;86;37;532;156;226;116;34;353;98;20;8;46;24;255;78;105;58;14;363;86;16;17;40;13;277;78;121;58;20;8;299;13;404;42;5;42;55;53;107;425;230;195;182;36;12;24;84;32;37;12;59;32;67;121;66;Salta;66007;Anta;660070211;;716;202;-24,429344;-63,990356;0,156817395
660070210;947;356;58;36;155;107;591;186;292;72;41;477;174;26;17;81;50;303;96;155;33;19;470;182;32;19;74;57;288;90;137;39;22;6;362;39;546;43;5;43;79;60;163;428;219;209;175;39;5;33;146;85;105;19;90;81;133;203;66;Salta;66007;Anta;660070210;;947;266;-24,43068;-63,992305;0,197163713
660070209;867;233;42;20;100;71;634;163;299;113;59;433;116;23;11;51;31;317;90;146;48;33;434;117;19;9;49;40;317;73;153;65;26;5;434;17;416;62;11;63;52;83;111;523;317;206;216;76;25;18;97;70;71;19;82;72;115;170;66;Salta;66007;Anta;660070209;;867;263;-24,429589;-63,995011;0,267476563
660070207;865;259;47;30;114;68;606;173;283;100;50;432;119;20;16;52;31;313;90;135;56;32;433;140;27;14;62;37;293;83;148;44;18;2;438;22;405;63;11;67;51;80;77;529;306;223;225;62;19;28;113;59;68;18;67;57;97;152;66;Salta;66007;Anta;660070207;;865;235;-24,430276;-64,0017;0,211483104
660070208;958;272;57;32;113;70;686;205;299;127;55;469;128;26;20;55;27;341;102;150;58;31;489;144;31;12;58;43;345;103;149;69;24;6;440;41;477;73;6;74;52;87;142;544;313;231;233;60;20;29;98;54;68;12;77;50;102;186;66;Salta;66007;Anta;660070208;;958;276;-24,430701;-63,998527;0,200381554
660070212;1258;458;102;48;202;106;800;271;371;116;42;610;215;49;23;96;47;395;129;192;51;23;648;243;53;25;106;59;405;142;179;65;19;9;329;19;910;48;1;48;121;70;237;563;236;327;219;14;3;41;197;83;105;30;149;86;173;261;66;Salta;66007;Anta;660070212;;1258;353;-24,437752;-63,990914;0,51171076
660070213;949;281;58;29;125;69;668;180;318;109;61;467;127;33;9;61;24;340;92;160;57;31;482;154;25;20;64;45;328;88;158;52;30;7;442;16;491;86;13;88;52;101;141;527;284;243;230;44;10;28;124;59;68;14;78;58;105;180;66;Salta;66007;Anta;660070213;;949;272;-24,434279;-63,995765;0,159783747
660070214;1387;478;82;49;196;151;909;271;453;124;61;667;226;38;24;88;76;441;130;230;51;30;720;252;44;25;108;75;468;141;223;73;31;9;523;11;853;73;7;73;124;92;226;683;327;356;255;58;14;46;187;129;150;32;143;123;220;301;66;Salta;66007;Anta;660070214;;1387;355;-24,438536;-63,996852;0,447046488
660070202;266;128;21;13;57;37;138;39;87;9;3;129;58;8;3;29;18;71;20;45;4;2;137;70;13;10;28;19;67;19;42;5;1;3;121;1;144;4;0;4;7;5;27;111;35;76;30;5;0;13;57;35;37;4;29;34;54;62;66;Salta;66007;Anta;660070202;;266;68;-24,516804;-64,270838;442,2673046
661050103;8;0;0;0;0;0;8;1;1;2;4;4;0;0;0;0;0;4;0;1;0;3;4;0;0;0;0;0;4;1;0;2;1;0;7;0;1;3;0;3;3;5;5;3;2;1;1;0;1;0;0;0;0;1;1;1;1;1;66;Salta;66105;Los Andes;661050103;;8;3;-24,922507;-67,670196;6335,318184
660070301;29;11;1;1;6;3;18;2;12;2;2;15;6;1;1;3;1;9;2;5;1;1;14;5;0;0;3;2;9;0;7;1;1;0;18;1;10;2;0;2;4;2;8;10;7;3;5;1;1;1;6;3;3;0;2;2;2;2;66;Salta;66007;Anta;660070301;;29;9;-24,589473;-64,383771;327,1849117
660070204;470;189;33;18;93;45;281;85;134;37;25;207;96;18;9;47;22;111;33;58;13;7;263;93;15;9;46;23;170;52;76;24;18;7;60;2;408;30;1;30;43;40;128;153;33;120;31;2;0;15;85;29;45;7;65;27;79;98;66;Salta;66007;Anta;660070204;;470;126;-24,515432;-63,998812;94,60493133
660490202;67;18;3;3;4;8;49;10;28;6;5;22;9;1;2;3;3;13;3;7;0;3;45;9;2;1;1;5;36;7;21;6;2;1;50;0;17;6;0;6;1;7;18;31;13;18;11;1;1;2;4;5;8;0;5;4;8;11;66;Salta;66049;General Güemes;660490202;;67;30;-24,597805;-64,787767;407,7757317
660490101;49;9;1;0;6;2;40;13;16;7;4;19;5;0;0;4;1;14;3;8;2;1;30;4;1;0;2;1;26;10;8;5;3;0;24;0;25;4;0;4;5;6;9;31;11;20;9;1;1;0;6;2;2;0;8;2;7;12;66;Salta;66049;General Güemes;660490101;;49;16;-24,535436;-65,123766;37,94780903
660770302;24;2;0;2;0;0;22;2;12;6;2;5;0;0;0;0;0;5;1;3;1;0;19;2;0;2;0;0;17;1;9;5;2;0;19;0;5;2;0;2;0;5;5;17;9;8;8;0;1;1;0;0;0;1;1;1;1;2;66;Salta;66077;La Caldera;660770302;;24;12;-24,561903;-65,273114;134,8570066
661470105;130;41;11;2;16;12;89;27;42;9;11;66;21;7;1;10;3;45;12;22;5;6;64;20;4;1;6;9;44;15;20;4;5;3;46;1;83;11;1;11;9;12;31;58;24;34;20;3;1;2;16;11;12;3;13;12;20;30;66;Salta;66147;Rosario de Lerma;661470105;;130;39;-24,583793;-65,771998;184,9689398
660070306;8;1;0;0;0;1;7;1;3;2;1;4;0;0;0;0;0;4;1;1;1;1;4;1;0;0;0;1;3;0;2;1;0;0;5;0;3;2;1;3;0;3;1;6;3;3;1;1;1;0;0;0;1;0;0;0;1;1;66;Salta;66007;Anta;660070306;;8;5;-24,66009;-64,598716;299,8948181
660490102;234;58;13;6;21;18;176;41;82;38;15;107;25;6;3;7;9;82;18;44;15;5;127;33;7;3;14;9;94;23;38;23;10;2;129;8;97;17;0;17;33;21;29;147;69;78;60;8;1;6;18;14;18;3;18;16;32;49;66;Salta;66049;General Güemes;660490102;;234;84;-24,590413;-65,177975;145,0677946
661470301;36;6;0;2;0;4;30;6;12;6;6;18;5;0;2;0;3;13;3;4;2;4;18;1;0;0;0;1;17;3;8;4;2;0;10;0;26;7;0;7;2;8;10;20;3;17;2;0;1;1;0;4;4;0;5;3;6;7;66;Salta;66147;Rosario de Lerma;661470301;;36;14;-24,594537;-65,69566;105,2511134
660070203;35;11;3;2;2;4;24;3;14;4;3;15;6;2;0;0;4;9;2;5;1;1;20;5;1;2;2;0;15;1;9;3;2;0;13;0;22;4;1;4;6;4;7;17;6;11;4;2;0;2;2;4;4;0;3;2;5;5;66;Salta;66007;Anta;660070203;;35;14;-24,593051;-64,080413;150,2008775
660770203;125;27;1;4;14;8;98;16;39;25;18;44;10;0;1;5;4;34;3;12;14;5;81;17;1;3;9;4;64;13;27;11;13;0;94;6;25;19;1;20;5;23;12;86;55;31;32;9;14;4;14;7;7;1;3;7;9;21;66;Salta;66077;La Caldera;660770203;;125;51;-24,600059;-65,422456;84,85237664
661470205;174;71;11;4;34;22;103;33;45;11;14;98;38;6;2;17;13;60;16;30;6;8;76;33;5;2;17;9;43;17;15;5;6;3;68;3;103;12;0;12;16;17;18;85;35;50;30;5;0;4;34;20;22;5;12;18;23;36;66;Salta;66147;Rosario de Lerma;661470205;;174;48;-24,679208;-65,884169;544,5337444
660070504;107;31;6;3;11;11;76;18;27;22;9;53;21;4;3;9;5;32;11;10;7;4;54;10;2;0;2;6;44;7;17;15;5;0;27;8;72;13;0;13;21;19;39;37;7;30;7;0;0;0;8;4;11;1;14;3;12;14;66;Salta;66007;Anta;660070504;;107;34;-24,63822;-63,270579;647,5935406
660070215;985;321;59;37;131;94;664;197;302;99;66;503;170;30;19;72;49;333;98;156;44;35;482;151;29;18;59;45;331;99;146;55;31;15;491;23;471;88;11;89;71;102;175;489;229;260;182;38;9;36;114;77;90;13;98;72;138;211;66;Salta;66007;Anta;660070215;;985;281;-24,541346;-64,099417;0,606661684
661470302;28;5;2;0;1;2;23;5;10;3;5;10;0;0;0;0;0;10;3;4;1;2;18;5;2;0;1;2;13;2;6;2;3;0;7;3;18;4;1;5;5;5;7;16;2;14;2;0;0;0;1;1;2;0;3;1;5;6;66;Salta;66147;Rosario de Lerma;661470302;;28;13;-24,638395;-65,627688;136,0229557
660770102;333;101;19;6;45;31;232;42;117;45;28;170;59;10;4;26;19;111;21;52;25;13;163;42;9;2;19;12;121;21;65;20;15;10;240;5;88;30;3;30;18;40;29;203;145;58;65;15;65;5;42;29;31;3;22;24;34;49;66;Salta;66077;La Caldera;660770102;;333;105;-24,625939;-65,529956;105,7832271
660490201;218;87;11;10;45;21;131;50;52;22;7;98;38;6;0;19;13;60;22;27;8;3;120;49;5;10;26;8;71;28;25;14;4;2;63;8;147;5;3;6;17;9;45;86;34;52;31;2;1;9;45;18;21;4;30;17;38;49;66;Salta;66049;General Güemes;660490201;;218;64;-24,589099;-65,006181;36,44070249
660070305;50;13;3;4;3;3;37;5;20;10;2;18;5;2;0;0;3;13;2;8;2;1;32;8;1;4;3;0;24;3;12;8;1;1;18;8;24;3;0;3;3;3;14;23;13;10;8;3;2;4;3;2;3;1;2;3;5;6;66;Salta;66007;Anta;660070305;;50;19;-24,692246;-64,358243;382,3732296
660490302;455;100;28;12;37;23;355;87;165;81;22;197;49;14;4;19;12;148;44;75;25;4;258;51;14;8;18;11;207;43;90;56;18;7;210;25;220;35;4;35;26;39;81;274;134;140;103;21;10;8;36;22;23;12;44;26;51;75;66;Salta;66049;General Güemes;660490302;;455;201;-24,649709;-65,055622;96,30814499
661050104;321;103;27;12;42;22;218;76;121;16;5;158;51;17;5;19;10;107;43;55;7;2;163;52;10;7;23;12;111;33;66;9;3;12;268;5;48;8;0;8;7;12;19;199;114;85;96;11;7;12;41;20;22;6;25;22;37;72;66;Salta;66105;Los Andes;661050104;;321;106;-24,589975;-67,391491;0,963353587
660770204;642;154;23;20;66;45;488;130;221;92;45;315;86;13;10;38;25;229;59;101;47;22;327;68;10;10;28;20;259;71;120;45;23;5;431;22;189;66;6;68;34;78;41;447;316;131;231;39;46;20;64;43;44;6;28;39;56;109;66;Salta;66077;La Caldera;660770204;;642;197;-24,600641;-65,37725;0,822777998
660490203;3;0;0;0;0;0;3;0;2;1;0;2;0;0;0;0;0;2;0;1;1;0;1;0;0;0;0;0;1;0;1;0;0;0;2;0;1;1;0;1;0;1;1;2;1;1;1;0;0;0;0;0;0;0;0;0;0;0;66;Salta;66049;General Güemes;660490203;;3;3;-24,696881;-64,872809;174,0629449
660770205;603;176;40;30;83;23;427;110;211;62;44;300;88;27;12;40;9;212;60;98;32;22;303;88;13;18;43;14;215;50;113;30;22;14;361;26;216;55;6;55;29;63;58;369;269;100;197;34;38;30;82;23;23;9;31;27;37;79;66;Salta;66077;La Caldera;660770205;;603;187;-24,6009;-65,383967;0,710282482
660490204;158;45;7;6;18;14;113;23;41;35;14;65;22;2;2;13;5;43;12;15;13;3;93;23;5;4;5;9;70;11;26;22;11;3;75;6;77;21;0;21;11;28;26;87;40;47;35;2;3;4;17;12;14;0;8;9;17;26;66;Salta;66049;General Güemes;660490204;;158;60;-24,62797;-64,955388;38,00708149
660770303;449;106;29;9;40;28;343;53;164;88;38;209;49;14;5;17;13;160;27;79;36;18;240;57;15;4;23;15;183;26;85;52;20;8;345;9;95;55;11;58;8;67;22;321;264;57;144;33;87;8;40;27;27;3;12;22;27;59;66;Salta;66077;La Caldera;660770303;;449;179;-24,644883;-65,323402;95,83612884
660490103;572;200;30;19;87;64;372;119;187;41;25;308;106;18;12;47;29;202;73;102;17;10;264;94;12;7;40;35;170;46;85;24;15;2;234;14;324;32;7;32;47;39;107;265;136;129;112;16;8;19;81;59;64;6;46;47;71;125;66;Salta;66049;General Güemes;660490103;;572;198;-24,638663;-65,112766;29,48426602
660070505;149;41;11;3;19;8;108;31;45;22;10;58;18;3;2;9;4;40;12;15;11;2;91;23;8;1;10;4;68;19;30;11;8;0;33;8;108;12;1;12;36;13;54;54;13;41;12;1;0;3;19;8;8;1;18;6;16;24;66;Salta;66007;Anta;660070505;;149;46;-24,808576;-63,572909;740,968688
660770206;720;208;39;22;82;65;512;150;248;72;42;386;110;27;13;36;34;276;85;134;35;22;334;98;12;9;46;31;236;65;114;37;20;16;468;25;227;58;8;60;26;64;34;478;342;136;226;56;60;22;82;63;65;17;34;68;83;171;66;Salta;66077;La Caldera;660770206;;720;212;-24,610949;-65,386853;0,45785416
660490301;411;108;19;13;44;32;303;83;137;48;35;182;49;9;8;17;15;133;34;62;20;17;229;59;10;5;27;17;170;49;75;28;18;7;235;12;164;41;4;42;37;48;69;234;116;118;90;19;7;13;40;31;32;6;40;28;46;73;66;Salta;66049;General Güemes;660490301;;411;129;-24,668864;-65,193085;108,6230873
660770207;1279;412;82;54;168;108;867;293;414;111;49;646;193;43;28;73;49;453;148;219;58;28;633;219;39;26;95;59;414;145;195;53;21;32;657;83;539;57;11;59;82;75;93;774;485;289;408;54;23;54;164;103;108;26;102;104;162;288;66;Salta;66077;La Caldera;660770207;;1279;349;-24,612004;-65,383519;0,362415684
660070302;19;3;0;0;1;2;16;5;5;3;3;6;1;0;0;1;0;5;2;1;1;1;13;2;0;0;0;2;11;3;4;2;2;0;10;2;7;2;0;2;1;3;6;10;7;3;5;1;1;0;0;0;2;0;2;0;3;5;66;Salta;66007;Anta;660070302;;19;9;-24,66281;-64,148546;77,27689603
660770208;125;36;8;4;13;11;89;15;45;22;7;65;13;3;2;1;7;52;13;25;11;3;60;23;5;2;12;4;37;2;20;11;4;5;50;16;59;10;2;11;9;13;2;87;65;22;43;7;15;4;12;8;9;1;2;7;8;18;66;Salta;66077;La Caldera;660770208;;125;48;-24,620231;-65,391836;0,790623611
660770103;263;63;10;9;27;17;200;30;117;41;12;127;31;5;4;12;10;96;18;58;16;4;136;32;5;5;15;7;104;12;59;25;8;5;212;2;49;17;2;17;9;22;10;190;168;22;77;25;66;9;27;17;17;3;5;15;16;29;66;Salta;66077;La Caldera;660770103;;263;107;-24,66986;-65,448588;49,63417825
660770209;150;48;12;4;23;9;102;17;61;19;5;86;28;7;3;12;6;58;14;33;9;2;64;20;5;1;11;3;44;3;28;10;3;5;101;9;40;8;1;8;4;9;3;99;79;20;39;25;15;4;23;9;9;1;3;8;10;18;66;Salta;66077;La Caldera;660770209;;150;53;-24,632598;-65,398222;1,304149351
660070506;104;38;16;3;10;9;66;26;27;10;3;50;16;7;2;5;2;34;17;11;5;1;54;22;9;1;5;7;32;9;16;5;2;3;38;9;57;7;0;7;19;7;31;35;14;21;12;2;0;2;8;5;9;2;19;5;16;21;66;Salta;66007;Anta;660070506;;104;36;-24,79968;-63,748277;694,3239164
660490206;54;16;1;1;8;6;38;7;18;8;5;20;4;1;0;2;1;16;4;7;3;2;34;12;0;1;6;5;22;3;11;5;3;1;25;2;27;7;0;7;4;7;13;25;8;17;7;0;1;1;6;5;6;1;4;3;6;9;66;Salta;66049;General Güemes;660490206;;54;20;-24,677794;-64,954726;39,87248975
660280101;133;36;7;6;17;6;97;23;47;17;10;72;20;5;3;10;2;52;9;28;7;8;61;16;2;3;7;4;45;14;19;10;2;1;95;2;36;7;2;8;10;11;6;91;73;18;38;4;31;6;17;6;6;5;7;8;8;19;66;Salta;66028;Capital;660280101;;133;44;-24,692058;-65,538725;54,87725321
660490205;786;314;72;27;128;87;472;150;248;50;24;389;158;37;12;62;47;231;82;118;21;10;397;156;35;15;66;40;241;68;130;29;14;18;293;17;476;31;0;31;45;38;59;413;185;228;166;11;8;24;126;82;86;22;87;81;119;164;66;Salta;66049;General Güemes;660490205;;786;242;-24,686979;-65,020334;52,46984391
660490104;940;261;43;30;132;56;679;201;295;111;72;468;127;24;10;68;25;341;108;132;56;45;472;134;19;20;64;31;338;93;163;55;27;10;456;24;460;88;15;89;58;105;91;588;373;215;289;60;24;27;129;53;56;16;70;58;93;170;66;Salta;66049;General Güemes;660490104;;940;273;-24,657185;-65,104592;0,381747792
660490105;1029;321;62;36;135;88;708;237;340;89;42;532;155;23;21;64;47;377;120;190;43;24;497;166;39;15;71;41;331;117;150;46;18;15;423;42;564;45;9;46;93;61;108;600;318;282;270;37;11;33;130;78;86;31;98;87;136;227;66;Salta;66049;General Güemes;660490105;;1029;263;-24,656295;-65,100258;0,222479158
660490601;611;243;47;22;111;63;368;121;204;28;15;309;117;15;11;60;31;192;64;111;11;6;302;126;32;11;51;32;176;57;93;17;9;7;234;45;332;12;2;12;31;20;59;309;142;167;122;17;3;18;110;61;63;24;70;76;108;140;66;Salta;66049;General Güemes;660490601;;611;177;-24,655777;-65,042493;0,179807197
660490404;898;270;49;37;106;78;628;186;281;101;60;488;145;25;20;53;47;343;105;149;54;35;410;125;24;17;53;31;285;81;132;47;25;3;369;28;501;76;13;82;77;92;113;515;262;253;223;28;11;34;101;68;76;23;77;75;112;195;66;Salta;66049;General Güemes;660490404;;898;240;-24,660133;-65,057397;0,252133911
660490602;695;206;43;20;67;76;489;159;252;61;17;365;96;19;9;29;39;269;80;137;40;12;330;110;24;11;38;37;220;79;115;21;5;9;419;15;261;29;5;30;26;30;33;456;313;143;249;47;17;16;64;73;76;21;47;78;97;180;66;Salta;66049;General Güemes;660490602;;695;204;-24,658233;-65,045853;0,080006964
660490606;1081;406;86;31;161;128;675;267;310;69;29;525;187;49;11;79;48;338;134;158;31;15;556;219;37;20;82;80;337;133;152;38;14;16;333;15;733;39;3;39;62;48;122;553;228;325;207;16;5;29;157;111;128;35;135;118;201;299;66;Salta;66049;General Güemes;660490606;;1081;257;-24,660568;-65,030714;0,286698796
660490108;1499;468;92;59;202;115;1031;289;486;156;100;769;252;52;28;113;59;517;141;231;82;63;730;216;40;31;89;56;514;148;255;74;37;25;776;20;703;118;27;124;111;156;122;909;511;398;417;68;26;53;198;110;115;33;129;126;188;281;66;Salta;66049;General Güemes;660490108;;1499;403;-24,662707;-65,100376;0,321790436
660490106;904;264;41;25;116;82;640;179;285;121;55;468;123;22;7;49;45;345;93;158;67;27;436;141;19;18;67;37;295;86;127;54;28;11;404;39;461;72;6;73;89;84;138;502;285;217;238;38;9;25;112;78;82;34;84;91;119;187;66;Salta;66049;General Güemes;660490106;;904;244;-24,660612;-65,099813;0,188958862
660490405;725;192;43;22;70;57;533;160;200;123;50;371;93;24;9;29;31;278;76;109;63;30;354;99;19;13;41;26;255;84;91;60;20;7;321;35;369;67;14;72;71;83;118;415;230;185;194;27;9;18;53;44;56;18;64;50;88;158;66;Salta;66049;General Güemes;660490405;;725;193;-24,659812;-65,054626;0,096932061
660490603;859;212;46;23;92;51;647;202;300;115;30;440;93;18;12;38;25;347;95;173;66;13;419;119;28;11;54;26;300;107;127;49;17;12;532;26;301;46;8;48;38;49;43;604;428;176;321;96;11;22;91;49;51;15;51;56;80;179;66;Salta;66049;General Güemes;660490603;;859;248;-24,659853;-65,042851;0,12742776
660490110;858;244;44;36;97;67;614;183;283;105;43;444;122;30;18;42;32;322;91;154;52;25;414;122;14;18;55;35;292;92;129;53;18;7;426;33;399;57;13;58;69;62;95;519;321;198;257;44;20;29;87;64;67;19;70;63;102;174;66;Salta;66049;General Güemes;660490110;;858;233;-24,661598;-65,109096;0,300048777
660770304;244;59;9;7;29;14;185;25;121;30;9;108;25;3;4;12;6;83;13;56;11;3;136;34;6;3;17;8;102;12;65;19;6;3;177;0;67;11;1;11;2;14;5;180;154;26;70;25;59;6;27;14;14;6;8;16;16;30;66;Salta;66077;La Caldera;660770304;;244;100;-24,699145;-65,327139;60,18332931
661470304;6;1;0;0;0;1;5;0;0;4;1;3;1;0;0;0;1;2;0;0;2;0;3;0;0;0;0;0;3;0;0;2;1;0;3;0;3;2;0;2;1;2;4;1;0;1;0;0;0;0;0;1;1;0;0;1;1;1;66;Salta;66147;Rosario de Lerma;661470304;;6;3;-24,727127;-65,719653;63,97632392
660490607;944;434;77;50;214;93;510;181;296;26;7;491;215;39;24;100;52;276;103;156;12;5;453;219;38;26;114;41;234;78;140;14;2;15;205;99;640;7;1;7;92;18;80;430;199;231;180;16;3;45;198;76;93;29;109;82;144;188;66;Salta;66049;General Güemes;660490607;;944;251;-24,661105;-65,026776;0,104161992
660490502;1140;358;60;43;151;104;782;247;383;107;45;581;178;31;19;75;53;403;120;200;54;29;559;180;29;24;76;51;379;127;183;53;16;21;560;46;534;63;8;63;47;80;100;682;390;292;325;48;17;40;139;90;103;44;96;105;146;260;66;Salta;66049;General Güemes;660490502;;1140;312;-24,663531;-65,043898;0,294760929
660490402;756;263;47;35;97;84;493;156;254;61;22;379;117;20;20;50;27;262;86;129;34;13;377;146;27;15;47;57;231;70;125;27;9;8;347;57;352;30;9;33;58;46;59;434;251;183;184;42;25;33;95;78;84;22;74;82;122;176;66;Salta;66049;General Güemes;660490402;;756;191;-24,663846;-65,061151;0,210522492
660490406;1364;342;75;40;140;87;1022;232;454;210;126;680;162;41;12;75;34;518;111;224;112;71;684;180;34;28;65;53;504;121;230;98;55;16;704;69;591;152;43;166;104;187;153;869;526;343;406;80;40;37;137;73;84;33;91;85;130;229;66;Salta;66049;General Güemes;660490406;;1364;383;-24,663557;-65,053744;0,226250497
660490107;1118;430;78;58;164;130;688;269;330;59;30;571;209;34;23;89;63;362;147;171;28;16;547;221;44;35;75;67;326;122;159;31;14;15;281;32;805;28;3;30;72;49;167;521;256;265;230;20;6;55;159;118;128;48;125;140;197;304;66;Salta;66049;General Güemes;660490107;;1118;276;-24,661966;-65,096204;0,179350151
660490401;862;259;53;25;123;58;603;151;277;87;88;463;136;30;8;63;35;327;82;146;43;56;399;123;23;17;60;23;276;69;131;44;32;12;536;18;308;92;33;106;36;117;54;549;395;154;289;55;51;22;120;55;57;13;43;54;76;146;66;Salta;66049;General Güemes;660490401;;862;248;-24,662413;-65,065361;0,224244049
660490501;999;257;41;20;121;75;742;210;306;138;88;494;120;16;10;60;34;374;112;148;61;53;505;137;25;10;61;41;368;98;158;77;35;10;528;27;444;104;29;114;55;130;73;669;404;265;312;59;33;20;118;70;74;18;59;70;95;193;66;Salta;66049;General Güemes;660490501;;999;291;-24,664066;-65,048746;0,422380418
661470303;56;11;1;2;5;3;45;9;21;9;6;23;6;1;1;3;1;17;4;9;3;1;33;5;0;1;2;2;28;5;12;6;5;0;17;4;35;7;1;7;7;9;10;35;7;28;6;1;0;1;5;1;3;0;5;0;4;8;66;Salta;66147;Rosario de Lerma;661470303;;56;20;-24,734931;-65,650614;106,5934075
660490403;755;222;45;19;101;57;533;183;252;59;39;400;112;23;14;46;29;288;100;136;29;23;355;110;22;5;55;28;245;83;116;30;16;14;276;36;443;43;8;45;63;52;76;457;280;177;234;25;21;19;97;53;56;25;74;63;90;166;66;Salta;66049;General Güemes;660490403;;755;200;-24,66303;-65,059132;0,127202776
660490604;974;219;35;30;94;60;755;226;296;180;53;512;110;19;19;44;28;402;120;154;98;30;462;109;16;11;50;32;353;106;142;82;23;13;512;8;454;81;13;82;72;99;81;674;401;273;317;63;21;29;92;56;59;18;75;61;97;190;66;Salta;66049;General Güemes;660490604;;974;258;-24,6628;-65,0404;0,10727199
660490608;1061;326;63;39;132;92;735;333;296;70;36;532;153;33;14;65;41;379;166;172;24;17;529;173;30;25;67;51;356;167;124;46;19;8;324;19;718;25;3;27;69;46;134;601;255;346;234;17;4;36;112;73;92;42;168;95;193;306;66;Salta;66049;General Güemes;660490608;;1061;250;-24,663075;-65,032657;0,094559622
660490609;944;373;46;29;179;119;571;143;356;58;14;485;195;27;14;87;67;290;74;183;28;5;459;178;19;15;92;52;281;69;173;30;9;19;603;27;314;23;4;23;51;28;27;544;348;196;281;44;23;27;177;116;118;20;46;107;125;191;66;Salta;66049;General Güemes;660490609;;944;231;-24,664509;-65,033128;0,104305979
660490109;619;146;31;14;62;39;473;106;207;85;75;313;70;11;5;35;19;243;50;105;45;43;306;76;20;9;27;20;230;56;102;40;32;9;351;37;231;87;15;88;37;97;42;431;298;133;213;61;24;12;59;37;39;7;25;38;47;95;66;Salta;66049;General Güemes;660490109;;619;182;-24,665789;-65,105401;0,305907425
660490605;1468;385;74;40;156;115;1083;291;457;244;91;733;183;34;21;74;54;550;136;230;131;53;735;202;40;19;82;61;533;155;227;113;38;26;726;42;700;142;28;146;107;170;146;937;508;429;412;68;28;37;151;109;115;34;116;109;170;273;66;Salta;66049;General Güemes;660490605;;1468;382;-24,666035;-65,038096;0,165119891
660770104;402;122;28;16;56;22;280;49;169;47;15;203;57;17;8;21;11;146;26;88;25;7;199;65;11;8;35;11;134;23;81;22;8;13;320;3;79;24;3;24;5;26;3;277;258;19;131;27;100;16;55;22;22;5;5;22;22;52;66;Salta;66077;La Caldera;660770104;;402;142;-24,673779;-65,42276;1,201727844
660490408;620;164;27;20;71;46;456;84;192;85;95;339;82;12;9;39;22;257;46;104;47;60;281;82;15;11;32;24;199;38;88;38;35;11;454;23;143;114;36;119;23;126;36;420;312;108;225;58;29;17;69;44;46;16;27;52;63;99;66;Salta;66049;General Güemes;660490408;;620;187;-24,667157;-65,062696;0,226544416
660490407;1500;401;78;46;165;112;1099;286;485;201;127;778;205;33;21;88;63;573;150;241;112;70;722;196;45;25;77;49;526;136;244;89;57;20;713;44;743;161;45;168;88;192;155;944;578;366;477;70;31;36;153;101;111;25;87;105;149;292;66;Salta;66049;General Güemes;660490407;;1500;434;-24,666936;-65,056885;0,196977223
660490505;1247;334;55;45;148;86;913;227;412;164;110;659;175;27;23;82;43;484;110;224;89;61;588;159;28;22;66;43;429;117;188;75;49;15;675;67;505;135;28;140;56;170;95;818;547;271;405;96;46;43;140;75;81;18;50;78;104;230;66;Salta;66049;General Güemes;660490505;;1247;373;-24,668489;-65,050547;0,213444856
660490503;1163;343;73;43;136;91;820;238;381;123;78;579;159;29;25;68;37;420;120;180;70;50;584;184;44;18;68;54;400;118;201;53;28;14;540;22;601;96;31;101;72;121;123;697;374;323;329;34;11;40;122;70;89;23;101;71;134;221;66;Salta;66049;General Güemes;660490503;;1163;313;-24,667589;-65,041448;0,149650469
660490504;868;220;40;28;83;69;648;161;306;106;75;437;109;24;11;41;33;328;81;150;55;42;431;111;16;17;42;36;320;80;156;51;33;7;516;49;303;93;25;98;39;108;37;611;372;239;288;59;25;27;79;65;68;16;50;67;90;160;66;Salta;66049;General Güemes;660490504;;868;265;-24,669061;-65,045081;0,183851324
660070402;9;1;0;0;0;1;8;3;5;0;0;5;1;0;0;0;1;4;3;1;0;0;4;0;0;0;0;0;4;0;4;0;0;0;1;0;8;0;0;0;3;0;0;8;3;5;3;0;0;0;0;1;1;0;0;0;0;3;66;Salta;66007;Anta;660070402;;9;3;-24,79462;-64,016619;722,8450063
660490409;1342;381;73;39;165;104;961;248;445;158;110;685;198;38;27;91;42;487;127;218;83;59;657;183;35;12;74;62;474;121;227;75;51;16;531;48;763;129;19;137;91;169;206;755;401;354;346;40;15;35;160;94;102;44;103;114;155;256;66;Salta;66049;General Güemes;660490409;;1342;366;-24,670029;-65,059439;0,241426458
660490610;890;234;47;25;100;62;656;169;276;127;84;462;107;21;12;50;24;355;92;137;76;50;428;127;26;13;50;38;301;77;139;51;34;12;449;31;410;103;21;107;54;125;82;574;308;266;255;41;12;24;99;56;60;19;63;54;88;154;66;Salta;66049;General Güemes;660490610;;890;235;-24,671239;-65,036969;0,152874981
660490511;790;208;30;19;105;54;582;150;262;102;68;399;101;11;6;57;27;298;85;125;54;34;391;107;19;13;48;27;284;65;137;48;34;4;399;28;363;89;15;90;38;98;84;498;258;240;207;39;12;18;99;45;53;13;67;50;92;139;66;Salta;66049;General Güemes;660490511;;790;217;-24,671226;-65,040289;0,124798492
660490411;785;219;44;16;82;77;566;173;244;102;47;394;114;20;8;45;41;280;86;120;47;27;391;105;24;8;37;36;286;87;124;55;20;12;343;17;425;63;18;69;59;78;105;461;234;227;194;33;7;14;80;65;74;27;77;73;103;172;66;Salta;66049;General Güemes;660490411;;785;222;-24,670639;-65,056553;0,11992407
660490507;489;109;21;16;41;31;380;72;184;78;46;237;44;6;6;19;13;193;37;92;38;26;252;65;15;10;22;18;187;35;92;40;20;2;344;10;135;62;19;65;20;75;27;353;272;81;183;60;29;16;41;30;30;9;17;25;30;63;66;Salta;66049;General Güemes;660490507;;489;175;-24,671258;-65,047645;0,084153345
660490510;532;154;34;20;66;34;378;103;148;80;47;272;72;13;9;31;19;200;58;72;40;30;260;82;21;11;35;15;178;45;76;40;17;8;312;8;212;55;7;55;41;70;33;345;211;134;174;28;9;17;57;26;34;10;42;24;47;89;66;Salta;66049;General Güemes;660490510;;532;157;-24,672393;-65,042973;0,15525646
660490506;477;102;16;9;47;30;375;77;158;82;58;253;56;9;4;26;17;197;34;73;49;41;224;46;7;5;21;13;178;43;85;33;17;4;328;11;138;61;23;64;18;77;26;349;259;90;180;49;30;9;46;28;30;6;18;29;40;78;66;Salta;66049;General Güemes;660490506;;477;166;-24,671731;-65,050061;0,093947693
660490412;1118;329;57;39;142;91;789;242;344;136;67;562;156;28;21;65;42;406;131;176;64;35;556;173;29;18;77;49;383;111;168;72;32;15;481;40;597;89;19;92;76;107;113;676;393;283;307;63;23;37;132;83;91;24;92;91;135;229;66;Salta;66049;General Güemes;660490412;;1118;312;-24,67193;-65,056117;0,122977835
660490211;702;224;44;30;85;65;478;170;247;40;21;350;117;29;18;35;35;233;81;130;20;2;352;107;15;12;50;30;245;89;117;20;19;10;365;20;317;25;6;26;29;30;32;446;272;174;224;43;5;30;85;59;63;24;59;70;94;162;66;Salta;66049;General Güemes;660490211;;702;202;-24,671842;-65,067858;0,089440027
660490413;1136;334;73;35;140;86;802;216;372;136;78;585;184;37;23;68;56;401;107;183;68;43;551;150;36;12;72;30;401;109;189;68;35;11;478;57;601;99;16;101;75;115;119;683;400;283;323;50;27;30;138;76;84;25;81;79;117;209;66;Salta;66049;General Güemes;660490413;;1136;307;-24,674848;-65,053601;0,376989588
660490410;1277;378;74;34;163;107;899;390;362;102;45;652;178;26;12;83;57;474;189;209;53;23;625;200;48;22;80;50;425;201;153;49;22;14;439;28;810;47;6;48;75;63;170;729;385;344;339;37;9;27;139;84;105;30;153;99;197;373;66;Salta;66049;General Güemes;660490410;;1277;308;-24,672767;-65,062472;0,082994815
660910203;47;12;1;0;5;6;35;12;17;4;2;23;6;0;0;3;3;17;6;7;2;2;24;6;1;0;2;3;18;6;10;2;0;1;20;3;24;2;0;2;6;2;7;28;13;15;10;3;0;0;5;6;6;3;6;8;10;16;66;Salta;66091;La Poma;660910203;;47;18;-24,756077;-66,282561;379,5298909
660490508;799;191;39;23;73;56;608;112;268;134;94;422;90;20;14;34;22;332;60;132;81;59;377;101;19;9;39;34;276;52;136;53;35;10;536;39;224;115;37;119;25;137;49;559;421;138;270;89;62;22;71;54;55;8;29;55;65;124;66;Salta;66049;General Güemes;660490508;;799;279;-24,674062;-65,047634;0,184285852
660490212;1163;393;61;41;163;128;770;284;379;79;28;619;219;34;22;95;68;400;138;206;43;13;544;174;27;19;68;60;370;146;173;36;15;18;413;20;730;35;2;35;84;50;140;630;324;306;282;36;6;38;160;118;128;41;122;130;197;305;66;Salta;66049;General Güemes;660490212;;1163;269;-24,673776;-65,064415;0,164601844
660490512;932;246;48;19;102;77;686;195;300;121;70;493;135;27;12;57;39;358;86;170;57;45;439;111;21;7;45;38;328;109;130;64;25;11;489;13;430;81;26;85;50;94;66;620;341;279;280;46;15;18;100;73;77;27;92;84;128;194;66;Salta;66049;General Güemes;660490512;;932;261;-24,674043;-65,040096;0,139955646
660490306;1042;291;48;40;112;91;751;265;300;125;61;514;146;26;17;53;50;368;125;145;62;36;528;145;22;23;59;41;383;140;155;63;25;17;401;26;615;64;10;68;97;91;149;602;322;280;265;41;16;38;111;88;90;27;100;96;132;234;66;Salta;66049;General Güemes;660490306;;1042;278;-24,675664;-65,103748;0,19813173
660490305;1317;364;76;38;143;107;953;283;394;160;116;686;188;43;19;71;55;498;146;192;88;72;631;176;33;19;72;52;455;137;202;72;44;33;617;55;645;128;37;136;133;157;155;798;485;313;390;72;23;36;137;94;106;38;123;111;173;280;66;Salta;66049;General Güemes;660490305;;1317;373;-24,681145;-65,106888;0,514491916
660490509;934;206;37;28;84;57;728;151;326;161;90;477;99;15;17;45;22;378;74;168;82;54;457;107;22;11;39;35;350;77;158;79;36;9;638;19;277;118;22;120;40;140;45;683;469;214;360;74;35;28;84;56;57;19;37;66;78;143;66;Salta;66049;General Güemes;660490509;;934;309;-24,67656;-65,046457;0,181268821
660490513;798;202;40;33;76;53;596;161;254;95;86;397;97;25;17;32;23;300;86;122;43;49;401;105;15;16;44;30;296;75;132;52;37;12;433;28;337;107;18;109;45;118;66;530;305;225;256;28;21;30;74;49;52;10;50;48;73;151;66;Salta;66049;General Güemes;660490513;;798;232;-24,676766;-65,040924;0,092341541
660770105;541;120;20;10;49;41;421;109;182;86;44;267;56;9;7;23;17;211;56;92;43;20;274;64;11;3;26;24;210;53;90;43;24;11;398;8;135;64;5;65;14;76;27;394;306;88;177;29;100;10;48;40;41;23;34;48;56;113;66;Salta;66077;La Caldera;660770105;;541;195;-24,681329;-65,410637;1,027641561
660490514;911;230;39;25;103;63;681;189;294;123;75;460;109;25;9;38;37;351;88;156;64;43;451;121;14;16;65;26;330;101;138;59;32;9;519;23;369;91;24;100;51;114;72;609;384;225;312;48;24;25;102;59;63;24;66;72;103;188;66;Salta;66049;General Güemes;660490514;;911;251;-24,678729;-65,04278;0,13421964
660490307;963;246;41;23;105;77;717;188;300;168;61;497;125;18;10;60;37;372;98;145;92;37;466;121;23;13;45;40;345;90;155;76;24;12;550;23;390;107;19;108;86;126;80;637;400;237;297;76;27;23;104;73;76;27;60;82;104;181;66;Salta;66049;General Güemes;660490307;;963;257;-24,679233;-65,104193;0,12344474
660490515;904;224;44;22;95;63;680;157;294;134;95;486;120;27;17;41;35;366;90;150;67;59;418;104;17;5;54;28;314;67;144;67;36;10;520;22;362;117;35;119;49;128;111;569;407;162;300;70;37;21;92;57;63;9;44;53;74;143;66;Salta;66049;General Güemes;660490515;;904;267;-24,678831;-65,045932;0,098613434
660070315;899;312;69;33;121;89;587;176;254;109;48;467;167;44;19;62;42;300;101;116;56;27;432;145;25;14;59;47;287;75;138;53;21;13;435;17;447;62;10;63;89;85;163;424;194;230;152;25;17;26;108;72;88;12;84;68;122;185;66;Salta;66007;Anta;660070315;;899;243;-24,67509;-64,198996;0,639322228
660770106;346;82;10;8;38;26;264;51;134;62;17;187;54;5;7;27;15;133;21;73;29;10;159;28;5;1;11;11;131;30;61;33;7;5;250;3;93;25;2;25;5;30;10;254;225;29;135;27;63;8;38;26;26;5;6;21;22;51;66;Salta;66077;La Caldera;660770106;;346;124;-24,686182;-65,401875;1,024441315
660490308;879;214;44;26;74;70;665;173;277;128;87;465;105;22;15;35;33;360;105;132;71;52;414;109;22;11;39;37;305;68;145;57;35;17;553;17;309;103;25;107;65;122;49;616;430;186;288;108;34;26;73;66;68;10;27;59;72;170;66;Salta;66049;General Güemes;660490308;;879;264;-24,681869;-65,099778;0,291801491
660770107;538;141;24;9;58;50;397;87;197;89;24;282;67;10;5;24;28;215;46;107;50;12;256;74;14;4;34;22;182;41;90;39;12;9;425;9;104;37;6;38;9;47;18;379;349;30;205;33;111;8;58;49;49;6;9;48;50;105;66;Salta;66077;La Caldera;660770107;;538;174;-24,688492;-65,411997;0,831328367
660490309;1170;370;71;41;165;93;800;270;359;113;58;589;179;33;19;83;44;410;135;186;58;31;581;191;38;22;82;49;390;135;173;55;27;30;588;24;558;75;10;77;96;90;91;709;457;252;362;66;29;39;158;84;91;39;87;93;128;245;66;Salta;66049;General Güemes;660490309;;1170;317;-24,686797;-65,099128;0,437013599
660770108;848;266;39;27;120;80;582;132;312;91;47;430;129;16;11;57;45;301;70;163;43;25;418;137;23;16;63;35;281;62;149;48;22;15;590;24;234;58;11;62;21;73;37;545;431;114;273;59;99;27;119;79;79;8;27;72;81;159;66;Salta;66077;La Caldera;660770108;;848;271;-24,690918;-65,415939;0,579529652
660770109;339;81;14;13;33;21;258;52;146;41;19;172;38;6;8;15;9;134;29;71;26;8;167;43;8;5;18;12;124;23;75;15;11;6;273;4;62;21;4;21;6;27;11;247;216;31;114;25;77;13;33;20;20;4;11;19;23;55;66;Salta;66077;La Caldera;660770109;;339;127;-24,69503;-65,404056;0,94555586
660770110;682;193;35;14;78;66;489;153;253;61;22;347;97;16;8;41;32;250;70;135;34;11;335;96;19;6;37;34;239;83;118;27;11;16;414;16;252;27;5;28;26;35;37;452;311;141;218;37;56;14;78;59;65;18;57;65;93;169;66;Salta;66077;La Caldera;660770110;;682;207;-24,700629;-65,398056;1,503145825
660490310;957;373;51;42;175;105;584;173;359;39;13;509;195;30;19;83;63;314;88;198;20;8;448;178;21;23;92;42;270;85;161;19;5;12;623;21;313;16;3;18;86;22;36;548;395;153;316;68;11;41;171;100;104;19;52;98;127;215;66;Salta;66049;General Güemes;660490310;;957;256;-24,690964;-65,10208;0,149640282
660770112;492;111;16;9;51;35;381;103;168;75;35;246;59;10;5;25;19;187;51;82;35;19;246;52;6;4;26;16;194;52;86;40;16;5;329;9;154;50;7;50;16;58;29;352;277;75;171;31;75;9;51;32;34;7;27;29;41;91;66;Salta;66077;La Caldera;660770112;;492;163;-24,695043;-65,416421;0,624237244
660285001;595;179;35;14;71;59;416;68;224;87;37;298;94;21;5;34;34;204;32;113;44;15;297;85;14;9;37;25;212;36;111;43;22;18;484;74;37;46;2;46;14;55;13;403;374;29;146;23;205;12;68;55;59;6;12;51;59;99;66;Salta;66028;Capital;660285001;;595;195;-24,70919;-65,481813;2,787811664
660770113;654;185;30;13;92;50;469;133;217;87;32;332;94;10;10;48;26;238;59;117;44;18;322;91;20;3;44;24;231;74;100;43;14;8;401;32;221;39;8;41;34;52;38;431;270;161;212;31;27;12;91;44;48;14;38;42;57;112;66;Salta;66077;La Caldera;660770113;;654;182;-24,696593;-65,418795;0,240532518
660770115;666;192;34;22;83;53;474;102;246;87;39;313;86;13;9;41;23;227;51;118;40;18;353;106;21;13;42;30;247;51;128;47;21;12;414;23;229;47;8;48;20;59;44;430;336;94;205;33;98;22;81;50;52;5;33;44;63;109;66;Salta;66077;La Caldera;660770115;;666;216;-24,704804;-65,420172;1,639944475
660280102;1027;309;50;35;135;89;718;202;323;128;65;521;162;31;17;70;44;359;98;170;61;30;506;147;19;18;65;45;359;104;153;67;35;13;654;15;358;76;13;81;35;97;55;663;430;233;268;45;117;35;131;85;89;27;74;92;121;210;66;Salta;66028;Capital;660280102;;1027;315;-24,737431;-65,538822;39,38475084
660490311;721;291;50;24;121;96;430;172;212;35;11;380;145;29;10;58;48;235;95;116;18;6;341;146;21;14;63;48;195;77;96;17;5;16;198;14;509;10;2;11;53;15;82;348;198;150;175;19;4;20;119;92;96;18;68;97;131;209;66;Salta;66049;General Güemes;660490311;;721;179;-24,69494;-65,101284;0,091246361
660490312;390;125;31;5;55;34;265;98;130;27;10;197;64;15;2;29;18;133;50;67;11;5;193;61;16;3;26;16;132;48;63;16;5;14;179;9;202;12;1;13;22;17;59;206;95;111;88;5;2;5;54;32;32;14;46;37;54;97;66;Salta;66049;General Güemes;660490312;;390;98;-24,69541;-65,149465;0,12745815
660770111;884;237;50;25;106;56;647;167;317;104;59;428;102;24;16;38;24;326;80;157;53;36;456;135;26;9;68;32;321;87;160;51;23;20;515;25;344;76;13;78;26;94;30;617;444;173;304;61;79;25;104;55;56;14;50;60;81;162;66;Salta;66077;La Caldera;660770111;;884;288;-24,705133;-65,405786;0,757701217
660770114;669;146;27;17;57;45;523;159;241;90;33;343;73;13;9;30;21;270;70;131;50;19;326;73;14;8;27;24;253;89;110;40;14;7;429;16;224;45;9;45;18;55;26;497;380;117;260;53;67;17;56;40;43;14;33;43;60;150;66;Salta;66077;La Caldera;660770114;;669;220;-24,703704;-65,413232;0,804892952
660070304;110;31;3;2;16;10;79;16;34;20;9;47;11;0;1;7;3;36;8;19;6;3;63;20;3;1;9;7;43;8;15;14;6;1;80;2;28;12;0;12;4;18;22;57;26;31;19;2;5;2;16;7;10;0;9;4;13;18;66;Salta;66007;Anta;660070304;;110;37;-24,847915;-64,399278;349,1471988
661470204;52;23;4;1;9;9;29;6;18;3;2;23;11;2;0;6;3;12;1;9;1;1;29;12;2;1;3;6;17;5;9;2;1;0;5;1;46;3;2;3;2;3;10;19;5;14;4;0;1;1;9;8;9;0;5;5;8;9;66;Salta;66147;Rosario de Lerma;661470204;;52;15;-24,822488;-65,931193;253,1644793
660280515;561;217;22;13;116;66;344;75;225;30;14;266;87;10;5;55;17;179;43;115;13;8;295;130;12;8;61;49;165;32;110;17;6;10;428;3;130;16;4;16;16;24;37;307;245;62;176;38;31;13;115;64;66;12;27;61;69;105;66;Salta;66028;Capital;660280515;;561;162;-24,737682;-65,44591;36,35970608
660280202;71;16;1;2;9;4;55;20;16;10;9;41;10;1;0;6;3;31;10;10;7;4;30;6;0;2;3;1;24;10;6;3;5;1;42;6;23;9;0;9;5;12;8;47;25;22;20;3;2;2;9;4;4;4;7;7;7;16;66;Salta;66028;Capital;660280202;;71;23;-24,751907;-65,208081;177,2688873
660280701;1188;484;78;49;229;128;704;286;345;48;25;595;231;42;21;103;65;364;150;178;24;12;593;253;36;28;126;63;340;136;167;24;13;24;251;55;882;21;1;21;59;32;103;601;263;338;237;20;6;47;228;123;128;45;165;140;223;305;66;Salta;66028;Capital;660280701;;1188;310;-24,711398;-65,39775;0,207632808
660280603;1440;434;66;50;180;138;1006;397;398;131;80;740;218;33;21;91;73;522;194;214;67;47;700;216;33;29;89;65;484;203;184;64;33;19;561;85;794;77;9;79;90;106;120;886;538;348;466;40;32;45;178;127;137;69;153;159;222;386;66;Salta;66028;Capital;660280603;;1440;399;-24,713191;-65,402579;0,12845221
660280602;1627;476;82;45;208;141;1151;503;494;116;38;853;246;39;21;106;80;607;256;265;61;25;774;230;43;24;102;61;544;247;229;55;13;23;568;53;1006;27;2;28;70;57;105;1046;604;442;529;51;24;44;205;134;139;72;192;180;262;470;66;Salta;66028;Capital;660280602;;1627;415;-24,712281;-65,405164;0,135474317
660280601;1000;236;55;22;91;68;764;247;307;110;100;552;121;30;6;44;41;431;127;173;61;70;448;115;25;16;47;27;333;120;134;49;30;15;555;45;400;110;30;112;31;125;32;732;533;199;413;65;55;20;87;64;68;28;79;81;120;232;66;Salta;66028;Capital;660280601;;1000;321;-24,714965;-65,40801;0,199674958
660070303;426;144;37;7;54;46;282;123;111;36;12;219;72;19;4;23;26;147;67;59;15;6;207;72;18;3;31;20;135;56;52;21;6;12;203;4;219;14;2;15;33;17;60;222;132;90;94;29;9;5;46;32;45;6;56;34;72;122;66;Salta;66007;Anta;660070303;;426;111;-24,766499;-64,215995;109,3616784
660490303;262;83;13;11;37;22;179;63;79;26;11;124;46;5;7;22;12;78;21;38;11;8;138;37;8;4;15;10;101;42;41;15;3;4;98;4;160;13;9;15;18;22;33;146;41;105;39;1;1;11;35;19;22;9;43;24;50;64;66;Salta;66049;General Güemes;660490303;;262;69;-24,744671;-65,054594;32,66631113
660070308;18;4;0;0;3;1;14;2;7;3;2;7;2;0;0;2;0;5;2;1;0;2;11;2;0;0;1;1;9;0;6;3;0;0;11;0;7;3;0;3;0;4;3;11;2;9;1;1;0;0;2;0;1;0;2;0;2;2;66;Salta;66007;Anta;660070308;;18;7;-24,806767;-64,596805;393,8774433
660910205;767;245;37;24;109;75;522;191;224;70;37;389;128;23;12;56;37;261;92;116;33;20;378;117;14;12;53;38;261;99;108;37;17;16;364;73;330;42;6;42;70;53;58;464;276;188;217;44;15;24;108;72;75;27;61;79;101;187;66;Salta;66091;La Poma;660910205;;767;226;-24,72165;-66,199892;0,531150844
660280702;1362;420;80;35;166;139;942;402;404;95;41;690;218;38;18;89;73;472;184;213;52;23;672;202;42;17;77;66;470;218;191;43;18;19;431;70;861;42;7;43;109;60;96;846;443;403;388;36;19;32;158;125;139;45;167;150;235;400;66;Salta;66028;Capital;660280702;;1362;332;-24,713455;-65,398299;0,107069744
660280705;1601;570;100;73;243;154;1031;419;467;95;50;809;272;44;31;127;70;537;207;240;55;35;792;298;56;42;116;84;494;212;227;40;15;24;448;55;1098;47;9;50;144;71;165;866;419;447;376;30;13;66;234;140;154;55;203;159;259;422;66;Salta;66028;Capital;660280705;;1601;376;-24,715605;-65,39477;0,130836088
660280706;1025;358;80;37;147;94;667;259;305;76;27;515;185;41;18;76;50;330;127;154;37;12;510;173;39;19;71;44;337;132;151;39;15;20;311;25;689;33;1;33;75;49;98;569;273;296;254;14;5;35;144;86;94;34;112;95;144;246;66;Salta;66028;Capital;660280706;;1025;272;-24,716791;-65,390828;0,502609792
660280201;256;80;17;6;38;19;176;33;103;26;14;119;36;10;4;10;12;83;14;51;13;5;137;44;7;2;28;7;93;19;52;13;9;9;204;8;44;16;5;17;5;22;14;162;131;31;61;11;59;6;37;15;19;1;8;10;17;30;66;Salta;66028;Capital;660280201;;256;83;-24,746589;-65,34623;54,53748204
660280703;1820;523;102;68;200;153;1297;471;585;188;53;953;257;51;39;99;68;696;249;316;103;28;867;266;51;29;101;85;601;222;269;85;25;29;667;81;1072;65;16;70;115;97;168;1129;675;454;579;61;35;66;197;145;150;71;190;175;243;436;66;Salta;66028;Capital;660280703;;1820;485;-24,716163;-65,400469;0,141437415
660280604;985;204;25;18;92;69;781;259;313;132;77;527;109;13;12;49;35;418;135;159;81;43;458;95;12;6;43;34;363;124;154;51;34;9;585;48;352;100;22;107;33;114;44;737;561;176;442;39;80;16;90;63;67;20;52;67;89;227;66;Salta;66028;Capital;660280604;;985;306;-24,716187;-65,405967;0,119508183
660280704;1753;516;108;65;219;124;1237;472;549;154;62;860;231;48;27;103;53;629;223;288;86;32;893;285;60;38;116;71;608;249;261;68;30;36;617;53;1083;68;6;69;141;94;130;1107;626;481;530;59;37;60;211;115;120;50;176;121;202;379;66;Salta;66028;Capital;660280704;;1753;462;-24,716465;-65,397407;0,142298246
660280605;994;229;41;23;90;75;765;194;331;120;120;563;115;26;10;44;35;448;113;191;69;75;431;114;15;13;46;40;317;81;140;51;45;20;651;32;311;149;37;153;38;165;12;753;591;162;425;73;93;23;89;72;74;13;20;62;69;173;66;Salta;66028;Capital;660280605;;994;329;-24,717289;-65,403717;0,123597718
660280502;997;329;43;25;153;108;668;190;394;70;14;539;172;27;13;73;59;367;102;219;37;9;458;157;16;12;80;49;301;88;175;33;5;15;728;27;242;23;5;24;34;29;20;648;500;148;363;62;75;24;152;107;107;21;48;105;121;219;66;Salta;66028;Capital;660280502;;997;334;-24,716476;-65,416876;0,15636703
660280501;419;54;18;7;20;9;365;117;212;24;12;229;26;8;2;11;5;203;69;116;13;5;190;28;10;5;9;4;162;48;96;11;7;8;332;6;81;16;3;16;14;20;4;361;336;25;215;48;73;7;20;9;9;4;9;11;13;80;66;Salta;66028;Capital;660280501;;419;275;-24,716199;-65,422814;0,055957814
660280503;1235;414;64;38;185;127;821;221;517;61;22;641;194;29;20;83;62;447;121;286;28;12;594;220;35;18;102;65;374;100;231;33;10;25;934;26;275;24;1;24;21;31;37;784;670;114;428;67;175;36;183;121;126;15;44;99;121;248;66;Salta;66028;Capital;660280503;;1235;399;-24,718046;-65,41273;0,266120255
660280506;591;146;23;11;66;46;445;140;249;41;15;327;71;9;5;32;25;256;77;141;26;12;264;75;14;6;34;21;189;63;108;15;3;8;462;14;115;20;6;23;6;28;8;437;397;40;299;40;58;11;66;46;46;3;10;43;46;127;66;Salta;66028;Capital;660280506;;591;280;-24,718057;-65,42266;0,083437506
660280505;980;268;33;19;115;101;712;198;390;101;23;525;137;21;13;61;42;388;112;204;57;15;455;131;12;6;54;59;324;86;186;44;8;8;746;21;213;28;5;28;43;37;14;698;566;132;398;83;85;19;113;99;99;17;36;96;107;213;66;Salta;66028;Capital;660280505;;980;351;-24,720157;-65,420241;0,135074902
660280504;1587;535;73;54;248;160;1052;272;613;134;33;852;264;46;26;112;80;588;148;352;75;13;735;271;27;28;136;80;464;124;261;59;20;23;1252;26;309;50;4;52;60;58;37;1015;846;169;642;120;84;52;247;156;157;33;52;152;165;334;66;Salta;66028;Capital;660280504;;1587;439;-24,720936;-65,417801;0,198769084
660280707;1916;529;106;54;232;137;1387;496;564;245;82;1019;266;58;23;126;59;753;261;310;140;42;897;263;48;31;106;78;634;235;254;105;40;32;652;73;1191;98;13;103;137;131;140;1247;709;538;615;67;27;51;222;131;136;48;163;145;216;422;66;Salta;66028;Capital;660280707;;1916;554;-24,719464;-65,397897;0,18695976
660280507;865;285;31;20;113;121;580;152;347;58;23;450;129;13;11;51;54;321;70;201;34;16;415;156;18;9;62;67;259;82;146;24;7;10;746;19;100;30;14;31;17;34;7;573;500;73;305;70;125;19;113;117;119;21;28;110;118;220;66;Salta;66028;Capital;660280507;;865;251;-24,720276;-65,423207;0,096221355
660285002;988;255;39;26;104;86;733;172;344;150;67;500;122;20;11;50;41;378;74;182;81;41;488;133;19;15;54;45;355;98;162;69;26;16;760;20;208;88;11;90;24;99;39;694;557;137;301;56;200;26;99;85;85;15;35;82;92;188;66;Salta;66028;Capital;660285002;;988;300;-24,726735;-65,497121;1,891455108
660280607;546;96;18;13;40;25;450;146;212;39;53;302;51;11;8;18;14;251;66;121;28;36;244;45;7;5;22;11;199;80;91;11;17;9;367;19;160;56;16;59;21;63;19;431;363;68;291;33;39;13;40;24;24;11;25;25;34;121;66;Salta;66028;Capital;660280607;;546;223;-24,719701;-65,407343;0,067317631
660280606;773;147;39;18;48;42;626;200;279;92;55;438;84;18;7;29;30;354;108;152;58;36;335;63;21;11;19;12;272;92;127;34;19;12;515;45;213;74;11;76;23;88;26;600;517;83;395;53;69;18;48;40;40;10;16;41;42;161;66;Salta;66028;Capital;660280606;;773;320;-24,720108;-65,404084;0,058873899
660280608;1009;175;32;20;70;53;834;246;309;120;159;530;80;12;7;34;27;450;120;165;63;102;479;95;20;13;36;26;384;126;144;57;57;14;726;20;263;182;44;186;19;200;34;800;665;135;490;77;98;20;70;51;52;11;29;52;65;209;66;Salta;66028;Capital;660280608;;1009;385;-24,722625;-65,408011;0,185640738
660280513;1353;436;49;49;188;150;917;243;490;139;45;701;191;17;26;88;60;510;132;270;77;31;652;245;32;23;100;90;407;111;220;62;14;15;1000;37;316;59;11;62;37;82;29;888;715;173;509;112;94;46;186;150;150;22;48;137;152;292;66;Salta;66028;Capital;660280513;;1353;374;-24,723982;-65,411346;0,285457139
660280512;1634;552;67;40;264;181;1082;311;605;124;42;875;274;33;18;129;94;601;153;351;71;26;759;278;34;22;135;87;481;158;254;53;16;26;1250;51;333;56;8;56;46;69;39;1043;834;209;596;123;115;38;258;176;180;48;82;185;210;391;66;Salta;66028;Capital;660280512;;1634;425;-24,721645;-65,414562;0,161003878
660490209;55;12;4;1;1;6;43;13;17;7;6;22;6;3;0;1;2;16;5;6;3;2;33;6;1;1;0;4;27;8;11;4;4;1;22;0;33;7;1;7;6;7;6;37;16;21;12;2;2;0;1;4;6;1;4;5;10;15;66;Salta;66049;General Güemes;660490209;;55;20;-24,840715;-65,017633;190,9236513
660280708;1139;298;68;39;112;79;841;354;348;107;32;589;145;31;21;58;35;444;190;181;58;15;550;153;37;18;54;44;397;164;167;49;17;21;439;18;682;44;2;45;46;60;63;778;483;295;397;60;26;35;106;66;75;35;110;79;134;297;66;Salta;66028;Capital;660280708;;1139;336;-24,721817;-65,401163;0,118672221
660280709;1175;378;78;34;170;96;797;268;343;149;37;603;187;32;18;90;47;416;137;171;87;21;572;191;46;16;80;49;381;131;172;62;16;17;465;42;668;63;7;64;88;71;86;711;381;330;330;40;11;29;164;88;96;30;108;99;157;260;66;Salta;66028;Capital;660280709;;1175;300;-24,721709;-65,397986;0,081472066
660280712;1528;480;91;53;236;100;1048;357;449;192;50;787;245;44;26;123;52;542;167;233;110;32;741;235;47;27;113;48;506;190;216;82;18;19;464;61;1003;69;10;70;95;92;125;923;469;454;395;52;22;49;234;93;100;34;154;98;168;286;66;Salta;66028;Capital;660280712;;1528;374;-24,722424;-65,395378;0,102356207
660280609;1307;238;39;21;104;74;1069;302;410;160;197;727;116;15;8;57;36;611;173;212;93;133;580;122;24;13;47;38;458;129;198;67;64;18;934;35;338;227;58;231;28;247;22;1047;877;170;640;120;117;21;104;71;72;22;45;75;94;273;66;Salta;66028;Capital;660280609;;1307;477;-24,72312;-65,404586;0,156489236
660280713;1517;503;93;55;210;145;1014;343;446;172;53;795;254;47;25;105;77;541;172;233;102;34;722;249;46;30;105;68;473;171;213;70;19;20;481;61;975;65;11;69;126;95;123;891;437;454;377;36;24;51;200;130;143;38;152;134;213;326;66;Salta;66028;Capital;660280713;;1517;399;-24,724034;-65,393319;0,111571585
660280508;1087;312;29;31;129;123;775;210;436;102;27;593;153;14;18;59;62;440;109;255;58;18;494;159;15;13;70;61;335;101;181;44;9;21;904;34;149;41;10;41;25;50;18;757;685;72;434;86;165;31;129;121;122;18;31;110;118;250;66;Salta;66028;Capital;660280508;;1087;332;-24,722791;-65,422943;0,094268357
660280710;1049;316;57;37;120;102;733;238;329;125;41;558;150;27;19;61;43;408;127;177;77;27;491;166;30;18;59;59;325;111;152;48;14;13;368;32;649;51;2;51;75;72;81;652;389;263;329;35;25;29;112;90;99;16;76;82;131;229;66;Salta;66028;Capital;660280710;;1049;285;-24,723945;-65,398503;0,078660571
660280610;519;87;14;12;38;23;432;211;168;37;16;290;43;8;8;17;10;247;125;89;24;9;229;44;6;4;21;13;185;86;79;13;7;4;265;15;239;14;1;14;18;25;18;414;338;76;282;29;27;11;38;19;20;15;27;28;36;175;66;Salta;66028;Capital;660280610;;519;248;-24,724311;-65,402567;0,038194667
660280510;1116;364;62;47;164;91;752;147;509;74;22;576;169;37;19;64;49;407;77;274;44;12;540;195;25;28;100;42;345;70;235;30;10;25;923;58;135;32;7;32;25;43;13;739;645;94;392;100;153;47;164;87;90;15;23;84;92;174;66;Salta;66028;Capital;660280510;;1116;348;-24,725109;-65,419504;0,139604157
660280509;1165;351;47;25;144;135;814;218;470;101;25;618;177;23;14;75;65;441;102;266;55;18;547;174;24;11;69;70;373;116;204;46;7;23;1012;23;130;39;7;39;21;46;21;793;710;83;448;78;184;25;144;131;134;13;26;123;136;286;66;Salta;66028;Capital;660280509;;1165;346;-24,725781;-65,422919;0,135425919
660280511;1329;441;42;29;214;156;888;221;564;79;24;739;235;19;17;116;83;504;125;322;40;17;590;206;23;12;98;73;384;96;242;39;7;15;1132;45;152;31;5;31;28;36;6;882;788;94;486;105;197;29;213;155;155;19;30;125;132;278;66;Salta;66028;Capital;660280511;;1329;391;-24,725606;-65,415471;0,170680903
660280611;722;134;27;20;41;46;588;220;251;88;29;381;70;10;12;22;26;311;116;133;48;14;341;64;17;8;19;20;277;104;118;40;15;9;360;29;333;46;5;47;40;57;37;551;400;151;336;35;29;20;40;44;46;13;33;48;65;198;66;Salta;66028;Capital;660280611;;722;255;-24,725062;-65,400252;0,075087143
660285003;403;109;19;15;45;30;294;53;135;67;39;211;52;13;6;23;10;159;27;77;35;20;192;57;6;9;22;20;135;26;58;32;19;6;337;8;58;46;11;48;4;56;8;286;241;45;112;29;100;15;45;28;28;2;9;25;26;57;66;Salta;66028;Capital;660285003;;403;125;-24,727159;-65,48635;0,3903975
660280711;1133;311;49;37;137;88;822;243;381;159;39;611;158;27;18;69;44;453;133;207;93;20;522;153;22;19;68;44;369;110;174;66;19;13;515;15;603;52;2;53;74;76;89;733;447;286;380;39;28;34;128;80;88;20;79;67;107;209;66;Salta;66028;Capital;660280711;;1133;302;-24,725216;-65,39579;0,070164467
660285005;1103;331;61;30;155;85;772;246;353;119;54;564;163;29;18;78;38;401;123;184;65;29;539;168;32;12;77;47;371;123;169;54;25;18;554;53;496;66;13;70;40;85;71;701;431;270;307;34;90;30;148;78;82;28;96;76;115;224;66;Salta;66028;Capital;660285005;;1103;300;-24,729449;-65,481539;0,44208008
660280615;626;114;20;16;43;35;512;156;219;73;64;325;52;8;8;21;15;273;77;111;46;39;301;62;12;8;22;20;239;79;108;27;25;8;371;28;227;88;13;91;35;100;34;478;353;125;288;32;33;16;43;32;34;19;35;45;61;145;66;Salta;66028;Capital;660280615;;626;234;-24,727437;-65,406766;0,392967969
660070801;1543;623;123;72;275;153;920;314;481;91;34;782;310;65;36;140;69;472;167;246;47;12;761;313;58;36;135;84;448;147;235;44;22;20;663;32;848;43;2;44;100;51;174;746;415;331;296;90;29;62;257;130;149;35;147;126;203;308;66;Salta;66007;Anta;660070801;;1543;372;-24,717938;-64,197742;0,212971779
660280612;826;167;17;17;69;64;659;163;276;101;119;433;81;13;9;32;27;352;76;146;58;72;393;86;4;8;37;37;307;87;130;43;47;4;548;37;241;146;39;150;26;160;27;632;484;148;352;66;66;16;69;59;63;14;25;62;74;181;66;Salta;66028;Capital;660280612;;826;268;-24,727112;-65,400513;0,082430713
660280801;1551;384;56;46;158;124;1167;289;541;178;159;827;190;24;26;76;64;637;141;272;108;116;724;194;32;20;82;60;530;148;269;70;43;14;816;55;680;187;48;200;93;227;62;1105;730;375;598;74;58;46;153;112;122;32;91;117;166;300;66;Salta;66028;Capital;660280801;;1551;461;-24,727624;-65,396932;0,1232118
660280514;983;296;29;31;118;118;687;183;391;79;34;524;140;10;23;54;53;384;94;224;45;21;459;156;19;8;64;65;303;89;167;34;13;10;810;20;153;39;12;42;16;46;8;679;593;86;388;70;135;31;118;117;117;19;33;110;119;233;66;Salta;66028;Capital;660280514;;983;292;-24,728361;-65,41749;0,333220583
660280802;722;168;37;11;74;46;554;127;248;108;71;381;89;23;9;35;22;292;61;127;64;40;341;79;14;2;39;24;262;66;121;44;31;11;397;43;282;101;18;106;40;121;23;531;345;186;296;33;16;10;72;42;45;10;29;42;54;117;66;Salta;66028;Capital;660280802;;722;222;-24,727567;-65,394006;0,040480927
660280803;873;219;42;26;80;71;654;191;287;77;99;470;126;27;15;41;43;344;92;147;45;60;403;93;15;11;39;28;310;99;140;32;39;8;422;35;416;113;21;117;50;129;54;600;298;302;246;38;14;25;79;69;70;37;101;93;132;194;66;Salta;66028;Capital;660280803;;873;243;-24,728839;-65,393363;0,068624964
660070805;986;325;91;35;108;91;661;210;318;97;36;500;162;47;17;50;48;338;103;165;48;22;486;163;44;18;58;43;323;107;153;49;14;24;520;47;419;47;3;49;106;61;107;554;314;240;219;63;32;31;90;70;90;16;88;69;132;210;66;Salta;66007;Anta;660070805;;986;250;-24,721635;-64,189617;0,369690968
660280614;789;164;24;11;69;60;625;182;294;53;96;408;80;16;6;29;29;328;97;145;30;56;381;84;8;5;40;31;297;85;149;23;40;6;423;12;354;106;22;108;60;121;39;586;367;219;313;41;13;9;67;56;59;27;62;72;94;166;66;Salta;66028;Capital;660280614;;789;221;-24,729635;-65,403765;0,060263304
660285004;864;284;48;37;119;80;580;141;304;86;49;470;156;23;23;65;45;314;77;163;46;28;394;128;25;14;54;35;266;64;141;40;21;12;560;17;287;67;14;69;33;77;47;533;390;143;257;31;102;36;116;79;80;24;54;86;107;166;66;Salta;66028;Capital;660285004;;864;249;-24,731797;-65,488446;0,362106008
660070807;1307;413;77;44;147;145;894;285;427;122;60;644;216;44;23;72;77;428;128;220;52;28;663;197;33;21;75;68;466;157;207;70;32;16;597;26;684;77;7;78;121;91;218;676;309;367;241;52;16;38;141;123;141;19;128;108;193;306;66;Salta;66007;Anta;660070807;;1307;345;-24,72863;-64,187341;0,339430511
660280908;591;107;24;14;45;24;484;137;211;92;44;301;49;10;9;22;8;252;65;105;53;29;290;58;14;5;23;16;232;72;106;39;15;9;472;19;100;64;13;66;10;73;17;467;413;54;279;55;79;14;45;23;23;7;14;29;32;110;66;Salta;66028;Capital;660280908;;591;238;-24,737445;-65,405431;0,107736234
660280809;1030;206;52;17;85;52;824;267;305;204;48;558;89;25;7;37;20;469;145;168;130;26;472;117;27;10;48;32;355;122;137;74;22;16;775;23;232;75;15;76;18;89;19;805;694;111;461;102;131;16;83;51;52;12;32;53;68;198;66;Salta;66028;Capital;660280809;;1030;320;-24,738258;-65,398577;0,126400539
660070810;867;256;39;39;115;63;611;191;275;104;41;441;124;19;17;60;28;317;99;143;51;24;426;132;20;22;55;35;294;92;132;53;17;13;425;71;371;51;9;52;82;67;108;503;311;192;215;62;34;35;104;46;60;14;82;49;95;162;66;Salta;66007;Anta;660070810;;867;228;-24,732273;-64,199424;0,358995192
660070811;1322;467;118;54;182;113;855;323;377;114;41;672;238;61;24;89;64;434;163;197;54;20;650;229;57;30;93;49;421;160;180;60;21;31;501;58;763;62;7;62;86;78;210;645;335;310;267;45;23;48;174;93;113;32;167;103;204;320;66;Salta;66007;Anta;660070811;;1322;365;-24,730058;-64,201411;0,208145537
660280907;598;146;25;18;61;42;452;115;229;77;31;329;76;13;13;28;22;253;59;128;51;15;269;70;12;5;33;20;199;56;101;26;16;4;444;17;137;54;7;56;14;62;22;430;379;51;253;40;86;18;58;41;41;5;8;38;40;113;66;Salta;66028;Capital;660280907;;598;217;-24,738066;-65,407509;0,041052347
660280909;1213;404;57;51;186;110;809;191;486;105;27;656;201;27;25;102;47;455;102;272;67;14;557;203;30;26;84;63;354;89;214;38;13;13;908;78;227;41;4;41;39;50;30;779;646;133;500;94;52;49;184;106;109;19;30;92;101;211;66;Salta;66028;Capital;660280909;;1213;359;-24,74196;-65,405551;0,665037661
660280811;1094;207;43;31;92;41;887;305;374;167;41;605;104;19;19;43;23;501;171;191;111;28;489;103;24;12;49;18;386;134;183;56;13;19;799;18;277;85;19;85;24;91;16;871;735;136;537;96;102;30;92;34;36;11;32;33;46;201;66;Salta;66028;Capital;660280811;;1094;394;-24,73936;-65,402761;0,071398003
660140102;270;80;16;8;26;30;190;64;69;37;20;143;47;8;7;16;16;96;30;35;20;11;127;33;8;1;10;14;94;34;34;17;9;4;66;9;195;22;0;22;38;29;56;134;49;85;45;4;0;7;26;27;30;9;28;27;41;64;66;Salta;66014;Cachi;660140102;;270;75;-24,86814;-66,058573;285,3976443
660280812;866;169;43;24;70;32;697;243;260;148;46;486;74;18;14;28;14;412;138;148;94;32;380;95;25;10;42;18;285;105;112;54;14;9;600;13;253;75;15;76;37;86;24;673;545;128;384;78;83;23;67;30;30;9;32;32;44;160;66;Salta;66028;Capital;660280812;;866;291;-24,73985;-65,399304;0,057982311
660285009;1267;338;56;30;129;123;929;264;433;166;66;646;173;24;18;64;67;473;121;234;88;30;621;165;32;12;65;56;456;143;199;78;36;24;876;28;363;79;9;80;30;110;51;878;672;206;340;60;272;29;125;115;121;20;76;97;140;264;66;Salta;66028;Capital;660285009;;1267;377;-24,743819;-65,485917;0,798203953
660280813;622;195;31;19;80;65;427;138;240;39;10;320;81;8;10;33;30;239;72;140;21;6;302;114;23;9;47;35;188;66;100;18;4;8;452;11;159;11;2;12;12;14;13;414;331;83;243;31;57;19;79;63;63;13;25;66;76;149;66;Salta;66028;Capital;660280813;;622;208;-24,742603;-65,397967;0,16854986
660285008;784;211;33;32;73;73;573;126;259;121;67;396;104;21;23;33;27;292;57;141;56;38;388;107;12;9;40;46;281;69;118;65;29;18;649;17;118;88;9;88;19;100;17;556;486;70;242;42;202;29;72;72;72;3;19;65;77;150;66;Salta;66028;Capital;660285008;;784;257;-24,746782;-65,494546;0,90801322
660280910;1343;484;63;43;231;147;859;211;536;88;24;752;257;29;24;132;72;495;117;304;56;18;591;227;34;19;99;75;364;94;232;32;6;18;1105;39;199;37;8;37;63;45;11;848;675;173;522;104;49;42;228;142;143;27;43;131;141;246;66;Salta;66028;Capital;660280910;;1343;383;-24,742907;-65,410148;0,13856453
660281201;1337;328;57;41;139;91;1009;203;506;156;144;717;164;32;25;64;43;553;108;279;85;81;620;164;25;16;75;48;456;95;227;71;63;20;1000;49;288;179;45;186;31;204;55;954;772;182;483;107;182;41;136;85;88;12;27;81;92;207;66;Salta;66028;Capital;660281201;;1337;435;-24,749186;-65,394794;1,124433155
660280814;737;227;34;30;108;55;510;144;266;71;29;371;112;17;13;58;24;259;65;143;38;13;366;115;17;17;50;31;251;79;123;33;16;4;447;57;233;38;5;40;29;45;24;486;334;152;254;54;26;30;107;52;55;19;46;55;77;143;66;Salta;66028;Capital;660280814;;737;201;-24,746469;-65,400268;0,170009339
661050208;30;10;3;0;1;6;20;6;8;4;2;15;4;1;0;0;3;11;4;5;2;0;15;6;2;0;1;3;9;2;3;2;2;2;19;1;10;2;0;2;3;2;9;11;3;8;2;1;0;0;1;4;6;1;4;3;7;8;66;Salta;66105;Los Andes;661050208;;30;9;-25,032061;-66,765341;2084,851528
660280911;819;294;52;40;146;56;525;80;409;25;11;424;145;27;18;78;22;279;37;217;17;8;395;149;25;22;68;34;246;43;192;8;3;25;728;14;77;18;3;18;9;22;14;511;476;35;264;74;138;38;144;54;55;14;16;55;56;101;66;Salta;66028;Capital;660280911;;819;270;-24,746268;-65,409954;0,15110649
660280912;808;250;42;37;116;55;558;95;376;62;25;411;116;17;19;57;23;295;42;204;35;14;397;134;25;18;59;32;263;53;172;27;11;18;644;21;143;40;4;40;15;50;31;527;476;51;272;72;132;35;114;54;55;5;21;43;53;99;66;Salta;66028;Capital;660280912;;808;265;-24,746591;-65,405924;0,161227388
660280302;61;15;0;2;8;5;46;5;24;11;6;22;8;0;1;4;3;14;0;10;1;3;39;7;0;1;4;2;32;5;14;10;3;0;33;5;23;9;0;9;2;10;11;35;17;18;13;2;2;2;8;5;5;0;3;4;6;7;66;Salta;66028;Capital;660280302;;61;23;-24,824112;-65,219534;188,9929572
660285010;946;231;39;18;93;81;715;172;328;142;73;478;104;19;12;34;39;374;79;184;68;43;468;127;20;6;59;42;341;93;144;74;30;8;720;26;200;89;14;91;19;107;24;691;576;115;311;68;197;18;90;77;81;6;25;66;77;176;66;Salta;66028;Capital;660285010;;946;292;-24,750184;-65,485892;0,745993929
660281001;610;177;36;17;68;56;433;110;198;74;51;310;81;19;11;27;24;229;56;107;40;26;300;96;17;6;41;32;204;54;91;34;25;9;320;9;281;69;8;72;25;83;38;395;257;138;190;36;31;16;67;51;55;7;32;47;64;115;66;Salta;66028;Capital;660281001;;610;179;-24,749193;-65,410504;0,054270922
660281005;1184;319;51;30;141;97;865;242;397;126;100;593;150;23;14;64;49;443;114;204;70;55;591;169;28;16;77;48;422;128;193;56;45;13;582;51;551;114;26;119;66;141;83;782;458;324;389;45;24;28;135;87;96;33;95;94;146;255;66;Salta;66028;Capital;660281005;;1184;341;-24,750362;-65,407889;0,096161676
660281006;1216;312;53;37;128;94;904;263;396;149;96;638;154;20;22;65;47;484;128;210;91;55;578;158;33;15;63;47;420;135;186;58;41;10;626;81;509;123;21;124;63;147;96;808;497;311;391;71;35;35;126;91;94;26;78;86;112;232;66;Salta;66028;Capital;660281006;;1216;349;-24,749638;-65,405923;0,100802252
660281007;1102;306;40;33;134;99;796;179;388;142;87;579;158;18;19;71;50;421;104;195;83;39;523;148;22;14;63;49;375;75;193;59;48;12;632;26;444;117;12;119;44;131;84;712;464;248;364;62;38;30;131;94;94;24;53;104;121;206;66;Salta;66028;Capital;660281007;;1102;323;-24,750033;-65,403079;0,086646526
660281008;1130;293;48;31;142;72;837;233;381;144;79;612;148;21;19;69;39;464;119;207;89;49;518;145;27;12;73;33;373;114;174;55;30;17;648;27;455;106;23;113;51;131;64;773;523;250;408;70;45;30;139;71;72;30;73;83;108;206;66;Salta;66028;Capital;660281008;;1130;324;-24,749374;-65,400421;0,088393649
660281701;1462;395;42;20;158;175;1067;254;483;252;78;768;206;19;7;80;100;562;121;273;125;43;694;189;23;13;78;75;505;133;210;127;35;21;1243;31;188;113;21;117;14;126;29;1038;944;94;413;74;457;19;158;168;169;14;33;137;152;317;66;Salta;66028;Capital;660281701;;1462;427;-24,76567;-65,476259;4,569936452
660281002;759;185;32;18;78;57;574;162;245;102;65;399;94;15;11;37;31;305;86;125;54;40;360;91;17;7;41;26;269;76;120;48;25;11;483;28;248;96;16;97;45;108;42;532;341;191;263;56;22;16;73;49;55;12;41;50;73;142;66;Salta;66028;Capital;660281002;;759;224;-24,751143;-65,410138;0,062046285
660281010;706;158;30;12;67;49;548;158;240;93;57;375;80;16;4;35;25;295;81;137;51;26;331;78;14;8;32;24;253;77;103;42;31;10;413;27;266;81;8;81;41;91;56;492;318;174;244;47;27;12;64;46;49;16;44;46;63;135;66;Salta;66028;Capital;660281010;;706;213;-24,752042;-65,405323;0,060645979
660281009;827;189;34;16;80;59;638;202;266;96;74;449;101;14;8;47;32;348;109;134;54;51;378;88;20;8;33;27;290;93;132;42;23;6;487;16;324;91;19;94;34;104;56;582;393;189;301;64;28;15;80;55;57;20;51;58;77;171;66;Salta;66028;Capital;660281009;;827;229;-24,751977;-65,401402;0,081775968
660281004;668;178;38;20;72;48;490;138;229;87;36;345;83;15;10;39;19;262;67;119;56;20;323;95;23;10;33;29;228;71;110;31;16;14;320;48;300;52;5;52;42;62;35;455;302;153;236;32;34;18;71;42;48;10;45;42;69;136;66;Salta;66028;Capital;660281004;;668;201;-24,753153;-65,409069;0,059598458
660281003;854;226;46;21;91;68;628;154;277;113;84;444;113;26;12;40;35;331;77;147;58;49;410;113;20;9;51;33;297;77;130;55;35;14;494;16;344;91;19;94;37;110;37;591;389;202;310;55;24;18;87;65;66;5;35;58;77;150;66;Salta;66028;Capital;660281003;;854;241;-24,75422;-65,410648;0,071114991
660281012;1065;260;41;36;114;69;805;238;381;106;80;539;133;17;23;60;33;406;115;185;66;40;526;127;24;13;54;36;399;123;196;40;40;8;542;33;490;99;10;102;36;111;78;727;481;246;403;46;32;35;111;65;67;33;63;80;102;218;66;Salta;66028;Capital;660281012;;1065;306;-24,753833;-65,401998;0,076556261
660281011;950;249;39;27;119;64;701;198;307;122;74;499;139;22;15;65;37;360;87;169;58;46;451;110;17;12;54;27;341;111;138;64;28;13;469;40;441;88;17;91;31;107;72;629;400;229;319;45;36;26;119;59;62;27;62;72;92;188;66;Salta;66028;Capital;660281011;;950;264;-24,754378;-65,404595;0,087976769
660281102;1021;273;60;25;121;67;748;201;331;143;73;517;124;24;12;59;29;393;96;180;68;49;504;149;36;13;62;38;355;105;151;75;24;17;560;50;411;97;22;100;53;118;102;646;414;232;347;49;18;25;105;57;67;20;74;62;108;179;66;Salta;66028;Capital;660281102;;1021;277;-24,754662;-65,406905;0,064128066
660281203;704;154;33;16;67;38;550;99;277;103;71;337;55;14;4;19;18;282;46;134;57;45;367;99;19;12;48;20;268;53;143;46;26;16;558;8;138;89;22;91;16;107;16;534;460;74;252;41;167;16;67;38;38;4;15;33;35;87;66;Salta;66028;Capital;660281203;;704;254;-24,758665;-65,400579;0,233572526
660281101;945;249;54;23;104;68;696;193;312;111;80;511;143;33;15;61;34;368;97;166;62;43;434;106;21;8;43;34;328;96;146;49;37;13;550;20;375;100;18;105;51;120;74;622;415;207;311;58;46;23;97;64;68;20;57;68;99;188;66;Salta;66028;Capital;660281101;;945;279;-24,756297;-65,409546;0,098742056
660281104;1199;326;60;38;142;86;873;247;403;139;84;623;163;26;18;77;42;460;125;204;82;49;576;163;34;20;65;44;413;122;199;57;35;6;623;44;532;93;18;97;58;123;138;735;482;253;389;66;27;30;120;72;84;21;94;75;134;237;66;Salta;66028;Capital;660281104;;1199;325;-24,756306;-65,403075;0,080670182
660281105;1022;254;50;29;124;51;768;217;315;179;57;526;127;29;16;51;31;399;103;175;95;26;496;127;21;13;73;20;369;114;140;84;31;16;613;21;388;76;15;80;51;103;81;687;506;181;371;70;65;28;120;49;51;21;58;63;84;175;66;Salta;66028;Capital;660281105;;1022;286;-24,758796;-65,403125;0,094659974
660281206;823;200;21;22;89;68;623;127;306;103;87;408;87;5;11;37;34;321;52;159;56;54;415;113;16;11;52;34;302;75;147;47;33;8;598;15;210;98;22;100;18;108;33;590;456;134;268;57;131;22;88;63;65;9;30;60;75;132;66;Salta;66028;Capital;660281206;;823;272;-24,75769;-65,392664;0,135837949
660281702;1217;356;32;26;156;142;861;172;460;177;52;617;178;17;13;78;70;439;79;262;75;23;600;178;15;13;78;72;422;93;198;102;29;18;1132;19;66;73;7;74;9;98;15;846;820;26;317;85;418;26;155;133;140;5;10;114;126;254;66;Salta;66028;Capital;660281702;;1217;374;-24,763468;-65,463938;1,878094406
660281202;1120;232;40;17;92;83;888;197;419;131;141;571;111;19;5;48;39;460;98;207;77;78;549;121;21;12;44;44;428;99;212;54;63;12;781;28;311;167;28;169;29;181;60;828;640;188;404;81;155;16;90;78;83;13;48;70;94;195;66;Salta;66028;Capital;660281202;;1120;363;-24,757446;-65,396925;0,122368107
660281103;1144;282;60;32;113;77;862;247;368;148;99;568;134;21;17;56;40;434;114;176;87;57;576;148;39;15;57;37;428;133;192;61;42;20;574;61;509;116;23;119;90;142;120;742;472;270;385;44;43;30;98;69;75;27;99;85;133;233;66;Salta;66028;Capital;660281103;;1144;314;-24,757726;-65,407055;0,11015335
660281107;748;160;30;16;71;43;588;161;250;104;73;392;79;11;9;37;22;313;76;140;53;44;356;81;19;7;34;21;275;85;110;51;29;11;442;17;289;88;13;91;43;110;66;522;378;144;288;50;40;15;67;40;43;16;36;52;71;145;66;Salta;66028;Capital;660281107;;748;250;-24,759194;-65,410362;0,10625168
660281106;1321;336;58;40;151;87;985;273;437;182;93;684;166;26;19;77;44;518;133;240;91;54;637;170;32;21;74;43;467;140;197;91;39;17;814;18;489;111;19;114;70;139;118;867;626;241;460;80;86;32;138;70;87;23;73;76;118;245;66;Salta;66028;Capital;660281106;;1321;375;-24,760082;-65,406354;0,136767592
660281204;671;125;25;13;50;37;546;111;226;125;84;350;60;14;7;19;20;290;48;121;67;54;321;65;11;6;31;17;256;63;105;58;30;11;495;20;156;107;27;109;15;117;23;523;464;59;264;78;122;12;49;35;37;6;10;38;40;104;66;Salta;66028;Capital;660281204;;671;239;-24,762051;-65,398792;0,144952986
660280204;441;155;13;15;79;48;286;57;170;47;12;235;82;8;10;36;28;153;32;94;21;6;206;73;5;5;43;20;133;25;76;26;6;10;373;28;40;18;5;19;5;21;7;279;258;21;107;21;130;14;79;48;48;4;8;42;44;77;66;Salta;66028;Capital;660280204;;441;135;-24,769505;-65,341526;2,599684773
660281205;1108;200;35;26;97;42;908;206;372;184;146;609;105;18;14;51;22;504;105;198;112;89;499;95;17;12;46;20;404;101;174;72;57;13;812;32;264;187;44;194;29;208;36;872;713;159;428;94;191;26;96;41;42;15;36;44;55;153;66;Salta;66028;Capital;660281205;;1108;369;-24,760535;-65,396033;0,135954375
660281207;622;113;21;20;36;36;509;101;234;111;63;326;59;12;8;20;19;267;50;117;61;39;296;54;9;12;16;17;242;51;117;50;24;7;516;11;95;83;17;88;9;98;22;487;417;70;231;40;146;19;36;33;33;4;11;32;35;101;66;Salta;66028;Capital;660281207;;622;221;-24,760962;-65,392367;0,114127178
660281108;915;206;48;23;83;52;709;195;314;113;87;485;115;30;12;44;29;370;101;162;55;52;430;91;18;11;39;23;339;94;152;58;35;10;505;57;353;105;21;110;40;126;113;596;405;191;320;39;46;22;68;44;50;14;67;46;90;171;66;Salta;66028;Capital;660281108;;915;252;-24,761633;-65,410543;0,094638608
660281110;1335;298;61;27;124;86;1037;235;452;214;136;699;149;36;14;61;38;550;111;241;112;86;636;149;25;13;63;48;487;124;211;102;50;22;763;51;521;162;28;169;85;203;126;911;621;290;484;89;48;26;112;76;85;17;68;79;113;230;66;Salta;66028;Capital;660281110;;1335;372;-24,762542;-65,405265;0,132315943
660280205;561;187;25;22;89;51;374;53;217;79;25;287;95;12;13;48;22;192;32;114;32;14;274;92;13;9;41;29;182;21;103;47;11;11;511;11;39;35;8;35;4;45;3;371;340;31;127;28;185;22;89;49;49;1;6;40;41;77;66;Salta;66028;Capital;660280205;;561;173;-24,767623;-65,354433;3,306223899
660281211;272;35;6;5;15;9;237;46;88;52;51;154;14;3;2;5;4;140;30;45;33;32;118;21;3;3;10;5;97;16;43;19;19;5;209;8;55;61;21;63;5;67;6;231;196;35;114;33;49;5;15;7;8;1;1;7;8;37;66;Salta;66028;Capital;660281211;;272;102;-24,763052;-65,40256;0,041275043
660281109;1399;317;47;30;148;92;1082;309;486;180;107;711;147;27;10;63;47;564;141;260;95;68;688;170;20;20;85;45;518;168;226;85;39;14;790;66;543;138;31;151;68;178;97;985;697;288;562;75;60;27;136;84;91;20;85;77;128;270;66;Salta;66028;Capital;660281109;;1399;410;-24,763724;-65,409868;0,114401844
660281401;68;7;1;3;3;0;61;28;29;2;2;20;4;0;2;2;0;16;7;7;1;1;48;3;1;1;1;0;45;21;22;1;1;0;58;1;9;1;0;1;2;2;2;59;46;13;29;6;11;3;3;0;0;1;10;1;8;21;66;Salta;66028;Capital;660281401;;68;39;-24,766635;-65,420724;1,411248153
660281209;878;175;27;27;78;43;703;154;292;139;118;469;90;18;10;39;23;379;79;161;72;67;409;85;9;17;39;20;324;75;131;67;51;8;730;11;137;139;27;143;19;160;15;688;602;86;359;68;175;27;78;39;39;9;17;44;49;131;66;Salta;66028;Capital;660281209;;878;296;-24,764009;-65,3957;0,133985778
660281208;845;179;30;20;79;50;666;164;244;162;96;427;86;10;14;38;24;341;78;128;85;50;418;93;20;6;41;26;325;86;116;77;46;9;653;49;143;126;14;127;19;143;17;649;555;94;314;44;197;18;76;48;49;5;19;42;52;152;66;Salta;66028;Capital;660281208;;845;273;-24,763988;-65,391497;0,168072476
660910204;249;86;9;10;35;32;163;47;77;28;11;134;53;7;7;21;18;81;23;41;10;7;115;33;2;3;14;14;82;24;36;18;4;3;104;4;141;14;1;14;34;20;35;128;49;79;44;5;0;10;34;25;30;12;20;32;40;64;66;Salta;66091;La Poma;660910204;;249;73;-24,852831;-66,208885;251,1300601
660281210;1070;218;37;29;91;61;852;173;344;176;159;601;119;19;17;54;29;482;87;187;107;101;469;99;18;12;37;32;370;86;157;69;58;18;830;41;199;199;46;202;32;219;38;814;674;140;383;86;205;28;91;58;59;10;25;54;63;157;66;Salta;66028;Capital;660281210;;1070;354;-24,765336;-65,399846;0,135400939
660281703;1072;373;57;45;170;101;699;209;385;82;23;551;190;28;23;85;54;361;109;203;37;12;521;183;29;22;85;47;338;100;182;45;11;19;712;47;313;28;5;28;19;32;30;669;551;118;309;47;195;42;164;96;100;13;44;88;108;206;66;Salta;66028;Capital;660281703;;1072;356;-24,779458;-65,460741;4,059174672
660281111;1287;298;57;23;124;94;989;261;429;185;114;668;142;29;12;58;43;526;134;233;95;64;619;156;28;11;66;51;463;127;196;90;50;19;707;32;548;139;31;146;82;168;122;867;562;305;423;78;61;19;113;80;93;22;100;80;139;234;66;Salta;66028;Capital;660281111;;1287;369;-24,765638;-65,405667;0,127324103
660281212;363;64;12;7;28;17;299;66;125;62;46;222;40;9;5;18;8;182;46;66;36;34;141;24;3;2;10;9;117;20;59;26;12;6;293;11;59;57;18;60;13;67;9;290;255;35;145;36;74;7;28;17;17;5;8;20;23;64;66;Salta;66028;Capital;660281212;;363;122;-24,765588;-65,403342;0,05005962
660281112;1508;346;61;52;132;101;1162;324;513;199;126;811;185;31;34;70;50;626;170;278;99;79;697;161;30;18;62;51;536;154;235;100;47;17;908;29;571;162;36;170;77;198;92;1070;725;345;538;85;102;52;123;84;98;26;101;91;145;280;66;Salta;66028;Capital;660281112;;1508;444;-24,766013;-65,409461;0,133451585
660281301;745;182;25;20;73;64;563;114;260;110;79;390;78;10;2;35;31;312;61;139;62;50;355;104;15;18;38;33;251;53;121;48;29;10;581;28;136;100;27;104;13;112;16;547;495;52;264;44;187;20;71;62;64;7;12;59;64;135;66;Salta;66028;Capital;660281301;;745;252;-24,766797;-65,389873;0,127634404
660281213;939;144;27;16;55;46;795;153;330;165;147;519;75;14;9;26;26;444;81;171;90;102;420;69;13;7;29;20;351;72;159;75;45;5;776;38;125;181;34;182;39;202;20;775;673;102;378;88;207;16;55;45;45;9;22;48;57;154;66;Salta;66028;Capital;660281213;;939;380;-24,767938;-65,400179;0,154501251
660490208;114;30;8;3;14;5;84;26;39;12;7;43;7;2;0;3;2;36;15;16;3;2;71;23;6;3;11;3;48;11;23;9;5;3;55;5;54;9;0;9;3;10;19;65;37;28;25;9;3;3;14;4;5;3;10;7;13;24;66;Salta;66049;General Güemes;660490208;;114;36;-24,881245;-64,866944;183,4943926
660281214;618;106;15;12;40;39;512;112;194;124;82;325;52;7;4;22;19;273;53;98;71;51;293;54;8;8;18;20;239;59;96;53;31;5;490;19;109;105;25;105;24;122;20;492;412;80;240;50;122;11;40;39;39;13;24;39;47;104;66;Salta;66028;Capital;660281214;;618;204;-24,767235;-65,396046;0,119494422
660281215;534;88;19;6;30;33;446;100;160;102;84;290;43;9;1;15;18;247;50;81;66;50;244;45;10;5;15;15;199;50;79;36;34;9;424;8;102;105;25;106;14;117;8;438;369;69;214;45;110;6;28;31;31;6;9;33;36;100;66;Salta;66028;Capital;660281215;;534;188;-24,767344;-65,393342;0,094952132
660281309;710;147;31;19;57;40;563;112;231;128;92;389;80;21;8;31;20;309;57;115;72;65;321;67;10;11;26;20;254;55;116;56;27;12;504;35;171;114;31;117;22;126;21;542;429;113;256;75;98;18;57;37;39;10;26;44;53;112;66;Salta;66028;Capital;660281309;;710;248;-24,769452;-65,404431;0,096239987
660281308;1033;190;35;21;73;61;843;197;351;177;118;545;115;25;14;32;44;430;94;178;93;65;488;75;10;7;41;17;413;103;173;84;53;10;719;30;284;155;36;158;22;181;33;810;662;148;444;92;126;21;72;57;60;7;32;54;74;180;66;Salta;66028;Capital;660281308;;1033;378;-24,769827;-65,402204;0,116805463
660281402;852;160;28;23;68;41;692;170;314;113;95;446;82;17;13;37;15;364;83;151;70;60;406;78;11;10;31;26;328;87;163;43;35;13;610;25;217;117;37;121;32;134;32;660;504;156;331;89;84;23;66;41;41;7;35;39;60;136;66;Salta;66028;Capital;660281402;;852;305;-24,768007;-65,40852;0,098080647
660281302;780;174;23;22;75;54;606;114;264;116;112;426;96;13;14;38;31;330;60;136;63;71;354;78;10;8;37;23;276;54;128;53;41;11;671;24;85;132;39;134;17;149;16;590;536;54;249;67;220;20;69;52;54;7;13;53;57;126;66;Salta;66028;Capital;660281302;;780;249;-24,768767;-65,388356;0,133113912
660281403;806;169;27;23;79;40;637;133;260;148;96;429;81;10;19;32;20;348;64;138;83;63;377;88;17;4;47;20;289;69;122;65;33;7;488;27;291;117;38;122;36;135;40;597;418;179;309;71;38;22;78;35;39;10;40;35;51;110;66;Salta;66028;Capital;660281403;;806;250;-24,769253;-65,408816;0,097983771
660281305;973;194;25;21;83;65;779;152;285;186;156;542;100;12;15;39;34;442;74;161;103;104;431;94;13;6;44;31;337;78;124;83;52;12;848;17;108;192;38;197;14;215;15;764;696;68;365;73;258;21;83;63;63;4;9;55;57;152;66;Salta;66028;Capital;660281305;;973;366;-24,770847;-65,395195;0,206495617
660281704;701;141;29;8;63;41;560;120;234;165;41;362;63;10;4;29;20;299;57;133;81;28;339;78;19;4;34;21;261;63;101;84;13;14;612;13;76;70;14;71;6;80;11;549;517;32;242;45;230;8;62;40;41;6;8;35;38;123;66;Salta;66028;Capital;660281704;;701;256;-24,772613;-65,448893;0,236896218
660281604;811;190;37;16;88;49;621;163;297;113;48;397;90;13;8;42;27;307;65;155;59;28;414;100;24;8;46;22;314;98;142;54;20;15;668;21;122;70;16;74;17;81;17;604;548;56;293;53;202;16;87;44;47;8;15;39;47;134;66;Salta;66028;Capital;660281604;;811;302;-24,773784;-65,439684;0,421602692
660281601;645;203;27;24;90;62;442;90;251;72;29;344;100;15;9;44;32;244;50;135;37;22;301;103;12;15;46;30;198;40;116;35;7;11;445;18;182;39;3;39;25;46;23;419;342;77;187;37;118;24;89;56;60;6;19;47;57;101;66;Salta;66028;Capital;660281601;;645;214;-24,769842;-65,439533;0,080758614
660281303;634;136;23;20;53;40;498;109;206;103;80;353;71;9;10;31;21;282;65;119;55;43;281;65;14;10;22;19;216;44;87;48;37;11;555;11;68;100;16;101;10;111;16;482;448;34;247;41;160;19;52;38;39;2;5;30;31;100;66;Salta;66028;Capital;660281303;;634;214;-24,770666;-65,390842;0,121393104
660281307;612;106;22;10;39;35;506;103;202;102;99;343;61;15;6;25;15;282;49;109;55;69;269;45;7;4;14;20;224;54;93;47;30;8;506;10;96;112;31;115;20;130;13;493;426;67;228;61;137;10;39;34;34;9;14;35;39;100;66;Salta;66028;Capital;660281307;;612;219;-24,77209;-65,399968;0,10110879
660281602;788;214;29;28;93;64;574;156;262;99;57;422;107;18;17;42;30;315;89;133;60;33;366;107;11;11;51;34;259;67;129;39;24;8;411;49;328;69;11;71;39;88;99;475;359;116;259;55;45;25;90;55;62;32;45;62;77;147;66;Salta;66028;Capital;660281602;;788;243;-24,771572;-65,437768;0,085928229
660281603;1103;311;52;28;135;96;792;199;358;160;75;590;139;23;14;61;41;451;115;191;102;43;513;172;29;14;74;55;341;84;167;58;32;13;512;23;568;102;17;107;57;125;63;729;506;223;400;53;53;26;131;89;93;20;45;80;97;185;66;Salta;66028;Capital;660281603;;1103;298;-24,772437;-65,435684;0,105735797
660281501;766;150;14;13;72;51;616;128;251;121;116;411;86;6;5;43;32;325;59;134;58;74;355;64;8;8;29;19;291;69;117;63;42;5;548;17;201;137;31;140;25;150;29;587;451;136;316;74;61;13;72;51;51;11;18;51;55;127;66;Salta;66028;Capital;660281501;;766;235;-24,771036;-65,433565;0,099900275
661470305;101;19;2;1;13;3;82;17;32;20;13;49;11;1;1;8;1;38;10;14;9;5;52;8;1;0;5;2;44;7;18;11;8;0;38;10;53;14;2;15;10;18;12;70;25;45;20;4;1;1;13;3;3;0;11;2;12;16;66;Salta;66147;Rosario de Lerma;661470305;;101;38;-24,847479;-65,718062;105,942318
660281502;816;215;37;30;88;60;601;146;267;119;69;424;106;22;15;44;25;318;73;141;63;41;392;109;15;15;44;35;283;73;126;56;28;9;506;19;291;91;16;94;22;102;40;561;363;198;288;49;26;29;85;57;60;15;52;56;78;136;66;Salta;66028;Capital;660281502;;816;242;-24,771524;-65,431213;0,078169874
660281408;469;88;22;12;37;17;381;91;191;49;50;260;51;14;9;18;10;209;50;101;26;32;209;37;8;3;19;7;172;41;90;23;18;5;341;20;108;52;19;54;12;58;17;364;314;50;188;52;74;10;36;16;17;10;13;22;24;69;66;Salta;66028;Capital;660281408;;469;203;-24,77201;-65,412683;0,130515068
660281404;1086;220;45;22;93;60;866;225;383;161;97;589;117;29;13;43;32;472;124;197;91;60;497;103;16;9;50;28;394;101;186;70;37;17;715;47;324;130;35;138;66;156;31;835;654;181;466;80;108;19;90;57;58;16;39;56;67;180;66;Salta;66028;Capital;660281404;;1086;422;-24,771043;-65,408306;0,124799714
660281417;885;205;28;23;100;54;680;164;311;109;96;458;99;12;8;52;27;359;83;154;67;55;427;106;16;15;48;27;321;81;157;42;41;7;547;42;296;117;21;118;39;126;46;634;465;169;346;72;47;23;95;52;53;15;37;54;71;153;66;Salta;66028;Capital;660281417;;885;260;-24,77084;-65,427575;0,0773669
660281304;719;129;18;21;47;43;590;97;226;177;90;380;58;7;8;18;25;322;49;125;98;50;339;71;11;13;29;18;268;48;101;79;40;10;645;10;64;125;30;128;9;150;7;583;548;35;280;43;225;20;47;39;42;3;8;37;43;105;66;Salta;66028;Capital;660281304;;719;279;-24,772985;-65,389185;0,255755892
660281413;870;181;41;19;66;55;689;164;305;119;101;461;85;23;9;34;19;376;79;162;65;70;409;96;18;10;32;36;313;85;143;54;31;12;521;30;319;113;25;117;34;134;32;657;463;194;355;69;39;18;66;51;53;15;32;55;68;157;66;Salta;66028;Capital;660281413;;870;258;-24,771604;-65,424363;0,087795414
660281412;892;201;30;24;74;73;691;165;301;123;102;470;96;18;17;32;29;374;75;166;69;64;422;105;12;7;42;44;317;90;135;54;38;4;504;41;347;117;27;121;47;135;27;664;466;198;367;62;37;23;73;69;73;22;46;75;100;173;66;Salta;66028;Capital;660281412;;892;280;-24,772473;-65,422121;0,077902095
660281409;842;191;25;20;82;64;651;177;265;107;102;457;95;12;7;47;29;362;94;128;69;71;385;96;13;13;35;35;289;83;137;38;31;8;564;27;251;121;23;124;39;134;21;630;465;165;332;66;67;20;79;61;63;26;52;77;94;168;66;Salta;66028;Capital;660281409;;842;301;-24,772322;-65,418158;0,264131697
660281306;811;146;23;16;52;55;665;142;261;150;112;435;68;10;8;24;26;367;71;144;87;65;376;78;13;8;28;29;298;71;117;63;47;7;670;40;101;138;33;142;16;161;9;656;572;84;281;51;240;16;52;54;54;8;14;53;56;135;66;Salta;66028;Capital;660281306;;811;308;-24,773504;-65,396415;0,20060128
660281405;522;90;15;10;32;33;432;94;182;86;70;274;45;8;5;14;18;229;46;94;49;40;248;45;7;5;18;15;203;48;88;37;30;2;389;11;122;89;16;91;14;97;15;417;342;75;220;43;79;10;31;33;33;9;15;28;31;67;66;Salta;66028;Capital;660281405;;522;208;-24,77263;-65,409288;0,073393333
660281416;1026;251;49;26;97;79;775;186;363;134;92;515;115;24;18;45;28;400;85;189;73;53;511;136;25;8;52;51;375;101;174;61;39;14;605;59;362;114;23;117;49;135;48;727;517;210;379;85;53;22;91;70;75;15;44;72;97;188;66;Salta;66028;Capital;660281416;;1026;300;-24,772482;-65,428426;0,102205153
660281610;955;191;33;20;68;70;764;161;324;193;86;504;101;19;11;40;31;403;77;174;100;52;451;90;14;9;28;39;361;84;150;93;34;17;866;9;80;111;25;114;10;133;18;746;692;54;303;84;305;20;66;65;68;10;20;67;73;173;66;Salta;66028;Capital;660281610;;955;341;-24,774889;-65,443877;0,2573647
660281310;580;129;30;13;53;33;451;109;202;83;57;285;58;15;9;24;10;227;55;91;43;38;295;71;15;4;29;23;224;54;111;40;19;10;412;9;159;65;20;67;16;75;14;437;356;81;234;47;75;11;50;28;32;2;17;25;37;79;66;Salta;66028;Capital;660281310;;580;232;-24,77259;-65,405412;0,058721958
660281311;718;136;32;12;52;40;582;128;294;90;70;409;78;18;6;25;29;331;73;156;55;47;309;58;14;6;27;11;251;55;138;35;23;7;526;9;183;86;26;91;28;98;23;559;454;105;258;57;139;12;51;36;37;6;22;36;50;115;66;Salta;66028;Capital;660281311;;718;317;-24,773095;-65,40361;0,05849191
660281312;813;162;37;18;71;36;651;188;300;88;75;451;81;17;11;36;17;370;103;169;47;51;362;81;20;7;35;19;281;85;131;41;24;12;573;32;208;91;20;93;26;108;34;617;509;108;311;60;138;12;59;28;33;6;33;27;46;147;66;Salta;66028;Capital;660281312;;813;332;-24,773036;-65,401731;0,040470611
660282701;845;358;69;42;154;93;487;172;268;40;7;412;172;27;22;74;49;240;89;131;18;2;433;186;42;20;80;44;247;83;137;22;5;7;291;30;524;11;0;11;52;16;50;437;226;211;206;18;2;32;154;88;92;11;78;81;128;186;66;Salta;66028;Capital;660282701;;845;237;-24,780796;-65,374738;1,292747
660281414;810;184;27;20;75;62;626;168;245;126;87;428;88;8;10;42;28;340;87;132;62;59;382;96;19;10;33;34;286;81;113;64;28;5;474;20;316;105;26;110;30;121;45;581;416;165;312;57;47;19;73;59;61;12;41;53;75;159;66;Salta;66028;Capital;660281414;;810;234;-24,774638;-65,424862;0,113767328
660281503;836;201;56;21;71;53;635;182;255;120;78;447;104;31;12;40;21;343;95;133;69;46;389;97;25;9;31;32;292;87;122;51;32;14;450;29;357;99;18;103;41;113;44;591;381;210;299;48;34;19;67;52;53;16;66;58;88;156;66;Salta;66028;Capital;660281503;;836;245;-24,773852;-65,433247;0,083079222
660281611;1099;256;41;31;97;87;843;211;375;203;54;589;127;19;15;49;44;462;109;211;111;31;510;129;22;16;48;43;381;102;164;92;23;21;977;10;112;85;15;86;16;102;11;832;781;51;389;76;316;31;96;85;85;7;17;74;81;223;66;Salta;66028;Capital;660281611;;1099;365;-24,775706;-65,44873;0,214409632
660280401;21;6;1;0;2;3;15;2;10;0;3;5;0;0;0;0;0;5;0;4;0;1;16;6;1;0;2;3;10;2;6;0;2;0;16;0;5;3;0;3;0;3;4;11;6;5;5;1;0;0;2;3;3;0;2;3;5;5;66;Salta;66028;Capital;660280401;;21;10;-24,879926;-65,116101;238,316902
660281407;668;133;26;14;57;36;535;116;258;92;69;376;66;11;3;30;22;310;64;143;54;49;292;67;15;11;27;14;225;52;115;38;20;6;519;31;118;90;29;94;13;100;16;519;458;61;273;44;141;12;55;33;36;3;11;33;41;103;66;Salta;66028;Capital;660281407;;668;268;-24,774776;-65,41304;0,113337392
660281504;789;187;30;23;83;51;602;151;271;113;67;412;101;19;11;47;24;311;70;138;63;40;377;86;11;12;36;27;291;81;133;50;27;3;481;13;295;92;13;93;42;103;45;557;377;180;284;65;28;22;80;49;50;20;40;51;65;130;66;Salta;66028;Capital;660281504;;789;204;-24,775853;-65,432308;0,126811245
660281415;1037;223;32;31;93;67;814;195;327;157;135;580;107;17;15;40;35;473;103;183;96;91;457;116;15;16;53;32;341;92;144;61;44;10;644;55;338;164;45;171;47;191;43;771;597;174;469;78;50;29;93;63;64;15;39;51;69;157;66;Salta;66028;Capital;660281415;;1037;330;-24,774886;-65,428234;0,111394097
660281406;666;112;20;11;52;29;554;147;208;112;87;368;55;9;8;24;14;313;76;108;70;59;298;57;11;3;28;15;241;71;100;42;28;2;461;24;181;103;32;105;17;123;15;539;456;83;285;61;110;9;50;24;29;8;16;28;39;106;66;Salta;66028;Capital;660281406;;666;253;-24,774547;-65,409532;0,089446325
660281314;605;104;11;9;43;41;501;115;224;83;79;331;54;3;4;26;21;277;60;117;48;52;274;50;8;5;17;20;224;55;107;35;27;5;486;6;113;101;30;101;12;108;14;487;408;79;245;51;112;8;43;39;41;4;23;35;49;94;66;Salta;66028;Capital;660281314;;605;289;-24,775369;-65,406172;0,080584773
660281411;866;189;33;17;83;56;677;182;276;135;84;439;82;10;7;41;24;357;94;139;71;53;427;107;23;10;42;32;320;88;137;64;31;10;543;37;286;105;22;110;40;126;33;644;454;190;363;54;37;15;83;45;53;21;44;54;78;168;66;Salta;66028;Capital;660281411;;866;262;-24,775072;-65,420963;0,077047213
660281313;809;155;31;16;63;45;654;134;337;105;78;429;84;13;10;34;27;345;62;174;59;50;380;71;18;6;29;18;309;72;163;46;28;13;578;30;201;100;20;102;31;116;16;638;495;143;311;55;129;16;63;38;43;10;18;41;51;119;66;Salta;66028;Capital;660281313;;809;315;-24,775095;-65,403267;0,077141247
660281410;1142;266;46;36;96;88;876;205;418;145;108;620;129;26;15;50;38;491;117;215;82;77;522;137;20;21;46;50;385;88;203;63;31;25;703;40;399;131;24;132;46;157;35;841;653;188;449;91;113;34;94;80;86;28;53;82;103;202;66;Salta;66028;Capital;660281410;;1142;393;-24,775649;-65,417293;0,11553742
660282601;947;177;22;16;73;66;770;138;291;196;145;502;80;10;5;37;28;422;62;159;116;85;445;97;12;11;36;38;348;76;132;80;60;10;856;14;77;184;44;187;6;210;34;736;674;62;323;61;290;14;70;60;64;9;20;60;67;147;66;Salta;66028;Capital;660282601;;947;342;-24,776904;-65,396702;0,465739064
660282204;3267;831;159;108;345;219;2436;659;1100;439;238;1743;424;78;49;186;111;1319;347;579;250;143;1524;407;81;59;159;108;1117;312;521;189;95;51;1882;100;1285;300;81;313;167;358;106;2330;1615;715;1253;210;152;102;336;214;218;58;188;219;312;611;66;Salta;66028;Capital;660282204;;3267;949;-24,778867;-65,422015;0,272269916
660282602;694;83;18;7;38;20;611;121;224;137;129;386;45;9;5;20;11;341;61;122;77;81;308;38;9;2;18;9;270;60;102;60;48;10;567;22;105;155;32;159;22;176;25;586;521;65;283;63;175;7;36;20;20;3;14;19;24;92;66;Salta;66028;Capital;660282602;;694;296;-24,779635;-65,402249;0,145482267
660281705;1357;362;80;41;148;93;995;341;418;205;31;714;184;38;22;79;45;530;167;240;104;19;643;178;42;19;69;48;465;174;178;101;12;15;644;47;666;56;5;56;79;74;54;941;614;327;464;85;65;34;136;83;92;30;111;102;159;276;66;Salta;66028;Capital;660281705;;1357;349;-24,778793;-65,452729;0,201373722
660282301;524;128;22;12;52;42;396;96;183;72;45;278;60;7;8;28;17;218;58;98;35;27;246;68;15;4;24;25;178;38;85;37;18;4;359;9;156;57;9;57;13;62;27;369;292;77;189;44;59;11;52;39;42;7;27;33;48;101;66;Salta;66028;Capital;660282301;;524;181;-24,777174;-65,413113;0,14838372
660282707;1231;338;69;41;132;96;893;277;416;133;67;657;176;31;20;75;50;481;150;215;80;36;574;162;38;21;57;46;412;127;201;53;31;14;623;47;561;84;11;85;72;108;64;829;533;296;423;69;41;40;127;87;94;25;82;90;131;263;66;Salta;66028;Capital;660282707;;1231;359;-24,787986;-65,386078;4,180076522
660281608;688;188;31;18;79;60;500;143;259;70;28;363;103;16;12;39;36;260;72;137;33;18;325;85;15;6;40;24;240;71;122;37;10;11;401;22;265;34;8;36;24;40;27;473;365;108;257;54;54;17;79;56;58;13;22;54;60;131;66;Salta;66028;Capital;660281608;;688;229;-24,777679;-65,437007;0,109392818
660281505;714;189;31;19;85;54;525;133;228;98;66;383;97;20;6;41;30;286;72;123;50;41;331;92;11;13;44;24;239;61;105;48;25;7;426;35;253;81;21;81;18;88;37;488;357;131;265;45;47;19;85;52;53;13;38;52;69;128;66;Salta;66028;Capital;660281505;;714;216;-24,778023;-65,430826;0,101833096
660281612;1150;332;68;41;122;101;818;165;493;125;35;590;155;24;22;68;41;435;81;273;61;20;560;177;44;19;54;60;383;84;220;64;15;32;1032;12;106;55;11;55;16;64;15;803;751;52;363;106;282;40;121;98;98;6;20;76;83;170;66;Salta;66028;Capital;660281612;;1150;385;-24,780095;-65,448461;0,422574012
660281506;792;169;25;16;83;45;623;149;262;128;84;423;87;9;9;40;29;336;80;131;70;55;369;82;16;7;43;16;287;69;131;58;29;5;527;19;246;107;27;110;25;124;33;590;405;185;279;57;69;16;83;44;44;13;35;42;61;138;66;Salta;66028;Capital;660281506;;792;265;-24,77788;-65,428854;0,068726329
660282304;375;73;22;9;23;19;302;65;139;55;43;197;36;12;5;13;6;161;32;72;29;28;178;37;10;4;10;13;141;33;67;26;15;13;315;12;48;54;10;56;4;60;11;291;261;30;129;28;104;9;23;19;19;5;11;22;24;54;66;Salta;66028;Capital;660282304;;375;174;-24,777276;-65,408151;0,057938236
660282201;805;154;40;11;70;33;651;179;262;125;85;448;71;16;5;34;16;377;110;145;69;53;357;83;24;6;36;17;274;69;117;56;32;11;547;24;234;109;12;113;39;127;31;620;480;140;354;57;69;11;67;32;32;11;41;36;53;126;66;Salta;66028;Capital;660282201;;805;289;-24,776977;-65,425707;0,061870367
660282305;797;115;25;11;47;32;682;146;349;101;86;447;57;14;6;22;15;390;80;198;57;55;350;58;11;5;25;17;292;66;151;44;31;7;651;14;132;109;24;113;17;121;18;664;613;51;350;55;208;11;46;31;32;2;3;29;30;111;66;Salta;66028;Capital;660282305;;797;414;-24,777401;-65,404729;0,072972598
660280104;491;183;52;28;72;31;308;46;192;47;23;259;97;34;14;40;9;162;27;97;26;12;232;86;18;14;32;22;146;19;95;21;11;21;443;10;38;29;2;29;9;35;14;294;260;34;111;21;128;27;71;30;31;3;7;25;27;51;66;Salta;66028;Capital;660280104;;491;148;-24,810824;-65,521064;38,21793317
660282205;991;176;29;17;70;60;815;188;327;165;135;538;87;16;8;33;30;451;89;169;107;86;453;89;13;9;37;30;364;99;158;58;49;8;623;45;323;164;34;168;46;182;33;782;614;168;443;84;87;13;67;52;56;16;34;56;69;172;66;Salta;66028;Capital;660282205;;991;352;-24,778071;-65,41781;0,106903314
660282302;424;54;15;5;19;15;370;79;187;58;46;219;29;11;2;9;7;190;49;82;29;30;205;25;4;3;10;8;180;30;105;29;16;6;327;12;85;57;12;57;7;64;8;362;323;39;155;41;127;5;19;15;15;2;12;11;19;55;66;Salta;66028;Capital;660282302;;424;251;-24,778672;-65,411632;0,095838402
660281609;543;125;8;9;62;46;418;92;194;100;32;287;61;2;3;29;27;226;44;112;56;14;256;64;6;6;33;19;192;48;82;44;18;5;432;3;108;49;6;49;3;62;11;407;368;39;214;27;127;9;59;45;45;8;13;42;45;99;66;Salta;66028;Capital;660281609;;543;186;-24,779143;-65,438755;0,126813261
660280301;1239;535;116;85;246;88;704;305;316;56;27;599;254;60;30;120;44;345;171;142;23;9;640;281;56;55;126;44;359;134;174;33;18;11;238;43;958;33;3;34;55;47;119;585;228;357;206;15;7;81;245;78;86;52;198;103;194;259;66;Salta;66028;Capital;660280301;;1239;384;-24,820694;-65,346494;41,20392898
660282303;438;52;12;2;23;15;386;106;169;64;47;234;18;4;0;9;5;216;63;76;37;40;204;34;8;2;14;10;170;43;93;27;7;5;377;6;55;61;22;62;6;65;5;381;340;41;167;37;136;2;22;14;15;3;8;15;17;64;66;Salta;66028;Capital;660282303;;438;229;-24,77892;-65,408783;0,05817879
660282202;849;189;25;26;84;54;660;142;278;140;100;482;107;15;13;46;33;375;75;156;72;72;367;82;10;13;38;21;285;67;122;68;28;7;584;43;222;121;28;124;29;145;13;647;537;110;367;72;98;25;83;52;52;13;28;49;54;128;66;Salta;66028;Capital;660282202;;849;283;-24,778901;-65,425912;0,128894239
660281805;884;222;39;21;90;72;662;185;304;139;34;472;111;19;13;48;31;361;98;175;75;13;412;111;20;8;42;41;301;87;129;64;21;11;632;23;229;55;6;55;29;66;26;636;511;125;301;44;166;19;89;71;71;16;40;70;84;175;66;Salta;66028;Capital;660281805;;884;273;-24,784094;-65,441367;0,803503433
660281605;689;189;29;22;88;50;500;149;241;74;36;376;103;14;10;51;28;273;82;131;45;15;313;86;15;12;37;22;227;67;110;29;21;5;333;27;329;46;4;47;62;59;28;472;273;199;221;35;17;20;84;45;50;14;51;51;74;145;66;Salta;66028;Capital;660281605;;689;203;-24,781198;-65,434142;0,090837277
660282306;613;89;22;14;26;27;524;127;233;78;86;344;41;11;4;11;15;303;61;134;53;55;269;48;11;10;15;12;221;66;99;25;31;9;515;27;71;100;26;104;6;112;13;511;472;39;258;44;170;13;25;24;27;6;11;27;34;115;66;Salta;66028;Capital;660282306;;613;322;-24,778279;-65,405786;0,037090002
660281607;771;203;42;11;83;67;568;189;269;83;27;396;105;27;7;36;35;291;96;138;44;13;375;98;15;4;47;32;277;93;131;39;14;7;435;14;322;36;5;36;37;46;26;542;399;143;295;62;42;8;82;61;67;12;44;59;85;168;66;Salta;66028;Capital;660281607;;771;233;-24,780848;-65,435688;0,120743604
660281706;1879;564;92;80;234;158;1315;553;579;122;61;961;272;49;43;97;83;689;274;304;72;39;918;292;43;37;137;75;626;279;275;50;22;15;712;60;1107;77;8;77;140;89;149;1166;635;531;545;70;20;75;224;140;157;65;220;179;296;521;66;Salta;66028;Capital;660281706;;1879;462;-24,781711;-65,456721;0,174651371
660282206;535;95;18;13;38;26;440;96;197;81;66;301;42;6;5;18;13;259;57;106;46;50;234;53;12;8;20;13;181;39;91;35;16;8;413;14;108;82;16;83;7;93;22;418;368;50;219;56;93;12;38;25;25;4;12;23;29;87;66;Salta;66028;Capital;660282206;;535;242;-24,779809;-65,416858;0,062112229
660280105;962;463;55;56;207;145;499;59;393;32;15;498;232;25;26;110;71;266;32;210;17;7;464;231;30;30;97;74;233;27;183;15;8;35;926;12;24;20;2;20;9;20;11;488;471;17;142;33;296;54;207;142;143;3;6;101;103;151;66;Salta;66028;Capital;660280105;;962;229;-24,785136;-65,507238;1,965872366
660282309;487;64;20;4;23;17;423;106;189;79;49;274;32;8;2;13;9;242;66;95;45;36;213;32;12;2;10;8;181;40;94;34;13;9;395;9;83;63;10;64;10;69;9;414;381;33;188;31;162;4;23;16;16;6;7;20;21;74;66;Salta;66028;Capital;660282309;;487;258;-24,780427;-65,407688;0,082697351
660282307;428;45;10;4;19;12;383;101;154;69;59;264;27;6;2;11;8;237;67;88;43;39;164;18;4;2;8;4;146;34;66;26;20;5;361;10;57;76;16;80;5;87;6;377;356;21;204;34;118;4;19;11;11;2;4;11;12;73;66;Salta;66028;Capital;660282307;;428;207;-24,780322;-65,40462;0,077508266
660281804;931;297;63;30;127;77;634;122;402;86;24;479;148;28;14;64;42;331;56;214;50;11;452;149;35;16;63;35;303;66;188;36;13;33;755;17;159;38;8;40;18;51;14;620;546;74;259;49;238;28;124;76;76;5;17;68;70;139;66;Salta;66028;Capital;660281804;;931;314;-24,781468;-65,445874;0,126483043
660282208;825;168;34;24;66;44;657;146;298;120;93;450;86;19;11;35;21;364;80;155;71;58;375;82;15;13;31;23;293;66;143;49;35;8;570;34;221;118;31;120;29;134;22;635;493;142;298;79;116;24;62;42;44;11;31;43;59;113;66;Salta;66028;Capital;660282208;;825;299;-24,781899;-65,41957;0,088723162
660281508;664;145;32;11;62;40;519;104;206;105;104;371;79;15;4;37;23;292;49;112;63;68;293;66;17;7;25;17;227;55;94;42;36;18;524;26;114;135;36;138;18;143;29;490;418;72;249;59;110;11;61;38;39;7;18;31;39;102;66;Salta;66028;Capital;660281508;;664;234;-24,782388;-65,433088;0,060418253
660282312;597;130;29;18;42;41;467;108;201;74;84;334;59;16;8;19;16;275;51;119;51;54;263;71;13;10;23;25;192;57;82;23;30;7;490;12;95;102;22;105;12;111;9;458;413;45;223;49;141;18;42;40;41;8;14;40;46;97;66;Salta;66028;Capital;660282312;;597;239;-24,781488;-65,415036;0,059212139
660282311;719;143;35;18;50;40;576;124;257;112;83;381;56;12;11;16;17;325;63;139;68;55;338;87;23;7;34;23;251;61;118;44;28;14;564;21;134;115;21;117;11;124;17;559;493;66;295;52;146;17;48;39;40;2;15;30;37;110;66;Salta;66028;Capital;660282311;;719;307;-24,781627;-65,412975;0,117249632
660281707;1783;581;111;70;211;189;1202;578;504;96;24;901;274;64;30;97;83;627;285;273;54;15;882;307;47;40;114;106;575;293;231;42;9;18;571;32;1180;31;3;32;98;47;142;1060;598;462;540;46;12;62;201;176;189;86;232;222;326;565;66;Salta;66028;Capital;660281707;;1783;406;-24,783773;-65,459477;0,229301529
660281507;701;135;21;8;53;53;566;147;217;105;97;371;64;9;4;24;27;307;71;113;59;64;330;71;12;4;29;26;259;76;104;46;33;4;468;30;203;106;27;113;27;124;38;528;389;139;288;46;55;7;49;49;51;15;39;48;66;133;66;Salta;66028;Capital;660281507;;701;243;-24,780762;-65,430304;0,066878212
660282310;391;69;12;13;26;18;322;51;130;65;76;220;37;6;8;15;8;183;29;72;35;47;171;32;6;5;11;10;139;22;58;30;29;5;299;8;84;77;13;82;7;90;18;304;274;30;127;27;120;13;26;15;17;2;5;15;18;50;66;Salta;66028;Capital;660282310;;391;179;-24,782197;-65,409453;0,152744458
660282203;1140;212;38;22;84;68;928;200;383;205;140;587;102;20;7;41;34;485;95;204;105;81;553;110;18;15;43;34;443;105;179;100;59;10;788;31;321;170;46;174;40;203;42;886;717;169;450;93;174;22;81;66;66;16;31;67;74;171;66;Salta;66028;Capital;660282203;;1140;457;-24,782003;-65,426319;0,17216306
660281715;970;380;61;40;156;123;590;204;318;41;27;488;171;26;18;72;55;317;107;171;24;15;482;209;35;22;84;68;273;97;147;17;12;6;336;33;601;18;3;20;53;34;61;529;280;249;241;29;10;37;151;117;122;41;96;122;163;229;66;Salta;66028;Capital;660281715;;970;237;-24,784071;-65,452995;0,131593592
660282604;703;122;18;21;45;38;581;119;232;136;94;382;57;10;8;21;18;325;54;136;78;57;321;65;8;13;24;20;256;65;96;58;37;9;592;23;88;109;21;115;12;129;25;556;506;50;269;50;187;21;43;33;36;6;17;33;43;99;66;Salta;66028;Capital;660282604;;703;281;-24,785699;-65,398199;0,366690312
660281708;1562;522;96;52;218;156;1040;414;469;115;42;802;245;45;25;104;71;557;193;266;67;31;760;277;51;27;114;85;483;221;203;48;11;18;550;47;965;51;6;53;104;72;126;914;486;428;437;37;12;46;212;148;156;71;163;185;251;428;66;Salta;66028;Capital;660281708;;1562;386;-24,785958;-65,465199;0,724619396
660282207;455;90;23;8;45;14;365;90;161;55;59;246;42;7;4;22;9;204;41;88;35;40;209;48;16;4;23;5;161;49;73;20;19;5;291;19;145;69;17;71;13;78;25;340;284;56;165;26;93;4;44;13;13;7;17;16;22;61;66;Salta;66028;Capital;660282207;;455;165;-24,782016;-65,417216;0,07836552
660281509;671;106;23;15;43;25;565;124;230;113;98;360;58;10;10;24;14;302;57;119;64;62;311;48;13;5;19;11;263;67;111;49;36;7;473;29;169;113;35;120;14;128;27;538;426;112;285;54;87;15;42;24;25;5;21;21;35;94;66;Salta;66028;Capital;660281509;;671;249;-24,782772;-65,430712;0,114933347
660282308;503;64;15;8;22;19;439;119;176;70;74;281;31;10;4;10;7;250;65;92;46;47;222;33;5;4;12;12;189;54;84;24;27;5;430;11;62;92;26;93;11;103;10;429;399;30;194;49;156;8;20;18;18;6;7;20;21;85;66;Salta;66028;Capital;660282308;;503;278;-24,782974;-65,405042;0,106332148
660281606;998;180;46;13;74;47;818;157;339;178;144;523;87;20;9;39;19;436;82;174;95;85;475;93;26;4;35;28;382;75;165;83;59;12;733;21;244;173;40;178;45;204;29;789;643;146;403;89;151;13;74;44;46;15;32;51;68;140;66;Salta;66028;Capital;660281606;;998;377;-24,78595;-65,435673;0,146767674
660282209;566;95;25;11;40;19;471;97;205;92;77;302;48;12;5;18;13;254;48;109;49;48;264;47;13;6;22;6;217;49;96;43;29;10;426;13;127;87;27;91;17;99;13;458;386;72;206;45;135;11;37;18;19;10;20;24;31;66;66;Salta;66028;Capital;660282209;;566;253;-24,783021;-65,421462;0,073379688
660280206;767;236;41;30;102;63;531;165;263;75;28;401;118;20;16;50;32;283;85;143;38;17;366;118;21;14;52;31;248;80;120;37;11;9;365;31;371;34;3;35;33;46;63;468;276;192;228;37;11;28;101;59;62;17;62;60;87;164;66;Salta;66028;Capital;660280206;;767;215;-24,784674;-65,359112;0,258645228
660281714;1196;356;63;40;168;85;840;351;329;135;25;615;168;39;22;68;39;447;175;181;75;16;581;188;24;18;100;46;393;176;148;60;9;15;350;35;811;31;3;32;91;49;93;747;349;398;295;33;21;39;160;73;83;56;162;103;168;290;66;Salta;66028;Capital;660281714;;1196;296;-24,785418;-65,455537;0,119465891
660282105;433;76;15;9;32;20;357;74;169;62;52;216;31;5;4;15;7;185;42;71;41;31;217;45;10;5;17;13;172;32;98;21;21;4;341;23;69;65;12;66;13;73;25;332;295;37;168;45;82;8;30;19;20;4;11;21;27;49;66;Salta;66028;Capital;660282105;;433;177;-24,784607;-65,423706;0,053488295
660282603;613;111;21;11;41;38;502;105;162;108;127;317;53;8;5;24;16;264;43;82;63;76;296;58;13;6;17;22;238;62;80;45;51;7;496;27;90;147;41;149;16;161;14;488;430;58;241;30;159;11;39;35;37;10;16;40;46;113;66;Salta;66028;Capital;660282603;;613;238;-24,784879;-65,401459;0,107474841
660284902;237;83;19;6;45;13;154;36;91;19;8;114;31;9;1;17;4;83;21;51;6;5;123;52;10;5;28;9;71;15;40;13;3;4;148;3;86;10;1;10;3;10;12;142;96;46;49;16;31;5;45;13;13;4;18;14;23;34;66;Salta;66028;Capital;660284902;;237;76;-24,793787;-65,474739;1,530989451
660281803;944;229;44;25;95;65;715;275;304;102;34;507;128;26;11;58;33;379;140;156;61;22;437;101;18;14;37;32;336;135;148;41;12;15;443;18;483;51;11;53;57;59;73;642;378;264;302;36;40;24;95;63;64;37;108;82;127;234;66;Salta;66028;Capital;660281803;;944;254;-24,785094;-65,448002;0,074388111
660282110;469;55;8;8;27;12;414;84;156;80;94;264;32;4;5;13;10;232;46;74;48;64;205;23;4;3;14;2;182;38;82;32;30;4;367;28;74;100;24;101;11;115;18;396;358;38;190;39;129;8;26;9;10;1;7;7;8;62;66;Salta;66028;Capital;660282110;;469;217;-24,784234;-65,417217;0,057283985
660282401;503;82;13;8;35;26;421;71;181;90;79;283;32;6;2;12;12;251;37;112;51;51;220;50;7;6;23;14;170;34;69;39;28;5;415;20;68;92;26;95;14;103;8;413;361;52;174;48;139;8;35;24;25;4;12;23;27;61;66;Salta;66028;Capital;660282401;;503;242;-24,78471;-65,414477;0,093357138
660281510;741;144;28;25;53;38;597;133;252;117;95;402;69;14;11;26;18;333;61;136;67;69;339;75;14;14;27;20;264;72;116;50;26;14;609;17;115;117;36;125;30;139;16;581;513;68;309;82;122;24;53;36;37;5;14;33;39;98;66;Salta;66028;Capital;660281510;;741;294;-24,784457;-65,429058;0,089094162
660282104;499;90;18;12;51;9;409;57;201;75;76;259;45;7;7;26;5;214;29;96;41;48;240;45;11;5;25;4;195;28;105;34;28;3;436;12;51;91;18;92;7;98;13;396;361;35;192;49;120;11;51;9;9;2;7;10;13;41;66;Salta;66028;Capital;660282104;;499;223;-24,785266;-65,425611;0,052964051
660282404;501;86;19;15;30;22;415;60;186;75;94;288;46;13;11;11;11;242;33;94;47;68;213;40;6;4;19;11;173;27;92;28;26;9;449;9;43;108;23;111;7;122;18;397;358;39;171;40;147;15;29;20;21;3;10;15;21;46;66;Salta;66028;Capital;660282404;;501;245;-24,784786;-65,409475;0,082092643
660280207;1298;474;74;50;207;143;824;286;412;90;36;673;247;42;20;106;79;426;157;209;41;19;625;227;32;30;101;64;398;129;203;49;17;9;461;43;794;50;6;53;83;65;114;710;351;359;321;20;10;41;205;127;138;46;131;134;197;312;66;Salta;66028;Capital;660280207;;1298;373;-24,787967;-65,364571;0,593842106
660282405;619;94;23;9;43;19;525;130;212;85;98;352;42;6;4;23;9;310;78;120;49;63;267;52;17;5;20;10;215;52;92;36;35;9;532;6;81;112;27;115;7;122;13;512;476;36;245;40;191;9;43;19;19;4;14;17;20;89;66;Salta;66028;Capital;660282405;;619;289;-24,785382;-65,406517;0,082629802
660281802;996;247;35;28;109;75;749;288;306;129;26;505;119;17;14;55;33;386;143;170;59;14;491;128;18;14;54;42;363;145;136;70;12;14;358;36;602;36;8;36;68;50;77;672;363;309;314;34;15;26;109;69;73;32;106;77;123;221;66;Salta;66028;Capital;660281802;;996;265;-24,786601;-65,448826;0,073965965
660282106;582;99;20;10;36;33;483;105;196;88;94;319;49;13;4;16;16;270;60;102;48;60;263;50;7;6;20;17;213;45;94;40;34;9;460;13;109;104;36;106;17;115;12;471;415;56;249;44;122;10;33;33;33;6;16;31;37;93;66;Salta;66028;Capital;660282106;;582;257;-24,786604;-65,42251;0,077941891
660282406;352;59;13;7;21;18;293;54;144;35;60;195;26;7;3;9;7;169;30;81;18;40;157;33;6;4;12;11;124;24;63;17;20;4;289;16;47;56;13;56;6;66;15;278;255;23;140;24;91;7;21;18;18;5;10;18;23;47;66;Salta;66028;Capital;660282406;;352;167;-24,785495;-65,404563;0,041461161
660282107;596;122;27;11;53;31;474;99;232;89;54;345;64;12;4;29;19;281;62;128;56;35;251;58;15;7;24;12;193;37;104;33;19;12;486;15;95;76;18;78;15;88;10;464;420;44;240;48;132;11;53;28;31;2;12;23;31;73;66;Salta;66028;Capital;660282107;;596;268;-24,786671;-65,421122;0,07286281
660282407;309;49;9;4;26;10;260;58;118;45;39;181;24;4;3;14;3;157;30;69;29;29;128;25;5;1;12;7;103;28;49;16;10;4;254;5;50;43;14;44;1;49;14;246;226;20;121;23;82;4;26;10;10;2;8;8;12;48;66;Salta;66028;Capital;660282407;;309;154;-24,785628;-65,403254;0,038251585
660282109;490;86;13;6;40;27;404;90;174;68;72;274;45;7;4;19;15;229;48;98;40;43;216;41;6;2;21;12;175;42;76;28;29;9;388;9;93;82;18;84;14;92;9;395;363;32;209;36;118;6;37;23;26;6;11;25;31;74;66;Salta;66028;Capital;660282109;;490;229;-24,78567;-65,41855;0,089322145
660281512;1007;210;21;22;103;64;797;172;335;161;129;521;113;13;13;51;36;408;76;166;89;77;486;97;8;9;52;28;389;96;169;72;52;7;768;38;201;160;37;162;45;177;37;760;629;131;389;94;146;22;101;60;62;10;26;56;69;157;66;Salta;66028;Capital;660281512;;1007;344;-24,786441;-65,432985;0,114792134
660281511;674;143;22;13;58;50;531;107;227;121;76;357;68;12;2;30;24;289;54;122;64;49;317;75;10;11;28;26;242;53;105;57;27;5;497;19;158;107;25;109;17;114;18;513;443;70;261;59;123;11;57;49;50;5;14;42;49;110;66;Salta;66028;Capital;660281511;;674;242;-24,786294;-65,429675;0,10290918
660284901;377;160;38;16;82;24;217;20;170;23;4;188;74;15;7;37;15;114;11;88;13;2;189;86;23;9;45;9;103;9;82;10;2;29;361;0;16;8;1;8;1;9;2;215;206;9;66;23;117;16;82;24;24;1;3;22;24;31;66;Salta;66028;Capital;660284901;;377;110;-24,788381;-65,489517;0,484245406
660281801;1795;486;97;58;210;121;1309;533;547;181;48;910;230;48;28;97;57;680;265;297;93;25;885;256;49;30;113;64;629;268;250;88;23;15;716;48;1031;58;9;60;111;86;105;1204;661;543;576;57;28;50;206;107;118;48;195;121;211;423;66;Salta;66028;Capital;660281801;;1795;482;-24,787923;-65,450401;0,161438865
660282402;529;83;19;12;29;23;446;116;199;67;64;302;41;9;3;18;11;261;69;105;43;44;227;42;10;9;11;12;185;47;94;24;20;4;441;22;66;76;20;76;15;82;10;436;401;35;222;30;149;11;28;23;23;4;8;22;24;84;66;Salta;66028;Capital;660282402;;529;257;-24,785975;-65,413371;0,072142563
660282403;453;86;19;8;34;25;367;77;164;62;64;267;45;8;2;19;16;222;47;92;36;47;186;41;11;6;15;9;145;30;72;26;17;7;389;9;55;68;19;71;9;82;10;357;333;24;181;44;108;7;33;24;25;2;6;19;22;64;66;Salta;66028;Capital;660282403;;453;193;-24,786427;-65,410372;0,095257763
660281712;1642;527;80;53;223;171;1115;476;494;111;34;846;254;39;28;104;83;592;244;277;50;21;796;273;41;25;119;88;523;232;217;61;13;9;706;25;911;39;6;41;95;58;92;1023;524;499;452;55;17;49;210;152;168;60;183;184;276;455;66;Salta;66028;Capital;660281712;;1642;397;-24,788336;-65,458369;0,149735153
660281716;1173;353;64;44;152;93;820;284;361;140;35;598;160;27;16;71;46;438;157;195;68;18;575;193;37;28;81;47;382;127;166;72;17;5;555;71;547;39;4;39;65;54;84;736;428;308;356;53;19;40;148;90;90;39;105;99;140;256;66;Salta;66028;Capital;660281716;;1173;280;-24,789496;-65,453512;0,246891869
660281806;1354;393;73;53;147;120;961;388;422;110;41;701;206;39;28;78;61;495;170;237;66;22;653;187;34;25;69;59;466;218;185;44;19;13;570;34;750;47;3;49;73;61;112;849;497;352;417;58;22;51;147;114;119;54;144;145;209;353;66;Salta;66028;Capital;660281806;;1354;356;-24,787305;-65,444836;0,096607089
660282102;447;72;15;11;26;20;375;82;155;67;71;265;36;6;5;12;13;229;50;85;39;55;182;36;9;6;14;7;146;32;70;28;16;6;355;5;87;84;22;84;12;96;15;360;311;49;188;37;86;11;24;19;19;3;6;18;20;61;66;Salta;66028;Capital;660282102;;447;205;-24,787255;-65,427189;0,057983975
661470306;407;118;24;10;41;43;289;52;138;58;41;195;56;13;6;17;20;139;33;58;28;20;212;62;11;4;24;23;150;19;80;30;21;6;230;11;166;43;12;43;22;49;48;241;132;109;74;21;37;9;40;35;43;6;27;35;52;68;66;Salta;66147;Rosario de Lerma;661470306;;407;131;-24,844656;-65,636989;95,40749998
660282103;691;126;25;20;47;34;565;113;255;103;94;386;57;11;8;21;17;329;62;140;65;62;305;69;14;12;26;17;236;51;115;38;32;13;599;18;74;120;30;122;21;130;18;547;483;64;260;62;161;20;47;33;34;5;9;26;29;94;66;Salta;66028;Capital;660282103;;691;307;-24,787584;-65,424715;0,081125434
660280106;1485;664;126;88;320;130;821;104;624;68;25;758;335;66;44;151;74;423;49;328;36;10;727;329;60;44;169;56;398;55;296;32;15;71;1385;35;65;37;6;38;6;43;22;799;766;33;244;43;479;85;320;129;129;6;13;99;102;173;66;Salta;66028;Capital;660280106;;1485;400;-24,793907;-65,498497;1,244826389
660282703;1301;380;79;40;152;109;921;297;397;163;64;673;185;37;19;82;47;488;147;212;87;42;628;195;42;21;70;62;433;150;185;76;22;11;607;53;641;87;14;87;73;107;124;797;476;321;403;54;19;37;150;109;109;26;93;110;154;283;66;Salta;66028;Capital;660282703;;1301;387;-24,790446;-65,368532;0,279419817
660282108;426;63;13;7;31;12;363;70;141;74;78;242;27;5;4;13;5;215;36;71;54;54;184;36;8;3;18;7;148;34;70;20;24;4;344;8;74;100;32;100;11;104;10;353;317;36;180;37;100;7;31;11;11;1;5;11;12;57;66;Salta;66028;Capital;660282108;;426;204;-24,787979;-65,418415;0,121918253
660282410;258;38;12;4;14;8;220;45;95;36;44;171;26;8;2;9;7;145;28;62;24;31;87;12;4;2;5;1;75;17;33;12;13;6;217;5;36;52;19;53;8;55;9;211;194;17;95;14;85;4;13;8;8;2;2;8;8;36;66;Salta;66028;Capital;660282410;;258;138;-24,78837;-65,407472;0,050388314
660282605;440;88;8;8;46;26;352;58;127;91;76;252;43;4;5;25;9;209;35;73;48;53;188;45;4;3;21;17;143;23;54;43;23;3;385;12;43;95;22;95;5;102;12;340;311;29;152;36;123;8;46;25;26;1;6;21;25;64;66;Salta;66028;Capital;660282605;;440;181;-24,788556;-65,400777;0,104083544
660282412;600;119;20;19;47;33;481;113;196;86;86;348;67;13;11;24;19;281;60;111;46;64;252;52;7;8;23;14;200;53;85;40;22;5;450;26;124;109;34;113;17;119;10;471;414;57;240;44;130;19;47;31;32;3;11;26;29;93;66;Salta;66028;Capital;660282412;;600;259;-24,788291;-65,414342;0,11528881
660282409;368;68;12;11;27;18;300;55;125;62;58;201;35;6;6;13;10;166;28;66;35;37;167;33;6;5;14;8;134;27;59;27;21;1;303;5;60;70;13;71;10;83;9;291;271;20;137;29;105;11;26;18;18;3;6;15;17;46;66;Salta;66028;Capital;660282409;;368;169;-24,788487;-65,406133;0,048787339
660282408;388;51;11;3;19;18;337;87;144;66;40;208;23;5;1;5;12;185;38;79;41;27;180;28;6;2;14;6;152;49;65;25;13;5;278;7;103;54;19;56;8;62;10;327;293;34;177;32;84;3;19;17;17;1;8;14;19;62;66;Salta;66028;Capital;660282408;;388;174;-24,788593;-65,403763;0,125579486
660281713;1927;588;102;65;240;181;1339;558;592;164;25;982;302;48;39;134;81;680;272;307;90;11;945;286;54;26;106;100;659;286;285;74;14;14;709;44;1174;38;3;38;145;53;110;1229;676;553;588;68;20;61;233;170;177;68;195;200;275;517;66;Salta;66028;Capital;660281713;;1927;448;-24,791865;-65,4566;0,183654635
661470310;19;3;0;0;2;1;16;4;6;5;1;8;2;0;0;2;0;6;1;1;3;1;11;1;0;0;0;1;10;3;5;2;0;0;5;0;14;0;0;0;3;1;5;11;6;5;4;2;0;0;2;0;1;0;1;0;1;2;66;Salta;66147;Rosario de Lerma;661470310;;19;6;-24,859446;-65,834189;97,1352286
660282101;424;69;15;10;33;11;355;75;181;57;42;228;38;6;4;20;8;190;39;92;31;28;196;31;9;6;13;3;165;36;89;26;14;8;339;6;79;50;18;53;6;62;12;343;304;39;185;26;93;8;33;11;11;3;9;12;17;45;66;Salta;66028;Capital;660282101;;424;194;-24,787992;-65,428943;0,041962888
660281807;1127;316;77;34;130;75;811;297;345;132;37;577;157;39;21;59;38;420;149;181;72;18;550;159;38;13;71;37;391;148;164;60;19;15;433;28;666;47;10;50;64;75;87;724;407;317;344;40;23;33;128;70;74;33;112;70;120;234;66;Salta;66028;Capital;660281807;;1127;307;-24,789576;-65,442232;0,09093178
660282702;997;239;38;27;106;68;758;221;349;137;51;509;120;21;12;58;29;389;110;180;68;31;488;119;17;15;48;39;369;111;169;69;20;9;545;25;427;73;9;76;51;89;79;679;434;245;347;67;20;25;101;64;68;24;73;70;99;173;66;Salta;66028;Capital;660282702;;997;310;-24,789943;-65,372286;0,165822611
660281709;1105;338;61;31;162;84;767;285;327;129;26;588;174;25;18;84;47;414;157;165;79;13;517;164;36;13;78;37;353;128;162;50;13;9;332;52;721;36;3;39;67;50;96;671;329;342;292;23;14;21;157;80;83;26;115;87;142;232;66;Salta;66028;Capital;660281709;;1105;286;-24,789631;-65,461655;0,092952098
660281808;924;269;61;30;104;74;655;231;285;105;34;487;143;35;15;55;38;344;113;160;51;20;437;126;26;15;49;36;311;118;125;54;14;8;411;11;502;36;7;37;53;57;70;585;350;235;276;53;21;28;103;71;74;30;72;83;102;198;66;Salta;66028;Capital;660281808;;924;243;-24,790488;-65,443692;0,137431624
660282411;291;53;6;7;22;18;238;47;97;47;47;166;24;2;4;10;8;142;26;54;28;34;125;29;4;3;12;10;96;21;43;19;13;2;225;15;51;56;17;57;7;64;8;230;185;45;86;24;75;7;22;18;18;5;11;15;20;42;66;Salta;66028;Capital;660282411;;291;136;-24,788697;-65,410189;0,101630105
660281903;629;140;23;14;62;41;489;124;203;103;59;310;60;12;5;28;15;250;58;112;48;32;319;80;11;9;34;26;239;66;91;55;27;8;387;22;220;82;14;82;29;99;31;458;333;125;251;43;39;14;62;38;40;12;31;41;56;112;66;Salta;66028;Capital;660281903;;629;213;-24,790692;-65,437464;0,082660644
660281901;953;205;34;22;88;61;748;158;341;136;113;513;97;16;12;38;31;416;77;190;75;74;440;108;18;10;50;30;332;81;151;61;39;11;634;43;276;137;34;140;35;158;34;714;553;161;340;102;111;22;88;59;60;18;39;66;77;152;66;Salta;66028;Capital;660281901;;953;351;-24,788772;-65,434668;0,079453076
660282001;1229;240;45;34;94;67;989;198;440;196;155;660;110;21;17;47;25;550;109;237;107;97;569;130;24;17;47;42;439;89;203;89;58;15;898;22;309;189;44;193;63;224;55;934;737;197;488;91;158;31;90;65;66;12;30;68;81;189;66;Salta;66028;Capital;660282001;;1229;449;-24,790447;-65,429787;0,168584177
660281809;735;218;32;25;94;67;517;164;239;82;32;374;109;17;14;44;34;265;74;130;42;19;361;109;15;11;50;33;252;90;109;40;13;8;360;35;340;38;5;41;21;48;56;461;276;185;229;36;11;25;94;62;64;16;51;59;84;152;66;Salta;66028;Capital;660281809;;735;211;-24,791514;-65,445243;0,099294277
660282003;585;123;32;15;45;31;462;88;212;96;66;315;67;20;8;25;14;248;49;101;55;43;270;56;12;7;20;17;214;39;111;41;23;7;422;23;140;76;18;78;19;90;27;435;365;70;230;46;89;13;43;28;31;8;17;31;42;81;66;Salta;66028;Capital;660282003;;585;225;-24,79024;-65,425064;0,093962599
660281904;898;212;32;17;99;64;686;146;310;135;95;491;110;17;3;54;36;381;81;168;77;55;407;102;15;14;45;28;305;65;142;58;40;10;600;24;274;136;33;138;34;150;26;660;505;155;361;65;79;17;99;64;64;15;31;63;70;143;66;Salta;66028;Capital;660281904;;898;326;-24,792281;-65,433386;0,14276949
660282004;393;72;8;6;36;22;321;64;154;61;42;217;38;3;2;21;12;179;28;87;33;31;176;34;5;4;15;10;142;36;67;28;11;5;315;3;75;54;20;56;4;63;8;313;283;30;161;31;91;5;33;20;20;2;5;18;21;52;66;Salta;66028;Capital;660282004;;393;201;-24,78965;-65,421988;0,041515674
660281810;1136;443;61;45;183;154;693;225;374;76;18;583;214;30;20;81;83;369;107;212;38;12;553;229;31;25;102;71;324;118;162;38;6;11;495;44;597;29;3;29;46;34;56;637;328;309;268;39;21;39;178;145;153;42;110;156;212;287;66;Salta;66028;Capital;660281810;;1136;304;-24,791521;-65,447967;0,148384114
660281902;765;149;24;19;59;47;616;134;276;108;98;395;74;12;12;26;24;321;63;138;55;65;370;75;12;7;33;23;295;71;138;53;33;6;488;33;244;120;36;122;27;140;29;587;448;139;327;81;40;18;59;46;47;10;27;47;57;126;66;Salta;66028;Capital;660281902;;765;245;-24,789902;-65,435972;0,073564754
660282006;448;90;11;5;42;32;358;76;163;60;59;226;40;4;3;19;14;186;30;85;33;38;222;50;7;2;23;18;172;46;78;27;21;3;324;8;116;61;12;64;19;78;8;350;288;62;182;26;80;4;41;27;32;3;12;20;30;69;66;Salta;66028;Capital;660282006;;448;178;-24,790863;-65,419987;0,051482878
660282007;921;168;22;19;70;57;753;181;334;133;105;505;88;11;10;38;29;417;88;181;80;68;416;80;11;9;32;28;336;93;153;53;37;7;617;21;283;135;38;139;22;149;32;721;602;119;392;86;124;17;68;52;55;19;34;57;67;164;66;Salta;66028;Capital;660282007;;921;365;-24,791992;-65,417876;0,148625524
660282501;551;139;22;20;57;40;412;100;209;52;51;324;70;7;11;33;19;254;64;119;37;34;227;69;15;9;24;21;158;36;90;15;17;6;348;20;183;65;25;65;16;70;31;381;328;53;226;25;77;16;46;37;40;4;19;31;47;95;66;Salta;66028;Capital;660282501;;551;218;-24,791348;-65,415293;0,113434795
660282502;355;77;17;13;28;19;278;67;110;51;50;202;46;10;7;20;9;156;39;55;29;33;153;31;7;6;8;10;122;28;55;22;17;6;285;18;52;57;17;58;9;64;19;259;233;26;136;27;70;13;25;14;17;2;12;12;18;54;66;Salta;66028;Capital;660282502;;355;141;-24,791537;-65,412568;0,11184621
660282509;276;42;9;7;19;7;234;51;89;48;46;177;27;5;4;13;5;150;34;52;31;33;99;15;4;3;6;2;84;17;37;17;13;3;218;5;53;48;14;49;5;54;5;229;203;26;119;22;62;6;18;7;7;2;4;8;9;32;66;Salta;66028;Capital;660282509;;276;145;-24,791055;-65,409395;0,101922418
660282608;544;86;18;5;39;24;458;89;174;109;86;288;36;4;2;17;13;252;46;88;60;58;256;50;14;3;22;11;206;43;86;49;28;6;440;15;89;99;22;101;20;124;28;430;374;56;204;56;114;5;39;22;22;8;21;28;36;83;66;Salta;66028;Capital;660282608;;544;204;-24,793512;-65,394505;0,305131855
660282002;517;100;18;11;46;25;417;79;200;78;60;275;49;7;5;23;14;226;37;106;42;41;242;51;11;6;23;11;191;42;94;36;19;11;372;9;136;65;11;67;13;72;8;409;340;69;228;44;68;11;45;25;25;6;12;27;32;75;66;Salta;66028;Capital;660282002;;517;203;-24,791228;-65,426431;0,078083068
660281811;1082;302;56;38;121;87;780;256;344;148;32;544;150;24;22;62;42;394;131;166;82;15;538;152;32;16;59;45;386;125;178;66;17;16;562;68;452;42;6;44;43;51;66;714;459;255;359;69;31;38;119;82;86;34;89;94;132;223;66;Salta;66028;Capital;660281811;;1082;311;-24,792944;-65,450816;0,127630194
660282606;631;133;27;14;50;42;498;98;205;97;98;352;75;15;9;33;18;277;54;106;55;62;279;58;12;5;17;24;221;44;99;42;36;8;484;12;135;112;27;114;24;129;38;460;383;77;231;42;110;12;47;40;42;1;24;35;50;98;66;Salta;66028;Capital;660282606;;631;246;-24,792678;-65,399659;0,185904695
660282510;402;71;14;13;28;16;331;71;140;58;62;234;27;5;6;10;6;207;45;83;38;41;168;44;9;7;18;10;124;26;57;20;21;6;306;15;81;70;25;73;18;78;13;318;295;23;165;47;83;11;25;13;16;4;11;15;23;54;66;Salta;66028;Capital;660282510;;402;177;-24,792008;-65,406412;0,056632036
660282005;722;135;22;17;62;34;587;136;230;125;96;387;63;13;6;31;13;324;72;126;65;61;335;72;9;11;31;21;263;64;104;60;35;5;521;16;185;115;29;116;20;130;20;567;462;105;290;64;108;15;59;33;34;12;33;37;54;120;66;Salta;66028;Capital;660282005;;722;256;-24,791508;-65,422295;0,077954607
660282512;543;92;21;7;42;22;451;93;185;96;77;300;43;9;1;21;12;257;57;94;54;52;243;49;12;6;21;10;194;36;91;42;25;6;392;37;114;95;18;98;13;103;23;428;368;60;224;46;98;5;38;19;22;6;12;19;25;75;66;Salta;66028;Capital;660282512;;543;221;-24,792317;-65,403016;0,124175997
660282511;340;70;11;13;33;13;270;59;121;38;52;173;30;3;6;17;4;143;28;61;20;34;167;40;8;7;16;9;127;31;60;18;18;4;247;11;82;63;8;63;5;66;17;253;206;47;113;30;63;11;31;13;13;4;15;16;22;44;66;Salta;66028;Capital;660282511;;340;135;-24,792066;-65,405107;0,054894103
660282816;849;229;42;23;92;72;620;203;263;105;49;431;116;18;13;49;36;315;100;138;55;22;418;113;24;10;43;36;305;103;125;50;27;8;406;29;414;58;9;58;34;77;65;555;324;231;268;41;15;22;91;68;72;16;72;67;103;186;66;Salta;66028;Capital;660282816;;849;263;-24,796234;-65,365086;0,422242232
660281711;1219;329;68;37;148;76;890;382;356;119;33;636;175;38;22;76;39;461;183;197;60;21;583;154;30;15;72;37;429;199;159;59;12;7;394;35;790;38;4;38;84;57;99;791;414;377;375;30;9;37;143;65;74;32;147;84;159;314;66;Salta;66028;Capital;660281711;;1219;313;-24,792056;-65,459916;0,102064667
660281710;1064;341;69;47;150;75;723;279;293;123;28;556;170;35;22;76;37;386;141;156;68;21;508;171;34;25;74;38;337;138;137;55;7;11;368;30;666;40;2;40;65;54;85;638;313;325;274;28;11;37;143;65;74;30;130;84;146;219;66;Salta;66028;Capital;660281710;;1064;256;-24,792097;-65,462765;0,056778385
660282817;1082;304;38;39;141;86;778;216;367;116;79;561;165;22;15;84;44;396;114;184;60;38;521;139;16;24;57;42;382;102;183;56;41;4;543;49;490;97;15;100;53;116;75;703;410;293;326;48;36;33;141;83;86;24;77;84;125;213;66;Salta;66028;Capital;660282817;;1082;297;-24,794842;-65,360565;0,265466467
660284903;1976;731;156;73;318;184;1245;488;574;123;60;973;354;83;37;149;85;619;243;288;57;31;1003;377;73;36;169;99;626;245;286;66;29;36;643;39;1294;65;4;65;105;93;157;1088;470;618;405;47;18;72;315;164;183;51;264;176;325;467;66;Salta;66028;Capital;660284903;;1976;539;-24,801253;-65,458771;0,707056349
660282508;500;92;12;11;44;25;408;78;164;82;84;273;40;7;4;24;5;233;47;81;47;58;227;52;5;7;20;20;175;31;83;35;26;3;385;16;99;87;30;90;11;106;23;385;323;62;192;45;86;9;40;23;25;5;16;23;32;66;66;Salta;66028;Capital;660282508;;500;220;-24,792846;-65,408863;0,080377438
660281908;936;215;37;17;92;69;721;174;313;126;108;469;98;12;10;45;31;371;88;153;64;66;467;117;25;7;47;38;350;86;160;62;42;11;534;20;382;125;33;128;48;138;71;650;418;232;329;63;26;16;89;62;68;21;55;71;98;179;66;Salta;66028;Capital;660281908;;936;285;-24,793403;-65,440011;0,153687774
660281907;632;115;19;12;49;35;517;104;210;132;71;359;60;7;5;31;17;299;60;109;83;47;273;55;12;7;18;18;218;44;101;49;24;9;417;10;205;95;25;99;25;112;21;496;375;121;279;55;41;12;48;34;34;7;22;36;47;105;66;Salta;66028;Capital;660281907;;632;227;-24,793203;-65,435992;0,063256642
660282012;665;144;25;20;64;35;521;118;229;91;83;375;80;12;13;36;19;295;62;119;59;55;290;64;13;7;28;16;226;56;110;32;28;7;447;21;197;104;31;108;18;116;17;504;410;94;265;56;89;18;62;34;35;4;23;27;42;104;66;Salta;66028;Capital;660282012;;665;216;-24,79347;-65,430764;0,077244361
660282008;642;126;25;11;56;34;516;122;229;84;81;352;65;15;6;25;19;287;59;125;50;53;290;61;10;5;31;15;229;63;104;34;28;5;392;14;236;103;24;104;20;113;30;486;379;107;268;59;52;11;51;33;34;6;24;31;44;111;66;Salta;66028;Capital;660282008;;642;245;-24,793946;-65,419856;0,088527092
660282705;1042;281;56;33;106;86;761;211;346;139;65;560;152;24;17;58;53;408;104;184;81;39;482;129;32;16;48;33;353;107;162;58;26;10;584;26;432;91;11;94;52;110;65;696;435;261;342;56;37;31;104;81;84;21;61;86;118;219;66;Salta;66028;Capital;660282705;;1042;310;-24,794866;-65,372591;0,167842193
660282011;802;184;37;22;81;44;618;136;278;108;96;406;84;20;10;36;18;322;68;143;54;57;396;100;17;12;45;26;296;68;135;54;39;10;527;18;257;108;29;112;31;130;26;592;425;167;304;59;62;21;79;41;44;11;38;42;57;107;66;Salta;66028;Capital;660282011;;802;246;-24,793655;-65,428019;0,078184486
660282704;1077;284;51;33;120;80;793;237;327;154;75;536;151;31;16;56;48;385;101;161;87;36;541;133;20;17;64;32;408;136;166;67;39;12;561;31;485;86;10;89;58;116;105;688;379;309;323;33;23;31;116;77;80;23;82;81;121;228;66;Salta;66028;Capital;660282704;;1077;286;-24,794629;-65,368731;0,165959871
660281816;1148;362;59;39;179;85;786;204;366;140;76;598;199;30;20;101;48;399;105;173;80;41;550;163;29;19;78;37;387;99;193;60;35;8;366;43;739;102;7;102;77;133;127;659;300;359;254;39;7;37;176;77;83;24;94;78;129;207;66;Salta;66028;Capital;660281816;;1148;282;-24,794536;-65,444633;0,09776482
660282009;500;81;9;5;36;31;419;95;175;94;55;260;30;6;1;9;14;230;51;90;51;38;240;51;3;4;27;17;189;44;85;43;17;2;319;7;174;72;17;74;5;85;18;401;321;80;229;45;47;5;36;29;31;3;15;22;31;83;66;Salta;66028;Capital;660282009;;500;202;-24,793302;-65,423828;0,077947094
660281815;1827;611;104;59;258;190;1216;415;590;148;63;961;320;56;33;141;90;641;209;318;79;35;866;291;48;26;117;100;575;206;272;69;28;18;731;55;1041;77;18;82;92;101;107;1109;533;576;457;61;15;55;256;178;186;62;196;204;296;456;66;Salta;66028;Capital;660281815;;1827;448;-24,79531;-65,448139;0,171451237
660281717;1506;451;57;57;231;106;1055;341;456;207;51;779;237;21;35;120;61;542;182;216;113;31;727;214;36;22;111;45;513;159;240;94;20;9;523;72;911;77;9;78;91;98;131;924;464;460;395;48;21;54;228;100;105;46;156;110;179;284;66;Salta;66028;Capital;660281717;;1506;367;-24,793919;-65,453594;0,09315529
660282504;593;99;20;8;44;27;494;122;202;91;79;340;53;11;5;25;12;287;75;105;51;56;253;46;9;3;19;15;207;47;97;40;23;4;395;12;186;79;35;88;16;99;22;472;400;72;245;58;97;7;44;26;27;4;18;25;36;95;66;Salta;66028;Capital;660282504;;593;235;-24,795738;-65,41575;0,15839149
660282503;582;130;26;18;46;40;452;95;235;78;44;298;56;9;9;21;17;242;53;123;38;28;284;74;17;9;25;23;210;42;112;40;16;6;384;25;173;54;19;56;13;65;15;437;373;64;231;57;85;17;46;39;40;6;12;36;39;99;66;Salta;66028;Capital;660282503;;582;236;-24,794749;-65,412203;0,119332798
660281909;1059;225;28;32;96;69;834;212;377;143;102;539;117;13;16;47;41;422;96;202;73;51;520;108;15;16;49;28;412;116;175;70;51;8;600;29;430;126;19;128;35;145;68;766;483;283;394;55;34;28;94;65;66;26;71;74;100;193;66;Salta;66028;Capital;660281909;;1059;323;-24,796052;-65,442659;0,128412678
660282010;765;152;33;16;77;26;613;128;280;105;100;389;82;18;7;42;15;307;63;134;55;55;376;70;15;9;35;11;306;65;146;50;45;18;454;32;279;114;32;118;47;138;43;570;406;164;314;44;48;13;73;26;26;11;37;31;42;92;66;Salta;66028;Capital;660282010;;765;275;-24,794558;-65,423943;0,078079914
660282506;639;129;16;22;52;39;510;109;227;90;84;350;65;9;8;30;18;285;60;118;54;53;289;64;7;14;22;21;225;49;109;36;31;3;445;26;168;105;29;107;23;118;21;489;415;74;285;48;82;22;49;39;39;5;19;30;41;93;66;Salta;66028;Capital;660282506;;639;273;-24,796286;-65,409523;0,077068407
660282507;481;92;16;9;38;29;389;83;172;76;58;240;43;8;5;16;14;197;42;76;37;42;241;49;8;4;22;15;192;41;96;39;16;7;308;24;149;69;17;69;22;78;27;362;298;64;181;45;72;6;37;28;29;5;19;25;36;73;66;Salta;66028;Capital;660282507;;481;186;-24,796342;-65,408112;0,079694561
660282513;528;124;27;11;48;38;404;84;176;75;69;297;66;14;6;26;20;231;43;99;38;51;231;58;13;5;22;18;173;41;77;37;18;10;356;24;148;75;16;77;27;83;20;384;307;77;192;55;60;11;48;37;38;9;18;37;41;88;66;Salta;66028;Capital;660282513;;528;187;-24,795471;-65,404968;0,168023293
660282607;450;86;16;9;46;15;364;84;191;52;37;246;45;9;3;25;8;201;48;100;31;22;204;41;7;6;21;7;163;36;91;21;15;7;391;11;48;49;12;49;25;51;18;346;305;41;187;50;68;9;43;13;14;5;11;14;16;51;66;Salta;66028;Capital;660282607;;450;205;-24,795194;-65,397309;0,038868129
660281906;1290;294;49;34;113;98;996;240;441;197;118;643;124;26;14;41;43;519;121;227;98;73;647;170;23;20;72;55;477;119;214;99;45;18;700;51;539;142;27;143;59;182;87;909;572;337;436;81;55;34;113;96;96;25;77;88;119;233;66;Salta;66028;Capital;660281906;;1290;369;-24,79551;-65,437158;0,108962931
660282706;1109;261;40;36;107;78;848;237;394;136;81;573;127;20;17;49;41;446;109;221;73;43;536;134;20;19;58;37;402;128;173;63;38;13;673;49;387;105;16;109;57;129;67;781;536;245;412;83;41;34;106;75;77;17;59;75;98;205;66;Salta;66028;Capital;660282706;;1109;365;-24,796348;-65,376838;0,206257325
660282515;705;122;22;12;53;35;583;131;228;118;106;372;59;12;3;25;19;313;60;119;62;72;333;63;10;9;28;16;270;71;109;56;34;8;520;15;170;135;29;137;21;145;22;561;462;99;272;63;127;12;48;31;34;7;24;34;48;104;66;Salta;66028;Capital;660282515;;705;251;-24,796668;-65,400993;0,177833245
660281905;979;265;47;31;112;75;714;178;330;122;84;539;145;23;19;55;48;394;97;179;66;52;440;120;24;12;57;27;320;81;151;56;32;10;595;18;366;109;26;111;33;128;40;674;476;198;357;83;36;28;111;68;70;21;45;68;88;183;66;Salta;66028;Capital;660281905;;979;290;-24,795709;-65,433724;0,072873249
660283201;1257;254;43;29;107;75;1003;244;420;193;146;657;112;20;12;49;31;545;132;224;112;77;600;142;23;17;58;44;458;112;196;81;69;12;768;29;460;181;30;186;64;208;45;958;656;302;471;118;67;29;105;70;74;25;70;80;110;226;66;Salta;66028;Capital;660283201;;1257;394;-24,795636;-65,426773;0,156695261
660281910;923;223;42;25;99;57;700;190;318;111;81;462;108;21;11;52;24;354;86;159;60;49;461;115;21;14;47;33;346;104;159;51;32;8;540;33;350;95;28;100;53;124;73;627;383;244;292;70;21;23;94;55;56;25;61;65;91;169;66;Salta;66028;Capital;660281910;;923;254;-24,796805;-65,440148;0,081109446
660281812;1557;466;80;58;201;127;1091;413;479;140;59;804;250;41;29;107;73;554;207;250;72;25;753;216;39;29;94;54;537;206;229;68;34;10;537;33;987;67;12;72;86;95;143;948;457;491;404;40;13;54;199;120;125;70;200;159;240;382;66;Salta;66028;Capital;660281812;;1557;400;-24,798275;-65,452838;0,25565434
660283202;585;133;15;17;62;39;452;96;209;76;71;316;72;8;8;37;19;244;49;104;46;45;269;61;7;9;25;20;208;47;105;30;26;4;359;9;217;84;16;85;31;92;22;430;298;132;233;33;32;17;61;36;39;11;34;42;58;104;66;Salta;66028;Capital;660283202;;585;196;-24,796119;-65,419234;0,059220787
660282609;518;88;19;10;29;30;430;88;182;87;73;275;49;11;3;19;16;226;36;90;51;49;243;39;8;7;10;14;204;52;92;36;24;5;410;2;106;88;26;92;11;101;29;401;348;53;215;42;91;8;27;24;29;8;18;26;34;87;66;Salta;66028;Capital;660282609;;518;205;-24,796542;-65,394206;0,103167674
660282610;880;188;31;25;77;55;692;143;265;181;103;466;84;16;11;39;18;382;71;143;99;69;414;104;15;14;38;37;310;72;122;82;34;5;598;28;254;136;34;142;20;154;35;657;529;128;360;72;97;25;74;53;55;14;31;59;71;131;66;Salta;66028;Capital;660282610;;880;281;-24,800309;-65,393348;0,351481463
660281916;915;194;37;21;77;59;721;151;332;145;93;470;94;15;9;41;29;376;77;158;81;60;445;100;22;12;36;30;345;74;174;64;33;10;545;39;331;121;28;128;38;141;42;679;474;205;331;87;56;19;76;57;59;13;41;59;77;140;66;Salta;66028;Capital;660281916;;915;296;-24,797684;-65,430309;0,084237925
660282505;447;71;14;10;27;20;376;72;155;79;70;249;40;7;6;16;11;209;39;76;45;49;198;31;7;4;11;9;167;33;79;34;21;5;341;6;100;78;32;82;15;89;20;356;305;51;184;38;83;10;24;16;20;2;12;15;26;68;66;Salta;66028;Capital;660282505;;447;194;-24,797284;-65,412427;0,118852679
660283205;972;233;49;28;112;44;739;189;314;154;82;485;110;20;15;53;22;375;90;149;82;54;487;123;29;13;59;22;364;99;165;72;28;14;566;18;388;127;29;131;41;146;45;694;448;246;352;68;28;25;107;41;42;15;56;46;76;159;66;Salta;66028;Capital;660283205;;972;277;-24,797149;-65,427664;0,077704588
660283204;632;130;30;16;44;40;502;127;197;99;79;313;60;12;4;24;20;253;62;87;55;49;319;70;18;12;20;20;249;65;110;44;30;10;354;21;257;92;21;96;33;112;45;457;291;166;216;36;39;16;43;38;40;13;44;44;62;119;66;Salta;66028;Capital;660283204;;632;188;-24,797148;-65,423257;0,058699561
660281814;1092;282;40;37;109;96;810;216;377;127;90;579;138;19;19;53;47;441;113;200;69;59;513;144;21;18;56;49;369;103;177;58;31;10;579;27;486;115;22;118;57;139;92;718;420;298;332;67;21;37;105;91;92;33;76;90;108;201;66;Salta;66028;Capital;660281814;;1092;296;-24,79854;-65,447235;0,127120332
660281913;940;234;37;20;113;64;706;187;297;127;95;495;120;14;10;63;33;375;92;156;65;62;445;114;23;10;50;31;331;95;141;62;33;6;495;56;389;113;28;116;52;134;65;641;398;243;319;57;22;20;112;58;62;17;65;61;85;155;66;Salta;66028;Capital;660281913;;940;288;-24,798251;-65,436397;0,082422217
660284905;276;90;18;14;43;15;186;33;117;24;12;128;39;5;9;18;7;89;16;61;10;2;148;51;13;5;25;8;97;17;56;14;10;5;198;3;75;17;1;17;8;22;13;173;105;68;77;11;17;14;42;15;15;13;18;17;19;31;66;Salta;66028;Capital;660284905;;276;90;-24,807302;-65,473569;0,700364407
660281911;1428;367;71;31;165;100;1061;292;457;190;122;726;182;34;17;79;52;544;137;227;103;77;702;185;37;14;86;48;517;155;230;87;45;15;784;35;609;147;35;154;70;174;79;982;627;355;472;111;44;29;162;97;99;36;83;107;132;259;66;Salta;66028;Capital;660281911;;1428;408;-24,798949;-65,442885;0,12628427
660283203;651;135;21;14;70;30;516;120;222;103;71;352;74;10;11;38;15;278;74;107;52;45;299;61;11;3;32;15;238;46;115;51;26;3;389;31;231;92;17;96;33;107;40;476;333;143;242;54;37;14;66;25;28;11;34;31;48;101;66;Salta;66028;Capital;660283203;;651;236;-24,797587;-65,41938;0,071025008
660282514;463;94;16;14;41;23;369;66;165;81;57;243;46;8;6;22;10;197;42;74;42;39;220;48;8;8;19;13;172;24;91;39;18;3;336;11;116;75;14;77;16;85;16;353;298;55;176;52;70;14;39;22;23;4;8;21;24;57;66;Salta;66028;Capital;660282514;;463;174;-24,797969;-65,405166;0,093500482
660281914;1204;282;61;26;103;92;922;240;392;132;158;630;139;30;12;47;50;491;125;199;70;97;574;143;31;14;56;42;431;115;193;62;61;17;627;72;505;182;32;189;53;207;108;814;534;280;420;70;44;26;101;85;92;39;80;102;137;229;66;Salta;66028;Capital;660281914;;1204;363;-24,798578;-65,433901;0,108014191
660282815;1110;293;58;38;120;77;817;256;344;138;79;602;155;34;19;61;41;447;141;180;81;45;508;138;24;19;59;36;370;115;164;57;34;12;552;26;532;98;23;100;61;114;90;727;434;293;369;45;20;34;118;75;76;21;62;72;95;227;66;Salta;66028;Capital;660282815;;1110;324;-24,79864;-65,373476;0,134911288
660284904;650;245;55;39;105;46;405;60;284;49;12;334;114;29;18;40;27;220;33;154;25;8;316;131;26;21;65;19;185;27;130;24;4;22;495;17;138;19;5;19;10;23;13;392;321;71;157;17;147;39;104;44;44;10;20;44;46;72;66;Salta;66028;Capital;660284904;;650;201;-24,805114;-65,464027;1,725374086
660282814;1488;490;83;54;211;142;998;339;459;149;51;750;240;41;26;101;72;510;164;250;74;22;738;250;42;28;110;70;488;175;209;75;29;17;577;60;851;75;14;79;96;91;172;826;389;437;331;43;15;49;203;129;139;65;165;152;217;331;66;Salta;66028;Capital;660282814;;1488;400;-24,801638;-65,372451;0,320222177
660282611;534;119;27;13;48;31;415;85;231;63;36;283;60;11;8;25;16;223;41;121;37;24;251;59;16;5;23;15;192;44;110;26;12;10;426;9;99;47;14;49;11;58;10;405;351;54;232;51;68;12;46;30;31;2;12;26;32;73;66;Salta;66028;Capital;660282611;;534;228;-24,801585;-65,396204;0,241538658
660281912;942;224;45;32;95;52;718;167;319;140;92;498;109;25;13;49;22;389;92;165;78;54;444;115;20;19;46;30;329;75;154;62;38;11;529;16;397;115;24;118;36;134;65;653;415;238;319;56;40;28;95;49;51;17;40;60;80;162;66;Salta;66028;Capital;660281912;;942;288;-24,798973;-65,438686;0,091204743
660281915;992;203;31;26;92;54;789;195;358;138;98;501;93;14;17;43;19;408;95;184;69;60;491;110;17;9;49;35;381;100;174;69;38;7;573;27;392;114;36;123;45;135;60;729;496;233;368;88;40;26;90;49;52;16;42;53;75;174;66;Salta;66028;Capital;660281915;;992;294;-24,798959;-65,431498;0,081090819
660283206;927;207;30;21;96;60;720;158;293;173;96;457;90;17;6;38;29;367;74;142;87;64;470;117;13;15;58;31;353;84;151;86;32;7;594;12;321;121;32;134;33;148;44;676;465;211;350;65;50;19;96;59;59;13;37;61;77;147;66;Salta;66028;Capital;660283206;;927;290;-24,798725;-65,426832;0,079553619
660283209;580;130;21;15;52;42;450;120;200;77;53;302;60;7;3;28;22;242;60;102;48;32;278;70;14;12;24;20;208;60;98;29;21;6;310;8;262;67;7;69;31;82;27;423;285;138;222;35;28;14;51;40;42;17;36;49;62;117;66;Salta;66028;Capital;660283209;;580;182;-24,798416;-65,423204;0,056392029
660282801;1333;361;63;44;149;105;972;267;441;157;107;693;174;26;25;70;53;519;136;230;90;63;640;187;37;19;79;52;453;131;211;67;44;12;638;35;660;128;19;132;87;151;96;876;463;413;390;46;27;43;147;100;104;32;107;110;166;260;66;Salta;66028;Capital;660282801;;1333;389;-24,804326;-65,385401;0,927594992
660281813;1780;535;99;65;236;135;1245;377;553;193;122;910;263;51;29;117;66;647;200;265;106;76;870;272;48;36;119;69;598;177;288;87;46;16;781;73;926;135;25;136;93;157;115;1130;627;503;525;73;29;59;227;120;132;43;151;135;209;350;66;Salta;66028;Capital;660281813;;1780;452;-24,800752;-65,450182;0,176659025
660282516;564;113;19;16;50;28;451;110;190;90;61;299;50;10;5;21;14;249;51;97;59;42;265;63;9;11;29;14;202;59;93;31;19;6;386;22;156;82;22;86;24;94;25;426;336;90;236;44;56;15;50;25;27;7;29;25;37;82;66;Salta;66028;Capital;660282516;;564;224;-24,798722;-65,399984;0,062059641
660283212;830;161;34;27;51;49;669;169;270;134;96;427;87;20;15;26;26;340;82;138;60;60;403;74;14;12;25;23;329;87;132;74;36;6;496;49;285;127;18;130;32;140;28;641;437;204;322;64;51;27;51;48;48;19;49;56;75;152;66;Salta;66028;Capital;660283212;;830;278;-24,800301;-65,417619;0,141016748
660283101;804;184;22;20;100;42;620;127;294;121;78;463;95;12;9;56;18;368;67;163;80;58;341;89;10;11;44;24;252;60;131;41;20;4;560;20;224;102;27;107;22;118;17;603;502;101;313;75;114;20;98;39;41;5;18;38;47;106;66;Salta;66028;Capital;660283101;;804;312;-24,799768;-65,414031;0,125242752
660282803;1074;316;54;33;139;90;758;210;342;135;71;552;156;21;18;78;39;396;119;164;72;41;522;160;33;15;61;51;362;91;178;63;30;9;536;25;513;93;17;97;57;115;90;668;374;294;290;62;22;29;139;87;88;20;76;86;121;209;66;Salta;66028;Capital;660282803;;1074;308;-24,80082;-65,376368;0,130518508
660283210;577;129;17;17;63;32;448;98;186;92;72;302;71;10;7;34;20;231;45;95;53;38;275;58;7;10;29;12;217;53;91;39;34;5;363;13;201;85;16;89;30;99;21;427;298;129;236;29;33;17;63;30;31;8;19;33;43;86;66;Salta;66028;Capital;660283210;;577;189;-24,800325;-65,420957;0,060645641
660283102;926;184;25;21;76;62;742;199;287;153;103;474;90;13;12;43;22;384;104;139;78;63;452;94;12;9;33;40;358;95;148;75;40;6;552;25;349;121;32;122;47;141;46;696;548;148;415;69;64;20;75;59;60;10;38;56;79;185;66;Salta;66028;Capital;660283102;;926;326;-24,800062;-65,409801;0,125771393
660283208;808;201;38;21;90;52;607;139;259;122;87;424;93;23;8;41;21;331;75;133;73;50;384;108;15;13;49;31;276;64;126;49;37;8;464;23;321;113;20;116;30;128;30;577;391;186;279;63;49;20;89;47;51;24;45;63;82;126;66;Salta;66028;Capital;660283208;;808;238;-24,800377;-65,423028;0,074803513
660282901;528;107;22;17;47;21;421;90;190;75;66;278;46;11;8;21;6;232;41;103;43;45;250;61;11;9;26;15;189;49;87;32;21;7;376;18;134;82;13;83;22;90;14;407;312;95;199;61;52;16;46;21;21;8;22;25;34;73;66;Salta;66028;Capital;660282901;;528;195;-24,799774;-65,405579;0,06949751
660282802;1738;505;95;49;190;171;1233;436;526;200;71;905;245;53;20;94;78;660;220;293;106;41;833;260;42;29;96;93;573;216;233;94;30;14;815;57;866;89;13;91;78;118;93;1140;702;438;578;77;47;44;190;165;167;45;155;170;239;438;66;Salta;66028;Capital;660282802;;1738;463;-24,800938;-65,383152;0,314423022
660283211;715;165;29;19;77;40;550;126;247;105;72;365;91;14;10;48;19;274;59;114;52;49;350;74;15;9;29;21;276;67;133;53;23;8;435;25;255;96;30;96;22;103;26;524;386;138;286;61;39;19;77;40;40;9;27;39;50;115;66;Salta;66028;Capital;660283211;;715;225;-24,800842;-65,419655;0,051343433
660282902;699;118;20;10;48;40;581;136;223;139;83;359;54;10;6;23;15;305;66;112;77;50;340;64;10;4;25;25;276;70;111;62;33;4;492;11;196;99;25;102;38;118;25;556;414;142;307;62;45;10;46;39;40;10;24;40;46;106;66;Salta;66028;Capital;660282902;;699;237;-24,800001;-65,401703;0,060269954
660283207;729;175;39;18;76;42;554;149;257;89;59;365;78;15;9;37;17;287;75;131;46;35;364;97;24;9;39;25;267;74;126;43;24;11;430;22;277;77;19;79;31;89;29;525;363;162;267;58;38;17;75;41;42;16;49;45;62;127;66;Salta;66028;Capital;660283207;;729;226;-24,801159;-65,424713;0,063516512
660283309;931;245;48;22;114;61;686;180;297;116;93;492;119;21;16;53;29;373;100;152;67;54;439;126;27;6;61;32;313;80;145;49;39;10;536;32;363;99;25;102;38;123;55;631;418;213;324;52;42;20;110;56;61;21;51;63;84;163;66;Salta;66028;Capital;660283309;;931;270;-24,800528;-65,42839;0,067423314
660282903;818;150;30;17;62;41;668;177;266;132;93;433;74;10;7;39;18;359;102;131;72;54;385;76;20;10;23;23;309;75;135;60;39;10;508;28;282;110;26;116;31;124;48;620;442;178;329;74;39;15;62;38;41;8;39;35;58;135;66;Salta;66028;Capital;660282903;;818;305;-24,801798;-65,398599;0,084279822
660283302;772;190;33;17;80;60;582;148;238;120;76;390;80;14;5;30;31;310;73;129;64;44;382;110;19;12;50;29;272;75;109;56;32;4;407;16;349;76;21;78;45;95;53;529;319;210;258;40;21;17;74;53;60;20;53;59;84;140;66;Salta;66028;Capital;660283302;;772;232;-24,801181;-65,44585;0,071656824
660283303;1181;294;49;49;113;83;887;256;382;138;111;632;154;29;33;50;42;478;132;197;81;68;549;140;20;16;63;41;409;124;185;57;43;6;675;18;488;122;23;127;37;148;78;809;497;312;388;77;32;47;111;76;82;25;83;80;120;236;66;Salta;66028;Capital;660283303;;1181;300;-24,801462;-65,442703;0,098463145
660282904;696;156;29;20;53;54;540;105;236;112;87;375;88;21;10;27;30;287;50;117;67;53;321;68;8;10;26;24;253;55;119;45;34;8;433;31;232;94;19;96;18;102;39;501;371;130;273;54;44;19;51;49;53;11;31;50;59;105;66;Salta;66028;Capital;660282904;;696;227;-24,801364;-65,401337;0,072542209
660283304;1082;308;53;40;132;83;774;226;351;137;60;529;149;25;22;59;43;380;122;157;73;28;553;159;28;18;73;40;394;104;194;64;32;4;418;29;635;76;8;76;67;96;82;692;345;347;279;51;15;38;127;82;83;25;92;92;131;220;66;Salta;66028;Capital;660283304;;1082;291;-24,802176;-65,440125;0,156674782
660283306;1177;296;67;31;126;72;881;213;390;176;102;616;150;31;20;67;32;466;102;214;95;55;561;146;36;11;59;40;415;111;176;81;47;13;608;21;548;119;25;122;51;141;80;801;496;305;375;86;35;27;120;65;70;26;77;74;112;193;66;Salta;66028;Capital;660283306;;1177;346;-24,802642;-65,435987;0,15906013
660282905;514;108;16;19;54;19;406;91;157;98;60;270;58;10;11;30;7;212;43;82;57;30;244;50;6;8;24;12;194;48;75;41;30;4;318;14;182;74;10;77;14;82;28;378;294;84;200;42;52;15;52;16;19;6;23;17;33;70;66;Salta;66028;Capital;660282905;;514;188;-24,801149;-65,405696;0,058676754
660283308;1494;420;78;47;183;112;1074;281;469;204;120;768;212;41;25;90;56;556;137;234;110;75;726;208;37;22;93;56;518;144;235;94;45;22;722;60;712;154;39;161;125;183;112;962;526;436;402;66;58;41;176;102;111;23;105;98;150;270;66;Salta;66028;Capital;660283308;;1494;388;-24,804444;-65,430977;0,286028677
660283106;704;140;15;16;66;43;564;130;241;106;87;366;72;6;7;35;24;294;59;124;58;53;338;68;9;9;31;19;270;71;117;48;34;6;480;22;202;110;16;114;31;126;28;536;414;122;326;48;40;14;61;39;43;9;23;42;54;126;66;Salta;66028;Capital;660283106;;704;230;-24,80248;-65,414638;0,101292603
660283310;695;181;29;23;75;54;514;112;222;112;68;366;91;18;10;35;28;275;52;118;56;49;329;90;11;13;40;26;239;60;104;56;19;7;417;46;232;82;23;86;26;102;37;477;307;170;226;53;28;23;71;52;54;13;34;54;69;121;66;Salta;66028;Capital;660283310;;695;203;-24,801879;-65,427071;0,059991182
660283104;788;172;34;21;74;43;616;147;262;114;93;390;77;19;9;29;20;313;70;134;63;46;398;95;15;12;45;23;303;77;128;51;47;11;517;15;256;104;19;105;31;126;17;599;469;130;333;67;69;20;74;41;42;11;27;45;57;128;66;Salta;66028;Capital;660283104;;788;293;-24,802585;-65,41084;0,086066505
660283307;1421;359;65;38;147;109;1062;267;445;204;146;734;177;39;21;68;49;557;142;214;114;87;687;182;26;17;79;60;505;125;231;90;59;12;798;52;571;187;58;196;71;217;84;978;638;340;485;105;48;38;147;103;108;33;87;111;147;267;66;Salta;66028;Capital;660283307;;1421;430;-24,803982;-65,43397;0,160982243
660283305;943;231;42;21;97;71;712;203;281;121;107;503;127;23;14;50;40;376;107;138;62;69;440;104;19;7;47;31;336;96;143;59;38;10;468;34;441;119;23;120;48;138;73;639;390;249;316;48;26;19;94;68;70;28;70;83;111;205;66;Salta;66028;Capital;660283305;;943;277;-24,803366;-65,438601;0,081588377
660283301;965;257;44;38;120;55;708;194;324;111;79;486;123;23;12;61;27;363;99;162;58;44;479;134;21;26;59;28;345;95;162;53;35;11;470;29;466;90;14;94;42;106;59;649;380;269;319;43;18;34;118;50;53;22;77;61;94;163;66;Salta;66028;Capital;660283301;;965;258;-24,803035;-65,446071;0,128355694
660282804;992;246;47;25;89;85;746;217;338;97;94;523;115;22;14;45;34;408;104;191;53;60;469;131;25;11;44;51;338;113;147;44;34;9;544;37;411;110;27;111;43;127;58;688;425;263;321;70;34;23;82;71;83;23;88;76;128;219;66;Salta;66028;Capital;660282804;;992;274;-24,805142;-65,377523;0,135751497
660283103;638;118;16;15;55;32;520;106;235;94;85;317;49;5;10;22;12;268;52;114;50;52;321;69;11;5;33;20;252;54;121;44;33;3;389;18;231;94;20;97;45;112;31;489;359;130;272;46;41;13;52;26;31;6;17;28;40;94;66;Salta;66028;Capital;660283103;;638;226;-24,803721;-65,409092;0,083200552
660282906;1033;219;51;26;85;57;814;194;347;173;100;537;115;29;15;46;25;422;104;171;82;65;496;104;22;11;39;32;392;90;176;91;35;12;641;19;373;118;25;122;58;154;69;745;529;216;378;93;58;24;74;50;55;10;51;47;74;157;66;Salta;66028;Capital;660282906;;1033;357;-24,802883;-65,406118;0,097415249
660283311;731;157;29;31;59;38;574;139;229;127;79;402;84;15;19;27;23;318;78;117;78;45;329;73;14;12;32;15;256;61;112;49;34;4;491;21;219;109;34;114;18;127;33;541;396;145;304;57;35;30;58;37;38;10;28;42;53;128;66;Salta;66028;Capital;660283311;;731;236;-24,802949;-65,423773;0,09297638
660282908;1028;224;31;13;104;76;804;191;344;159;110;520;112;15;7;57;33;408;89;172;87;60;508;112;16;6;47;43;396;102;172;72;50;4;653;24;351;146;32;152;50;165;53;751;501;250;385;63;53;11;99;72;74;30;64;85;112;190;66;Salta;66028;Capital;660282908;;1028;304;-24,803486;-65,402313;0,097178165
660283312;619;161;27;19;81;34;458;131;211;67;49;329;76;11;9;40;16;253;73;115;33;32;290;85;16;10;41;18;205;58;96;34;17;4;308;33;278;62;12;64;25;73;41;417;251;166;206;26;19;19;80;31;34;13;51;32;62;107;66;Salta;66028;Capital;660283312;;619;203;-24,803159;-65,41849;0,053518084
660283105;998;231;37;26;113;55;767;171;326;156;114;516;107;17;14;50;26;409;88;158;87;76;482;124;20;12;63;29;358;83;168;69;38;6;687;16;295;143;32;147;31;161;34;733;544;189;398;88;58;26;109;48;55;19;39;60;82;160;66;Salta;66028;Capital;660283105;;998;314;-24,804468;-65,412598;0,100868358
660283313;1105;236;46;28;103;59;869;184;371;196;118;620;128;17;17;59;35;492;89;208;118;77;485;108;29;11;44;24;377;95;163;78;41;15;762;41;302;153;41;156;43;172;29;840;636;204;418;90;128;28;100;58;58;16;44;58;74;160;66;Salta;66028;Capital;660283313;;1105;361;-24,804561;-65,422969;0,2118579
660282907;788;168;16;25;79;48;620;141;264;119;96;398;64;5;11;28;20;334;66;140;67;61;390;104;11;14;51;28;286;75;124;52;35;6;469;18;301;112;19;116;33;124;58;562;378;184;278;51;49;23;75;39;48;12;41;45;69;141;66;Salta;66028;Capital;660282907;;788;274;-24,804647;-65,405688;0,076739471
660283401;1008;329;60;40;146;83;679;227;316;83;53;493;155;37;19;59;40;338;95;163;45;35;515;174;23;21;87;43;341;132;153;38;18;6;351;15;642;63;6;63;72;79;90;589;222;367;194;16;12;39;146;82;83;29;134;94;158;223;66;Salta;66028;Capital;660283401;;1008;271;-24,804895;-65,445821;0,120403987
660282909;905;183;38;18;76;51;722;165;313;138;106;453;88;14;8;40;26;365;79;149;79;58;452;95;24;10;36;25;357;86;164;59;48;9;530;23;352;129;18;132;31;152;50;672;434;238;335;57;42;18;68;48;51;19;52;51;74;146;66;Salta;66028;Capital;660282909;;905;311;-24,804711;-65,401173;0,076185007
660283107;1427;297;62;26;125;84;1130;242;501;250;137;722;139;35;11;56;37;583;118;241;134;90;705;158;27;15;69;47;547;124;260;116;47;21;889;92;446;191;45;198;54;220;75;1055;761;294;544;121;96;25;116;79;81;26;67;82;110;207;66;Salta;66028;Capital;660283107;;1427;484;-24,807131;-65,417842;0,351284522
660282910;916;197;31;28;65;73;719;223;276;115;105;472;103;19;16;31;37;369;118;129;66;56;444;94;12;12;34;36;350;105;147;49;49;5;523;24;369;125;26;130;32;140;70;649;411;238;325;56;30;28;63;68;73;29;81;84;124;214;66;Salta;66028;Capital;660282910;;916;264;-24,804982;-65,39853;0,069154757
660283108;1256;256;45;21;110;80;1000;267;398;206;129;629;116;15;8;55;38;513;118;214;104;77;627;140;30;13;55;42;487;149;184;102;52;19;692;39;525;169;27;174;42;197;62;938;588;350;453;79;56;18;108;70;75;39;93;87;123;240;66;Salta;66028;Capital;660283108;;1256;403;-24,806829;-65,413264;0,106020185
660283402;1191;389;71;35;196;87;802;249;361;149;43;603;186;33;20;90;43;417;129;185;80;23;588;203;38;15;106;44;385;120;176;69;20;7;407;39;745;66;5;67;85;84;92;710;358;352;314;38;6;35;189;67;85;24;105;74;140;218;66;Salta;66028;Capital;660283402;;1191;314;-24,806376;-65,449582;0,198369003
660282612;825;171;21;25;67;58;654;162;273;139;80;438;78;9;9;28;32;360;77;143;84;56;387;93;12;16;39;26;294;85;130;55;24;9;536;19;270;100;26;105;34;116;26;628;461;167;367;50;44;21;65;57;58;9;26;53;68;162;66;Salta;66028;Capital;660282612;;825;262;-24,806727;-65,392982;0,281584864
660283314;1350;352;68;33;167;84;998;269;408;173;148;719;185;40;19;84;42;534;137;203;98;96;631;167;28;14;83;42;464;132;205;75;52;16;608;93;649;178;41;183;107;201;106;892;488;404;387;58;43;33;161;80;84;38;109;94;148;250;66;Salta;66028;Capital;660283314;;1350;357;-24,806254;-65,427365;0,131572005
660282813;1546;499;78;48;230;143;1047;380;474;141;52;797;245;37;24;117;67;552;199;240;84;29;749;254;41;24;113;76;495;181;234;57;23;8;557;55;934;58;9;59;110;82;137;910;466;444;404;52;10;39;228;129;141;53;182;145;234;359;66;Salta;66028;Capital;660282813;;1546;397;-24,806544;-65,373326;0,199833039
660280303;631;244;60;40;108;36;387;179;182;22;4;313;126;38;21;52;15;187;99;77;9;2;318;118;22;19;56;21;200;80;105;13;2;6;99;9;523;4;1;4;30;10;73;314;152;162;136;12;4;27;106;35;36;15;94;38;81;131;66;Salta;66028;Capital;660280303;;631;214;-24,806019;-65,367859;0,14950584
660283404;910;215;33;21;96;65;695;165;307;134;89;458;96;14;11;38;33;362;80;146;87;49;452;119;19;10;58;32;333;85;161;47;40;5;568;41;301;125;17;126;43;138;26;669;466;203;356;79;31;20;95;60;63;22;50;71;96;160;66;Salta;66028;Capital;660283404;;910;270;-24,806089;-65,441486;0,12073844
660283109;1217;294;45;31;130;88;923;199;417;183;124;622;142;21;14;63;44;480;98;205;99;78;595;152;24;17;67;44;443;101;212;84;46;14;664;48;505;155;28;159;63;180;62;861;541;320;402;84;55;30;128;86;88;21;69;92;128;200;66;Salta;66028;Capital;660283109;;1217;370;-24,806636;-65,40971;0,094565525
660283405;1165;251;40;26;102;83;914;211;389;162;152;621;120;23;11;49;37;501;107;207;97;90;544;131;17;15;53;46;413;104;182;65;62;7;643;78;444;185;38;189;56;210;69;845;562;283;441;68;53;25;101;82;83;24;64;85;108;201;66;Salta;66028;Capital;660283405;;1165;334;-24,80718;-65,438036;0,150123841
660283001;1012;262;37;40;113;72;750;180;325;130;115;555;137;18;15;68;36;418;99;173;76;70;457;125;19;25;45;36;332;81;152;54;45;8;596;60;356;136;22;139;44;151;53;697;506;191;377;94;35;40;109;68;72;12;43;63;82;158;66;Salta;66028;Capital;660283001;;1012;333;-24,806824;-65,406827;0,084326406
660283315;1364;408;78;42;192;96;956;281;416;160;99;693;212;37;23;103;49;481;137;203;84;57;671;196;41;19;89;47;475;144;213;76;42;24;545;64;755;129;15;134;101;156;104;852;447;405;380;44;23;39;184;91;96;40;139;101;161;256;66;Salta;66028;Capital;660283315;;1364;345;-24,807453;-65,424391;0,233981268
660283002;1082;255;42;25;110;78;827;207;380;144;96;538;110;16;12;46;36;428;105;197;71;55;544;145;26;13;64;42;399;102;183;73;41;16;627;43;412;126;31;131;48;145;45;782;541;241;430;81;30;25;103;73;78;23;64;83;108;193;66;Salta;66028;Capital;660283002;;1082;355;-24,806961;-65,403427;0,107469567
661470401;1166;368;66;48;161;93;798;217;357;166;58;572;173;34;26;68;45;399;108;189;74;28;594;195;32;22;93;48;399;109;168;92;30;23;606;52;508;75;8;77;59;101;83;715;450;265;304;50;96;48;160;87;92;25;95;85;124;206;66;Salta;66147;Rosario de Lerma;661470401;;1166;354;-24,846111;-65,569548;42,99130355
660283403;823;248;45;19;108;76;575;159;257;112;47;436;129;22;8;59;40;307;79;142;60;26;387;119;23;11;49;36;268;80;115;52;21;8;432;17;374;66;15;69;50;84;28;547;335;212;266;41;28;18;107;71;76;19;60;69;104;170;66;Salta;66028;Capital;660283403;;823;234;-24,809119;-65,448835;0,290021792
660283003;1173;275;39;35;124;77;898;213;377;179;129;582;129;15;18;61;35;453;108;180;91;74;591;146;24;17;63;42;445;105;197;88;55;11;681;63;429;165;24;167;62;187;94;804;516;288;416;61;39;35;121;72;76;35;71;78;100;177;66;Salta;66028;Capital;660283003;;1173;385;-24,807137;-65,399242;0,100142543
660282805;1184;270;51;25;119;75;914;241;396;153;124;624;130;25;10;56;39;494;126;202;90;76;560;140;26;15;63;36;420;115;194;63;48;11;652;50;482;146;29;149;54;169;65;849;532;317;433;65;34;22;119;72;73;24;77;74;107;209;66;Salta;66028;Capital;660282805;;1184;362;-24,808227;-65,379883;0,165027269
660282810;1269;443;83;41;192;127;826;303;385;111;27;653;228;42;16;105;65;425;155;195;62;13;616;215;41;25;87;62;401;148;190;49;14;13;430;34;805;37;5;38;79;56;109;717;319;398;288;25;6;33;191;122;125;29;139;122;193;306;66;Salta;66028;Capital;660282810;;1269;344;-24,810843;-65,370824;0,122640249
660283406;1293;361;59;35;158;109;932;270;416;138;108;652;175;29;15;77;54;477;131;209;82;55;641;186;30;20;81;55;455;139;207;56;53;12;661;39;593;139;30;141;62;159;62;870;531;339;430;54;47;34;158;101;107;36;114;114;164;266;66;Salta;66028;Capital;660283406;;1293;347;-24,809165;-65,436431;0,236297094
660283407;1246;269;44;35;113;77;977;234;408;162;173;653;141;21;16;58;46;512;108;202;95;107;593;128;23;19;55;31;465;126;206;67;66;12;784;26;436;202;48;206;54;223;52;925;628;297;474;104;50;33;112;76;76;25;74;82;106;204;66;Salta;66028;Capital;660283407;;1246;366;-24,809048;-65,442395;0,130160041
660283603;875;231;40;27;107;57;644;143;332;128;41;479;116;20;14;46;36;363;71;185;78;29;396;115;20;13;61;21;281;72;147;50;12;16;542;32;301;70;13;72;30;87;17;627;526;101;389;77;60;27;106;54;56;21;41;66;79;143;66;Salta;66028;Capital;660283603;;875;311;-24,809819;-65,427217;0,215076732
660282811;893;287;51;37;129;70;606;217;282;77;30;437;139;18;18;67;36;298;103;134;45;16;456;148;33;19;62;34;308;114;148;32;14;3;322;26;545;36;9;38;57;45;93;513;205;308;182;19;4;31;128;62;70;34;124;76;136;197;66;Salta;66028;Capital;660282811;;893;243;-24,810155;-65,373048;0,115793029
660283116;1091;266;59;38;101;68;825;223;337;162;103;571;125;26;12;51;36;446;115;175;91;65;520;141;33;26;50;32;379;108;162;71;38;11;554;64;473;127;26;134;50;155;60;765;464;301;385;51;28;36;100;63;66;20;74;70;104;202;66;Salta;66028;Capital;660283116;;1091;313;-24,809575;-65,41303;0,099828728
660283110;716;154;33;17;72;32;562;144;225;115;78;361;64;13;7;32;12;297;87;104;58;48;355;90;20;10;40;20;265;57;121;57;30;9;431;32;253;96;24;99;28;112;39;523;339;184;262;47;30;15;71;31;31;9;25;30;38;116;66;Salta;66028;Capital;660283110;;716;218;-24,80938;-65,409425;0,076621249
660283111;750;198;40;26;77;55;552;157;256;87;52;403;115;20;19;44;32;288;73;131;48;36;347;83;20;7;33;23;264;84;125;39;16;6;388;29;333;56;16;61;41;74;48;504;306;198;244;37;25;23;75;53;55;14;49;51;70;137;66;Salta;66028;Capital;660283111;;750;225;-24,809092;-65,40614;0,083829469
660282812;1414;390;77;45;175;93;1024;254;473;177;120;726;185;33;16;91;45;541;132;239;96;74;688;205;44;29;84;48;483;122;234;81;46;11;802;36;576;137;49;147;59;165;48;976;620;356;492;79;49;43;175;91;92;30;89;99;133;239;66;Salta;66028;Capital;660282812;;1414;378;-24,810881;-65,376131;0,162138083
660283004;1059;228;37;25;91;75;831;207;355;143;126;570;116;19;12;43;42;454;98;186;85;85;489;112;18;13;48;33;377;109;169;58;41;7;677;34;348;160;33;162;41;172;38;793;585;208;433;89;63;25;91;71;71;15;49;70;93;196;66;Salta;66028;Capital;660283004;;1059;328;-24,809353;-65,399154;0,118638092
660283701;987;232;48;26;86;72;755;211;353;121;70;510;127;21;15;52;39;383;109;157;69;48;477;105;27;11;34;33;372;102;196;52;22;6;545;27;415;104;23;106;42;114;79;676;405;271;332;47;26;22;86;71;72;19;74;79;108;201;66;Salta;66028;Capital;660283701;;987;301;-24,81312;-65,394724;0,248633844
660283005;1335;366;82;52;127;105;969;253;429;196;91;667;175;45;18;63;49;492;129;212;96;55;668;191;37;34;64;56;477;124;217;100;36;23;712;12;611;119;17;119;57;145;87;882;515;367;416;58;41;48;123;100;102;23;79;106;137;236;66;Salta;66028;Capital;660283005;;1335;392;-24,81013;-65,402775;0,135690777
660283702;1293;508;63;44;217;184;785;267;420;71;27;694;271;39;19;109;104;423;129;243;36;15;599;237;24;25;108;80;362;138;177;35;12;4;434;105;754;34;11;37;50;51;77;708;351;357;310;31;10;43;217;178;184;43;131;179;243;334;66;Salta;66028;Capital;660283702;;1293;324;-24,812271;-65,391622;0,465681503
660283604;1111;267;47;31;112;77;844;195;384;172;93;559;115;25;14;45;31;444;88;198;100;58;552;152;22;17;67;46;400;107;186;72;35;13;710;31;370;129;26;131;50;150;48;796;548;248;405;86;57;30;111;75;76;18;58;77;98;188;66;Salta;66028;Capital;660283604;;1111;362;-24,812385;-65,424599;0,28107288
660283117;1321;350;51;34;141;124;971;262;421;161;127;673;177;21;19;86;51;496;114;219;90;73;648;173;30;15;55;73;475;148;202;71;54;11;662;28;631;145;29;149;75;170;74;897;507;390;412;61;34;32;138;113;121;40;104;126;173;273;66;Salta;66028;Capital;660283117;;1321;371;-24,810505;-65,416672;0,143184646
660283703;1407;355;70;32;150;103;1052;327;486;146;93;698;173;30;21;76;46;525;173;226;76;50;709;182;40;11;74;57;527;154;260;70;43;16;644;62;701;103;22;107;47;137;109;943;526;417;439;68;19;30;149;97;101;42;119;114;155;297;66;Salta;66028;Capital;660283703;;1407;373;-24,81114;-65,387562;0,131884799
660284918;967;278;48;30;126;74;689;228;318;113;30;499;139;27;14;59;39;360;112;170;59;19;468;139;21;16;67;35;329;116;148;54;11;17;462;16;489;37;10;43;66;54;65;624;377;247;297;64;16;30;122;69;73;25;74;78;113;198;66;Salta;66028;Capital;660284918;;967;266;-24,811763;-65,455104;0,212978426
660283408;1151;315;66;39;131;79;836;198;378;176;84;613;156;28;15;68;45;457;106;200;109;42;538;159;38;24;63;34;379;92;178;67;42;11;647;30;474;120;16;124;59;140;76;760;450;310;342;77;31;39;131;74;77;21;62;76;101;182;66;Salta;66028;Capital;660283408;;1151;312;-24,811336;-65,444097;0,167098549
660283601;1169;293;45;34;114;100;876;270;430;136;40;616;146;28;18;52;48;470;146;229;69;26;553;147;17;16;62;52;406;124;201;67;14;9;793;25;351;54;12;55;18;65;20;856;660;196;466;92;102;32;112;94;97;24;55;100;123;271;66;Salta;66028;Capital;660283601;;1169;380;-24,812158;-65,435532;0,523275341
660283704;1486;384;59;35;176;114;1102;330;477;188;107;759;189;33;11;91;54;570;159;247;104;60;727;195;26;24;85;60;532;171;230;84;47;12;826;48;612;135;29;141;93;167;109;993;579;414;461;80;38;32;174;111;113;38;109;113;154;280;66;Salta;66028;Capital;660283704;;1486;397;-24,810858;-65,382716;0,179202877
660282806;778;194;30;17;77;70;584;150;237;124;73;423;113;19;8;49;37;310;73;122;66;49;355;81;11;9;28;33;274;77;115;58;24;7;427;18;333;81;25;84;52;101;36;548;338;210;274;41;23;15;74;68;69;17;51;70;87;153;66;Salta;66028;Capital;660282806;;778;219;-24,812141;-65,37925;0,125655784
660284915;982;314;54;27;146;87;668;232;335;78;23;520;157;29;14;70;44;363;128;186;39;10;462;157;25;13;76;43;305;104;149;39;13;11;425;51;506;34;4;34;38;43;57;611;393;218;317;64;12;27;143;86;87;26;72;89;114;223;66;Salta;66028;Capital;660284915;;982;271;-24,812306;-65,45816;0,142230063
660284906;910;338;51;37;162;88;572;167;329;49;27;478;174;30;15;77;52;304;84;182;24;14;432;164;21;22;85;36;268;83;147;25;13;9;436;37;437;32;5;34;51;44;48;524;296;228;235;38;23;36;159;86;88;26;72;96;122;183;66;Salta;66028;Capital;660284906;;910;256;-24,814283;-65,478323;0,549553014
660284912;1682;705;102;57;331;215;977;331;560;63;23;898;350;42;28;162;118;548;182;322;33;11;784;355;60;29;169;97;429;149;238;30;12;11;633;76;973;29;5;30;118;36;89;888;479;409;428;39;12;55;329;210;214;69;183;219;295;404;66;Salta;66028;Capital;660284912;;1682;424;-24,813655;-65,46369;0,335168682
660283007;774;162;32;16;67;47;612;156;277;107;72;405;84;15;10;35;24;321;84;128;66;43;369;78;17;6;32;23;291;72;149;41;29;9;454;36;284;83;19;83;49;93;38;574;359;215;289;42;28;16;65;46;47;13;36;49;62;137;66;Salta;66028;Capital;660283007;;774;247;-24,811782;-65,399115;0,119047766
660283409;1412;409;88;54;152;115;1003;310;442;160;91;705;182;48;21;66;47;523;153;228;98;44;707;227;40;33;86;68;480;157;214;62;47;11;598;52;762;118;17;125;67;157;128;875;492;383;412;65;15;51;150;107;114;40;125;116;179;306;66;Salta;66028;Capital;660283409;;1412;378;-24,812328;-65,446703;0,141277864
660283705;1253;335;56;36;143;100;918;262;420;160;76;633;158;24;22;67;45;475;136;206;91;42;620;177;32;14;76;55;443;126;214;69;34;16;601;41;611;104;21;106;71;130;117;801;468;333;379;76;13;34;141;97;99;31;74;105;134;248;66;Salta;66028;Capital;660283705;;1253;337;-24,812751;-65,384514;0,124607585
660283115;979;296;53;34;125;84;683;215;317;95;56;502;146;31;17;71;27;356;124;149;48;35;477;150;22;17;54;57;327;91;168;47;21;10;423;29;527;65;12;69;60;87;74;609;363;246;299;45;19;30;118;81;84;32;93;89;124;201;66;Salta;66028;Capital;660283115;;979;260;-24,811619;-65,41146;0,094981856
660283112;1464;354;58;37;157;102;1110;286;472;220;132;718;166;33;20;71;42;552;143;224;114;71;746;188;25;17;86;60;558;143;248;106;61;16;776;93;595;157;25;164;83;198;88;1022;581;441;475;76;30;30;149;92;101;23;104;102;158;261;66;Salta;66028;Capital;660283112;;1464;437;-24,811327;-65,407071;0,129584724
660284909;1489;720;122;71;324;203;769;233;469;50;17;787;370;64;37;172;97;417;126;254;26;11;702;350;58;34;152;106;352;107;215;24;6;19;495;55;939;24;7;26;79;33;69;700;349;351;312;30;7;69;324;195;203;37;123;183;238;306;66;Salta;66028;Capital;660284909;;1489;361;-24,811774;-65,471927;0,098527055
660283602;1080;272;46;28;116;82;808;204;350;187;67;567;118;17;11;53;37;449;122;168;118;41;513;154;29;17;63;45;359;82;182;69;26;13;708;11;361;122;13;123;37;130;39;769;566;203;416;90;60;28;115;77;82;22;42;82;95;185;66;Salta;66028;Capital;660283602;;1080;343;-24,812812;-65,429574;0,079528151
660283008;1098;269;43;28;116;82;829;207;368;143;111;582;133;24;14;55;40;449;113;199;74;63;516;136;19;14;61;42;380;94;169;69;48;11;626;39;433;123;18;125;48;144;51;778;516;262;401;86;29;26;116;82;82;17;48;78;103;198;66;Salta;66028;Capital;660283008;;1098;341;-24,813349;-65,397806;0,095996353
660283410;1132;331;63;30;154;84;801;219;364;125;93;577;161;30;12;75;44;416;107;188;77;44;555;170;33;18;79;40;385;112;176;48;49;13;570;82;480;125;14;129;54;143;88;713;425;288;343;57;25;30;150;73;84;23;84;79;125;201;66;Salta;66028;Capital;660283410;;1132;309;-24,812727;-65,450477;0,118392883
660283607;830;191;35;27;85;44;639;165;314;104;56;436;100;19;17;42;22;336;86;167;51;32;394;91;16;10;43;22;303;79;147;53;24;9;512;17;301;82;12;82;21;94;46;593;391;202;300;56;35;25;85;44;44;18;49;53;68;138;66;Salta;66028;Capital;660283607;;830;273;-24,814196;-65,415878;0,320237854
660070409;170;56;9;6;29;12;114;40;42;19;13;84;35;7;4;16;8;49;16;22;6;5;86;21;2;2;13;4;65;24;20;13;8;0;62;11;97;15;2;15;15;19;27;87;43;44;40;1;2;4;29;11;12;6;19;14;19;34;66;Salta;66007;Anta;660070409;;170;56;-24,962152;-64,204043;602,7282672
660284914;950;409;63;35;163;148;541;192;313;24;12;518;206;31;14;75;86;312;104;189;14;5;432;203;32;21;88;62;229;88;124;10;7;13;287;46;617;6;0;6;24;13;35;506;271;235;250;17;4;33;160;142;146;37;92;142;179;261;66;Salta;66028;Capital;660284914;;950;240;-24,813069;-65,461298;0,072578113
660284910;1223;522;86;57;255;124;701;225;410;55;11;626;241;37;28;124;52;385;125;225;27;8;597;281;49;29;131;72;316;100;185;28;3;18;363;66;794;10;2;10;57;16;63;638;345;293;301;32;12;55;250;116;120;34;103;116;151;224;66;Salta;66028;Capital;660284910;;1223;344;-24,817921;-65,469005;0,466278225
660282809;1475;438;62;46;204;126;1037;357;455;153;72;763;212;29;19;100;64;551;178;241;96;36;712;226;33;27;104;62;486;179;214;57;36;14;625;55;795;91;12;92;91;110;137;900;435;465;367;50;18;40;200;114;125;51;150;133;200;341;66;Salta;66028;Capital;660282809;;1475;399;-24,813842;-65,372211;0,133167862
660283114;907;286;44;26;124;92;621;206;282;94;39;458;129;18;12;55;44;329;112;145;49;23;449;157;26;14;69;48;292;94;137;45;16;5;299;33;575;49;5;50;61;60;97;524;222;302;193;22;7;23;120;80;90;29;117;89;159;218;66;Salta;66028;Capital;660283114;;907;273;-24,813181;-65,412897;0,107332226
660283006;1427;398;71;39;178;110;1029;318;464;159;88;727;192;35;21;83;53;535;157;240;88;50;700;206;36;18;95;57;494;161;224;71;38;12;681;18;728;114;16;116;76;136;100;929;501;428;421;55;25;38;175;104;107;36;139;111;172;288;66;Salta;66028;Capital;660283006;;1427;410;-24,813554;-65,402977;0,128076097
660140101;287;70;13;7;32;18;217;78;87;30;22;148;38;8;3;17;10;110;41;39;20;10;139;32;5;4;15;8;107;37;48;10;12;3;67;2;218;24;5;25;40;27;54;163;63;100;56;7;0;6;30;15;17;5;32;17;38;67;66;Salta;66014;Cachi;660140101;;287;80;-24,938902;-66,261853;388,2663514
660284908;533;201;29;23;97;52;332;85;205;31;11;283;108;16;12;59;21;175;41;109;17;8;250;93;13;11;38;31;157;44;96;14;3;4;308;30;195;16;3;16;14;19;13;319;241;78;180;36;25;23;93;51;52;8;21;46;56;96;66;Salta;66028;Capital;660284908;;533;161;-24,816474;-65,472948;0,261501725
660282807;1258;311;58;41;119;93;947;232;406;192;117;670;162;26;25;60;51;508;120;217;98;73;588;149;32;16;59;42;439;112;189;94;44;19;789;32;437;142;46;146;43;161;52;895;631;264;490;89;52;38;118;87;91;25;56;92;114;209;66;Salta;66028;Capital;660282807;;1258;373;-24,814879;-65,377141;0,177487774
660283113;1272;370;71;41;164;94;902;263;410;145;84;642;174;32;19;79;44;468;138;201;79;50;630;196;39;22;85;50;434;125;209;66;34;15;567;42;663;103;22;107;66;125;102;800;452;348;370;53;29;35;159;92;94;31;98;101;140;241;66;Salta;66028;Capital;660283113;;1272;331;-24,81404;-65,407725;0,18423655
660283605;615;155;28;18;74;35;460;98;228;70;64;350;83;16;12;38;17;267;49;129;48;41;265;72;12;6;36;18;193;49;99;22;23;6;495;9;111;83;27;84;9;87;10;450;379;71;254;61;64;17;73;35;35;13;27;34;46;88;66;Salta;66028;Capital;660283605;;615;235;-24,813541;-65,420769;0,033077821
660284917;1143;428;52;36;189;151;715;222;405;62;26;581;198;31;17;81;69;383;116;224;29;14;562;230;21;19;108;82;332;106;181;33;12;12;527;37;579;33;2;34;50;40;72;643;372;271;325;36;11;34;188;147;150;49;83;158;182;281;66;Salta;66028;Capital;660284917;;1143;288;-24,816335;-65,455674;0,137287223
660283512;303;88;17;6;45;20;215;52;120;34;9;170;54;8;5;30;11;116;28;69;17;2;133;34;9;1;15;9;99;24;51;17;7;3;195;24;84;17;1;17;17;18;16;199;169;30;119;32;18;6;45;18;19;2;7;17;19;53;66;Salta;66028;Capital;660283512;;303;97;-24,826037;-65,44571;5,088282102
660070403;58;22;3;4;9;6;36;10;19;5;2;20;6;1;2;2;1;14;4;8;1;1;38;16;2;2;7;5;22;6;11;4;1;0;37;0;21;3;1;3;7;5;7;29;17;12;15;1;1;4;9;6;6;0;2;5;7;12;66;Salta;66007;Anta;660070403;;58;19;-24,934851;-63,946549;326,6041693
660283411;1192;459;103;46;171;139;733;309;326;81;17;622;233;58;23;89;63;389;158;177;45;9;570;226;45;23;82;76;344;151;149;36;8;11;313;47;832;20;0;20;77;34;103;630;269;361;250;18;1;44;170;121;138;51;177;147;244;330;66;Salta;66028;Capital;660283411;;1192;313;-24,815582;-65,451616;0,199615904
660284911;1658;693;102;61;298;232;965;312;583;60;10;869;344;55;23;147;119;525;165;323;32;5;789;349;47;38;151;113;440;147;260;28;5;21;866;48;744;15;2;15;93;21;53;912;580;332;501;61;18;60;293;220;231;53;127;232;295;432;66;Salta;66028;Capital;660284911;;1658;415;-24,815843;-65,46681;0,133990105
660283709;1520;435;73;61;175;126;1085;362;494;154;75;781;219;35;31;89;64;562;183;254;89;36;739;216;38;30;86;62;523;179;240;65;39;8;632;73;815;90;7;92;71;113;145;940;479;461;405;59;15;56;174;117;124;59;153;155;218;356;66;Salta;66028;Capital;660283709;;1520;378;-24,815433;-65,387244;0,119204278
660284303;518;112;15;13;52;32;406;114;169;89;34;276;60;5;10;30;15;216;54;91;51;20;242;52;10;3;22;17;190;60;78;38;14;2;382;39;97;49;5;49;3;56;19;387;329;58;226;46;57;13;52;26;26;8;21;28;37;102;66;Salta;66028;Capital;660284303;;518;149;-24,820925;-65,421937;1,551002663
660283706;1119;324;66;38;132;88;795;215;365;158;57;582;172;41;15;69;47;410;113;177;83;37;537;152;25;23;63;41;385;102;188;75;20;10;509;55;555;77;17;80;56;96;64;731;394;337;322;56;16;36;132;84;88;28;78;96;131;204;66;Salta;66028;Capital;660283706;;1119;306;-24,815013;-65,381287;0,093511049
660283606;542;135;22;21;45;47;407;79;194;65;69;301;71;9;13;24;25;230;41;99;39;51;241;64;13;8;21;22;177;38;95;26;18;7;433;5;104;77;20;79;10;84;3;404;341;63;218;59;64;21;45;46;46;3;13;40;48;85;66;Salta;66028;Capital;660283606;;542;208;-24,814667;-65,419243;0,025310713
660284913;960;436;58;37;183;158;524;170;314;33;7;513;218;27;19;89;83;295;86;184;21;4;447;218;31;18;94;75;229;84;130;12;3;16;326;26;608;11;0;11;51;17;35;489;233;256;214;15;4;37;183;156;158;35;91;151;194;259;66;Salta;66028;Capital;660284913;;960;231;-24,815771;-65,46153;0,081804077
660283707;1083;321;45;36;142;98;762;245;354;107;56;529;156;18;20;71;47;373;114;171;54;34;554;165;27;16;71;51;389;131;183;53;22;8;435;17;631;63;17;69;41;86;108;654;323;331;282;32;9;35;140;92;98;26;103;93;146;249;66;Salta;66028;Capital;660283707;;1083;294;-24,815588;-65,38435;0,086544435
660284907;1340;435;69;38;199;129;905;258;471;128;48;711;223;34;13;104;72;488;127;260;73;28;629;212;35;25;95;57;417;131;211;55;20;11;745;36;559;68;12;69;45;89;60;845;550;295;416;91;43;37;193;124;129;41;100;139;184;285;66;Salta;66028;Capital;660284907;;1340;387;-24,820716;-65,478758;0,8513732
660284916;1719;699;124;71;263;241;1020;367;537;92;24;896;354;62;41;139;112;542;196;295;41;10;823;345;62;30;124;129;478;171;242;51;14;27;565;50;1104;32;2;33;82;44;117;903;445;458;381;48;16;66;258;230;239;62;197;235;329;464;66;Salta;66028;Capital;660284916;;1719;459;-24,817525;-65,459487;0,257718879
660282808;1350;487;92;42;211;142;863;294;408;110;51;677;225;41;22;100;62;452;157;210;56;29;673;262;51;20;111;80;411;137;198;54;22;16;465;47;838;62;8;67;96;87;117;746;376;370;332;35;9;39;208;132;139;27;117;122;189;311;66;Salta;66028;Capital;660282808;;1350;370;-24,81598;-65,372889;0,145659198
660283513;927;261;69;26;106;60;666;176;304;147;39;476;123;34;12;42;35;353;89;160;84;20;451;138;35;14;64;25;313;87;144;63;19;19;630;20;277;56;10;58;20;64;27;639;510;129;368;81;61;24;101;57;60;11;27;55;65;136;66;Salta;66028;Capital;660283513;;927;305;-24,815149;-65,433741;0,058442808
660283009;1464;380;69;36;170;105;1084;347;442;184;111;737;200;33;22;94;51;537;163;226;87;61;727;180;36;14;76;54;547;184;216;97;50;11;710;49;705;134;33;139;73;164;103;981;575;406;481;66;28;35;169;98;103;23;110;97;152;311;66;Salta;66028;Capital;660283009;;1464;423;-24,815695;-65,399792;0,157061316
660283514;718;157;26;21;61;49;561;153;266;103;39;348;79;14;11;28;26;269;67;126;51;25;370;78;12;10;33;23;292;86;140;52;14;7;383;14;321;57;3;58;36;70;47;514;347;167;268;53;26;19;57;46;48;13;49;43;64;130;66;Salta;66028;Capital;660283514;;718;247;-24,815971;-65,428613;0,248044336
660280304;691;269;62;29;112;66;422;168;208;39;7;359;141;36;17;54;34;218;90;102;21;5;332;128;26;12;58;32;204;78;106;18;2;5;171;21;499;7;1;8;50;13;62;360;164;196;144;17;3;27;112;62;65;33;98;79;116;160;66;Salta;66028;Capital;660280304;;691;219;-24,816831;-65,369671;0,099283956
660283608;843;203;43;31;80;49;640;167;293;112;68;408;92;18;16;37;21;316;87;131;60;38;435;111;25;15;43;28;324;80;162;52;30;6;407;34;402;92;20;95;35;110;51;589;339;250;286;31;22;31;77;39;46;19;68;49;80;136;66;Salta;66028;Capital;660283608;;843;254;-24,816946;-65,409202;0,23723342
660284301;651;149;27;20;62;40;502;101;239;67;95;373;80;15;11;35;19;293;52;128;42;71;278;69;12;9;27;21;209;49;111;25;24;9;492;35;124;117;24;117;18;121;6;496;420;76;272;79;69;20;61;40;40;8;16;35;37;96;66;Salta;66028;Capital;660284301;;651;257;-24,815843;-65,417853;0,03392949
660283710;1115;320;61;27;146;86;795;212;376;118;89;555;153;31;9;75;38;402;98;188;68;48;560;167;30;18;71;48;393;114;188;50;41;8;546;30;539;107;18;110;35;131;82;713;417;296;348;54;15;26;146;83;84;32;77;98;124;203;66;Salta;66028;Capital;660283710;;1115;295;-24,817062;-65,388665;0,082030306
660283010;1197;345;62;28;160;95;852;292;374;145;41;605;166;29;15;75;47;439;148;200;71;20;592;179;33;13;85;48;413;144;174;74;21;21;583;63;551;50;4;52;76;73;92;760;483;277;412;52;19;26;151;81;93;42;92;99;147;276;66;Salta;66028;Capital;660283010;;1197;314;-24,818204;-65,398866;0,343035269
660283516;878;197;48;21;69;59;681;209;281;150;41;444;87;21;7;28;31;357;113;139;77;28;434;110;27;14;41;28;324;96;142;73;13;14;517;27;334;52;11;54;36;63;22;659;474;185;366;65;43;21;67;56;56;13;40;57;76;168;66;Salta;66028;Capital;660283516;;878;258;-24,817851;-65,435029;0,114449483
660283515;1003;229;40;24;90;75;774;200;357;152;65;519;109;15;13;37;44;410;93;197;83;37;484;120;25;11;53;31;364;107;160;69;28;12;715;15;273;83;13;84;30;97;39;735;587;148;433;83;71;22;89;70;75;13;37;68;81;174;66;Salta;66028;Capital;660283515;;1003;344;-24,818531;-65,430524;0,183761623
660283609;1263;319;53;38;146;82;944;263;405;170;106;647;161;26;19;74;42;486;132;200;96;58;616;158;27;19;72;40;458;131;205;74;48;8;720;19;524;124;27;126;69;148;86;858;516;342;428;64;24;37;141;75;82;27;86;87;122;232;66;Salta;66028;Capital;660283609;;1263;358;-24,818614;-65,405836;0,156965528
660283715;1914;662;121;74;286;181;1252;435;584;154;79;978;328;68;34;132;94;650;216;316;76;42;936;334;53;40;154;87;602;219;268;78;37;21;658;76;1180;89;9;92;93;120;179;1073;544;529;460;65;19;70;286;171;180;64;194;198;273;443;66;Salta;66028;Capital;660283715;;1914;509;-24,827093;-65,376902;2,174618169
660284302;580;150;34;18;64;34;430;89;253;53;35;334;83;19;12;33;19;251;52;139;33;27;246;67;15;6;31;15;179;37;114;20;8;13;491;5;84;49;8;50;11;54;11;419;379;40;260;52;67;18;64;33;34;4;7;31;33;79;66;Salta;66028;Capital;660284302;;580;246;-24,817388;-65,415864;0,018960428
660283711;1446;400;69;45;184;102;1046;306;460;172;108;750;193;33;21;90;49;557;165;228;93;71;696;207;36;24;94;53;489;141;232;79;37;8;651;39;756;132;25;136;71;163;162;884;511;373;412;74;25;39;182;98;102;44;118;114;156;274;66;Salta;66028;Capital;660283711;;1446;376;-24,818072;-65,392727;0,122424397
660283708;1218;355;53;44;164;94;863;268;403;145;47;634;183;37;16;87;43;451;145;207;72;27;584;172;16;28;77;51;412;123;196;73;20;9;518;43;657;61;4;62;63;82;121;742;393;349;333;42;18;42;160;88;92;37;106;104;145;254;66;Salta;66028;Capital;660283708;;1218;306;-24,817675;-65,384095;0,088594387
660283610;1413;397;64;31;186;116;1016;293;472;170;81;698;184;30;14;93;47;514;144;243;87;40;715;213;34;17;93;69;502;149;229;83;41;14;699;62;652;119;19;124;70;143;102;914;489;425;403;53;33;25;175;93;116;40;133;110;185;290;66;Salta;66028;Capital;660283610;;1413;403;-24,822292;-65,408402;0,296952292
660283713;1836;522;90;61;221;150;1314;335;650;190;139;951;273;47;30;125;71;678;178;325;97;78;885;249;43;31;96;79;636;157;325;93;61;19;948;134;754;171;32;176;88;190;154;1160;642;518;530;85;27;59;218;144;149;41;127;153;203;341;66;Salta;66028;Capital;660283713;;1836;518;-24,821734;-65,389475;0,21881042
660283611;1398;467;95;57;199;116;931;281;439;129;82;692;221;42;21;103;55;471;135;223;66;47;706;246;53;36;96;61;460;146;216;63;35;22;505;40;853;91;14;95;94;126;131;800;404;396;340;46;18;52;194;105;115;26;130;109;184;269;66;Salta;66028;Capital;660283611;;1398;353;-24,821765;-65,399057;0,405237442
660283714;1176;303;53;29;137;84;873;250;389;128;106;564;118;27;8;49;34;446;129;184;73;60;612;185;26;21;88;50;427;121;205;55;46;9;581;33;562;120;34;127;71;142;134;739;425;314;364;50;11;29;137;79;82;41;79;106;132;231;66;Salta;66028;Capital;660283714;;1176;332;-24,819532;-65,385363;0,091619593
660283517;710;185;31;27;66;61;525;132;270;100;23;365;88;12;14;31;31;277;62;146;52;17;345;97;19;13;35;30;248;70;124;48;6;5;471;4;235;39;11;44;22;50;28;497;376;121;276;58;42;27;65;60;61;11;20;52;58;123;66;Salta;66028;Capital;660283517;;710;229;-24,822003;-65,432184;0,447516411
660284003;2043;572;90;53;249;180;1471;407;659;273;132;1025;269;50;24;110;85;756;202;325;160;69;1018;303;40;29;139;95;715;205;334;113;63;24;911;104;1028;179;33;187;175;221;183;1288;711;577;628;65;18;51;236;155;180;46;172;166;271;411;66;Salta;66028;Capital;660284003;;2043;544;-24,829587;-65,395186;0,168617734
660284307;835;253;51;29;113;60;582;120;300;66;96;433;111;21;13;48;29;322;62;155;45;60;402;142;30;16;65;31;260;58;145;21;36;9;638;19;178;111;36;115;23;123;20;562;428;134;308;73;47;28;113;56;56;27;32;72;73;131;66;Salta;66028;Capital;660284307;;835;242;-24,829896;-65,424195;0,102078947
660284001;1877;572;110;80;257;125;1305;477;554;230;44;960;288;51;44;135;58;672;240;277;127;28;917;284;59;36;122;67;633;237;277;103;16;19;615;63;1199;57;10;60;131;90;159;1146;556;590;497;48;11;74;253;112;124;62;213;149;237;400;66;Salta;66028;Capital;660284001;;1877;447;-24,829676;-65,407349;0,126910585
660283803;1563;434;85;44;191;114;1129;355;486;225;63;782;199;40;30;79;50;583;161;256;127;39;781;235;45;14;112;64;546;194;230;98;24;21;591;55;917;103;8;107;114;128;121;1008;478;530;422;48;8;43;186;108;113;47;167;124;207;331;66;Salta;66028;Capital;660283803;;1563;421;-24,830217;-65,383743;0,238025982
660284311;823;204;42;24;77;61;619;186;274;116;43;443;117;23;16;42;36;326;85;150;67;24;380;87;19;8;35;25;293;101;124;49;19;13;572;16;235;56;7;57;31;64;14;605;490;115;332;96;62;23;76;59;60;13;31;62;74;178;66;Salta;66028;Capital;660284311;;823;244;-24,833051;-65,427851;0,445178096
660284209;1435;427;86;44;175;122;1008;343;477;145;43;716;213;34;25;91;63;503;174;238;68;23;719;214;52;19;84;59;505;169;239;77;20;13;652;31;752;51;9;52;72;74;102;906;558;348;464;69;25;41;171;115;121;33;107;128;175;335;66;Salta;66028;Capital;660284209;;1435;417;-24,831687;-65,41184;0,234160309
660284205;788;195;38;22;82;53;593;215;267;89;22;401;99;24;11;40;24;302;105;139;48;10;387;96;14;11;42;29;291;110;128;41;12;11;403;19;366;30;2;31;20;37;44;549;384;165;319;46;19;21;80;52;53;20;52;62;84;184;66;Salta;66028;Capital;660284205;;788;235;-24,83083;-65,417608;0,085110287
660284002;1312;360;57;40;151;112;952;226;441;179;106;645;159;29;19;64;47;486;101;210;113;62;667;201;28;21;87;65;466;125;231;66;44;12;709;39;564;151;34;155;97;181;72;880;505;375;429;55;21;40;151;108;112;38;91;121;154;241;66;Salta;66028;Capital;660284002;;1312;326;-24,83032;-65,401846;0,095434686
660284407;1108;257;49;28;107;73;851;193;401;154;103;587;137;23;16;57;41;450;90;213;87;60;521;120;26;12;50;32;401;103;188;67;43;14;743;29;336;132;32;136;35;146;41;810;616;194;427;64;125;27;105;70;72;9;48;69;94;190;66;Salta;66028;Capital;660284407;;1108;345;-24,836295;-65,435639;0,944300275
660284310;748;160;31;14;60;55;588;126;239;120;103;391;71;14;3;24;30;320;65;122;65;68;357;89;17;11;36;25;268;61;117;55;35;8;536;29;183;129;40;133;26;143;44;544;409;135;296;55;58;12;60;55;55;9;24;51;58;122;66;Salta;66028;Capital;660284310;;748;222;-24,831662;-65,423107;0,07852195
660283505;279;67;8;5;20;34;212;56;100;35;21;137;34;3;1;13;17;103;26;51;16;10;142;33;5;4;7;17;109;30;49;19;11;1;202;5;72;28;7;28;8;33;16;196;140;56;79;16;45;5;19;32;33;4;19;26;33;57;66;Salta;66028;Capital;660283505;;279;93;-24,838395;-65,500299;1,516785282
660283807;996;347;63;56;149;79;649;264;277;78;30;494;165;32;28;69;36;329;125;147;39;18;502;182;31;28;80;43;320;139;130;39;12;10;252;30;714;25;3;26;81;50;90;559;256;303;235;12;9;53;143;77;79;44;131;99;162;251;66;Salta;66028;Capital;660283807;;996;252;-24,834865;-65,379438;0,170811165
660283806;1879;525;93;54;244;134;1354;340;592;321;101;993;266;46;25;129;66;727;184;303;188;52;886;259;47;29;115;68;627;156;289;133;49;22;1031;62;786;166;26;169;108;199;97;1257;753;504;626;100;27;52;241;130;134;40;121;148;192;321;66;Salta;66028;Capital;660283806;;1879;463;-24,831804;-65,38632;0,14778484
660283805;1592;525;113;66;219;127;1067;493;414;131;29;840;267;54;28;108;77;573;261;233;65;14;752;258;59;38;111;50;494;232;181;66;15;15;510;21;1061;35;3;36;118;51;144;923;437;486;387;39;11;65;217;120;125;54;242;149;274;440;66;Salta;66028;Capital;660283805;;1592;380;-24,832034;-65,390357;0,110570988
660284004;1799;536;121;63;219;133;1263;550;509;166;38;908;262;60;31;104;67;646;269;273;82;22;891;274;61;32;115;66;617;281;236;84;16;16;610;55;1134;48;6;49;123;69;110;1153;592;561;514;54;24;58;215;123;132;42;235;132;269;464;66;Salta;66028;Capital;660284004;;1799;448;-24,833155;-65,394855;0,277230321
660284005;1479;428;78;41;183;126;1051;466;445;113;27;757;212;42;20;86;64;545;214;253;64;14;722;216;36;21;97;62;506;252;192;49;13;11;494;83;902;39;3;40;99;46;92;959;475;484;428;40;7;37;179;117;125;63;214;156;265;432;66;Salta;66028;Capital;660284005;;1479;370;-24,833339;-65,398307;0,12304718
660284006;1533;497;102;42;182;171;1036;466;463;91;16;805;258;54;20;97;87;547;230;260;44;13;728;239;48;22;85;84;489;236;203;47;3;17;575;73;885;20;3;21;112;37;74;962;528;434;478;37;13;37;175;154;167;62;193;190;298;519;66;Salta;66028;Capital;660284006;;1533;359;-24,833203;-65,40042;0,098442936
660284007;1521;470;95;58;168;149;1051;443;452;111;45;821;250;50;33;89;78;571;227;250;72;22;700;220;45;25;79;71;480;216;202;39;23;20;528;45;948;48;5;50;91;69;105;946;487;459;444;31;12;54;163;125;146;71;214;161;270;449;66;Salta;66028;Capital;660284007;;1521;382;-24,833216;-65,402615;0,10723881
660284008;939;304;54;23;131;96;635;263;297;59;16;477;153;26;10;68;49;324;122;165;25;12;462;151;28;13;63;47;311;141;132;34;4;10;353;38;548;20;2;21;43;27;83;552;304;248;257;36;11;22;130;90;95;49;115;114;169;272;66;Salta;66028;Capital;660284008;;939;247;-24,832676;-65,406961;0,146089945
660284204;1438;403;68;41;167;127;1035;349;474;165;47;758;212;29;20;88;75;546;178;253;89;26;680;191;39;21;79;52;489;171;221;76;21;14;677;37;724;58;9;61;53;86;116;919;586;333;500;63;23;39;164;124;127;36;100;134;174;344;66;Salta;66028;Capital;660284204;;1438;409;-24,833691;-65,416565;0,191010026
660283504;578;149;25;21;56;47;429;98;224;80;27;299;75;13;9;27;26;224;43;124;39;18;279;74;12;12;29;21;205;55;100;41;9;9;397;18;163;34;9;36;21;41;16;413;330;83;196;63;71;21;54;44;47;9;24;42;56;116;66;Salta;66028;Capital;660283504;;578;192;-24,838989;-65,512164;1,446566888
660283508;589;166;29;20;76;41;423;82;224;76;41;319;99;15;11;50;23;220;41;111;43;25;270;67;14;9;26;18;203;41;113;33;16;13;457;17;115;62;11;63;9;73;21;402;332;70;205;42;85;20;74;40;41;7;17;41;47;93;66;Salta;66028;Capital;660283508;;589;195;-24,837627;-65,485635;0,432440303
660284201;1253;569;89;74;274;132;684;205;423;38;18;652;280;49;39;124;68;372;99;241;22;10;601;289;40;35;150;64;312;106;182;16;8;24;529;66;658;18;2;19;47;28;34;650;386;264;332;37;17;68;272;127;131;33;94;137;175;235;66;Salta;66028;Capital;660284201;;1253;335;-24,833922;-65,421612;0,176673677
660283507;707;191;34;17;87;53;516;99;272;92;53;350;95;16;9;41;29;255;48;133;47;27;357;96;18;8;46;24;261;51;139;45;26;7;511;24;172;74;4;74;23;81;33;483;395;88;238;68;89;16;82;48;53;4;16;40;49;107;66;Salta;66028;Capital;660283507;;707;233;-24,836871;-65,490445;0,610176651
660284009;952;321;55;42;131;93;631;273;260;81;17;505;160;23;24;69;44;345;141;154;40;10;447;161;32;18;62;49;286;132;106;41;7;7;365;21;566;25;3;26;41;35;69;562;277;285;253;16;8;39;127;87;92;41;138;109;180;277;66;Salta;66028;Capital;660284009;;952;229;-24,833883;-65,405512;0,087002707
660283808;1048;327;56;31;144;96;721;259;323;104;35;530;155;25;12;70;48;375;122;174;61;18;518;172;31;19;74;48;346;137;149;43;17;12;444;39;565;51;5;52;61;63;55;666;381;285;329;31;21;30;143;92;96;27;103;99;161;259;66;Salta;66028;Capital;660283808;;1048;258;-24,835701;-65,381742;0,153647266
660284210;1227;437;83;45;188;121;790;252;418;95;25;624;215;50;18;83;64;409;135;216;46;12;603;222;33;27;105;57;381;117;202;49;13;16;495;21;711;35;6;37;62;50;85;705;430;275;354;54;22;43;185;118;121;39;94;134;171;265;66;Salta;66028;Capital;660284210;;1227;349;-24,836268;-65,41213;0,371090417
660283809;1303;306;47;40;141;78;997;258;436;240;63;690;153;17;24;70;42;537;128;223;147;39;613;153;30;16;71;36;460;130;213;93;24;8;727;36;540;109;16;114;94;142;65;932;552;380;458;57;37;38;141;75;77;34;97;89;136;233;66;Salta;66028;Capital;660283809;;1303;351;-24,835189;-65,38487;0,110486976
660283510;746;209;29;21;83;76;537;129;264;101;43;405;109;17;11;40;41;296;68;140;63;25;341;100;12;10;43;35;241;61;124;38;18;11;489;37;220;61;12;63;15;70;23;514;422;92;312;38;72;19;77;68;75;10;19;64;74;140;66;Salta;66028;Capital;660283510;;746;230;-24,835894;-65,453223;0,252737723
660283810;1341;386;78;42;168;98;955;329;409;169;48;669;178;38;19;81;40;491;156;214;95;26;672;208;40;23;87;58;464;173;195;74;22;12;558;42;741;65;8;67;117;89;93;862;451;411;390;41;20;41;163;86;98;48;161;111;191;297;66;Salta;66028;Capital;660283810;;1341;340;-24,83411;-65,389894;0,114295259
660284202;1030;417;61;45;185;126;613;182;386;32;13;556;214;28;24;90;72;342;96;218;22;6;474;203;33;21;95;54;271;86;168;10;7;10;461;51;518;15;0;15;49;18;33;580;354;226;307;34;13;40;168;111;126;29;79;107;151;222;66;Salta;66028;Capital;660284202;;1030;296;-24,836717;-65,421119;0,135226906
660283811;1733;486;97;54;210;125;1247;462;530;192;63;898;247;49;29;109;60;651;222;282;110;37;835;239;48;25;101;65;596;240;248;82;26;18;747;33;953;75;16;80;119;104;113;1134;587;547;513;57;17;50;206;111;123;51;201;137;245;415;66;Salta;66028;Capital;660283811;;1733;462;-24,835695;-65,389744;0,135766973
660284406;866;220;42;21;98;59;646;180;310;121;35;436;112;22;12;47;31;324;82;162;63;17;430;108;20;9;51;28;322;98;148;58;18;14;527;21;318;57;12;59;42;69;52;594;419;175;346;46;27;20;94;58;58;10;45;54;78;173;66;Salta;66028;Capital;660284406;;866;282;-24,838109;-65,44139;0,172001574
660284313;521;133;20;11;60;42;388;91;186;86;25;294;75;13;4;30;28;219;42;112;49;16;227;58;7;7;30;14;169;49;74;37;9;4;370;13;138;37;2;37;12;44;2;386;327;59;215;55;57;10;60;41;41;7;11;36;38;76;66;Salta;66028;Capital;660284313;;521;207;-24,835871;-65,428333;0,029323498
660284214;1403;555;79;52;207;217;848;294;482;54;18;753;300;41;26;120;113;453;142;276;26;9;650;255;38;26;87;104;395;152;206;28;9;21;589;58;756;18;3;20;59;32;60;788;460;328;378;56;26;49;197;185;213;58;131;203;281;408;66;Salta;66028;Capital;660284214;;1403;331;-24,837343;-65,402875;0,121788055
660284213;1292;528;91;47;207;183;764;265;392;68;39;664;252;45;21;101;85;412;132;218;39;23;628;276;46;26;106;98;352;133;174;29;16;15;471;43;778;34;8;39;107;54;78;686;373;313;336;24;13;41;203;168;181;39;118;175;245;346;66;Salta;66028;Capital;660284213;;1292;325;-24,837697;-65,405971;0,240471442
660284217;1414;525;81;52;208;184;889;325;464;76;24;753;263;36;22;104;101;490;183;254;38;15;661;262;45;30;104;83;399;142;210;38;9;18;545;63;806;37;2;38;59;49;64;825;461;364;407;39;15;52;203;171;183;56;162;195;286;413;66;Salta;66028;Capital;660284217;;1414;368;-24,837675;-65,400492;0,134330594
660284203;1533;548;102;43;215;188;985;338;538;89;20;813;281;55;20;115;91;532;187;293;42;10;720;267;47;23;100;97;453;151;245;47;10;14;556;40;937;30;2;30;88;43;74;911;535;376;461;53;21;39;214;176;186;55;142;188;254;400;66;Salta;66028;Capital;660284203;;1533;412;-24,83919;-65,418707;0,347421902
660284315;1074;518;98;49;259;112;556;179;337;30;10;550;240;50;24;120;46;310;101;186;16;7;524;278;48;25;139;66;246;78;151;14;3;10;339;55;680;11;0;11;27;18;34;522;317;205;279;29;9;46;257;106;111;20;79;93;127;188;66;Salta;66028;Capital;660284315;;1074;274;-24,839444;-65,427309;0,223425925
660284316;922;396;54;45;200;97;526;135;350;34;7;483;190;22;17;105;46;293;71;199;17;6;439;206;32;28;95;51;233;64;151;17;1;10;438;41;443;10;0;10;59;15;28;498;319;179;254;47;18;42;199;97;97;20;52;87;100;156;66;Salta;66028;Capital;660284316;;922;258;-24,837811;-65,424381;0,11750122
660284101;1132;450;58;36;167;189;682;251;370;42;19;600;218;29;14;80;95;382;136;206;29;11;532;232;29;22;87;94;300;115;164;13;8;8;370;46;716;24;6;27;72;33;64;618;311;307;278;27;6;33;159;169;187;37;120;175;257;363;66;Salta;66028;Capital;660284101;;1132;267;-24,837429;-65,397719;0,102604694
660284312;389;83;13;11;34;25;306;85;159;39;23;212;37;7;7;13;10;175;45;91;21;18;177;46;6;4;21;15;131;40;68;18;5;4;300;2;87;27;3;27;17;32;8;298;257;41;166;46;45;10;33;25;25;3;11;24;31;69;66;Salta;66028;Capital;660284312;;389;182;-24,836494;-65,430266;0,021858811
660284110;799;300;58;37;131;74;499;184;241;51;23;414;160;41;15;67;37;254;93;123;25;13;385;140;17;22;64;37;245;91;118;26;10;13;278;10;511;30;3;31;93;39;52;447;228;219;207;16;5;31;126;63;72;26;95;72;127;183;66;Salta;66028;Capital;660284110;;799;210;-24,838094;-65,394845;0,126182247
660284405;709;164;32;24;57;51;545;166;230;104;45;361;85;20;11;29;25;276;85;113;49;29;348;79;12;13;28;26;269;81;117;55;16;4;392;7;310;66;6;67;21;76;42;503;332;171;272;39;21;24;57;47;50;20;43;50;69;144;66;Salta;66028;Capital;660284405;;709;222;-24,839392;-65,443539;0,133269292
660284116;1066;427;53;43;169;162;639;245;340;44;10;561;208;26;25;83;74;353;123;201;23;6;505;219;27;18;86;88;286;122;139;21;4;7;332;21;713;18;1;18;56;21;67;572;262;310;235;21;6;40;168;150;160;42;129;171;237;335;66;Salta;66028;Capital;660284116;;1066;256;-24,837758;-65,384292;0,134759575
660284314;409;108;20;17;45;26;301;97;145;46;13;211;57;11;8;23;15;154;48;72;27;7;198;51;9;9;22;11;147;49;73;19;6;8;247;18;144;21;3;21;12;27;7;294;246;48;180;37;29;16;44;25;26;4;12;27;31;85;66;Salta;66028;Capital;660284314;;409;148;-24,837496;-65,428896;0,059673178
660284111;1223;438;82;46;160;150;785;385;332;42;26;629;206;40;22;73;71;423;197;185;24;17;594;232;42;24;87;79;362;188;147;18;9;12;374;48;801;26;3;27;81;39;111;674;289;385;267;17;5;40;158;141;149;79;223;186;292;419;66;Salta;66028;Capital;660284111;;1223;297;-24,838183;-65,391787;0,109463504
660284115;1362;528;78;62;209;179;834;355;395;60;24;727;262;38;33;100;91;465;185;234;33;13;635;266;40;29;109;88;369;170;161;27;11;11;456;25;881;29;1;29;89;46;76;758;332;426;297;26;9;58;207;167;176;83;204;209;303;423;66;Salta;66028;Capital;660284115;;1362;305;-24,838479;-65,387921;0,113148972
660284402;812;226;38;16;106;66;586;158;276;111;41;434;111;18;6;55;32;323;85;147;63;28;378;115;20;10;51;34;263;73;129;48;13;13;460;25;327;57;8;59;34;69;33;553;370;183;282;51;37;15;105;62;66;10;40;58;79;153;66;Salta;66028;Capital;660284402;;812;227;-24,839098;-65,447553;0,186590371
660284413;1165;301;42;44;136;79;864;188;406;200;70;611;155;19;21;72;43;456;100;198;124;34;554;146;23;23;64;36;408;88;208;76;36;15;648;30;487;93;10;94;57;120;55;809;528;281;430;69;29;42;134;75;78;18;66;73;110;182;66;Salta;66028;Capital;660284413;;1165;333;-24,842532;-65,430537;0,284671399
660284211;1514;513;98;67;206;142;1001;301;519;134;47;767;259;48;33;94;84;508;153;265;69;21;747;254;50;34;112;58;493;148;254;65;26;15;704;46;764;67;7;70;71;93;84;917;553;364;462;64;27;61;202;127;142;43;111;142;199;317;66;Salta;66028;Capital;660284211;;1514;437;-24,840014;-65,41145;0,286344788
660284805;1035;268;47;25;115;81;767;214;373;135;45;540;133;31;10;56;36;407;100;205;71;31;495;135;16;15;59;45;360;114;168;64;14;20;778;35;222;58;16;59;37;72;16;751;618;133;411;99;108;24;113;77;79;13;38;76;88;214;66;Salta;66028;Capital;660284805;;1035;324;-24,840622;-65,456151;0,738102716
660140201;18;6;1;0;3;2;12;3;5;3;1;10;2;0;0;1;1;8;2;3;2;1;8;4;1;0;2;1;4;1;2;1;0;0;1;0;17;0;0;0;2;1;7;5;2;3;0;2;0;0;3;2;2;0;2;2;4;5;66;Salta;66014;Cachi;660140201;;18;6;-24,99323;-66,500213;552,7165497
660284804;338;89;19;7;44;19;249;67;122;39;21;172;39;9;4;19;7;133;40;62;18;13;166;50;10;3;25;12;116;27;60;21;8;7;185;36;117;22;3;22;9;27;19;230;188;42;130;31;27;3;38;17;18;4;14;19;27;57;66;Salta;66028;Capital;660284804;;338;110;-24,856996;-65,484065;9,378713004
660280305;1375;629;96;69;306;158;746;227;440;57;22;711;308;49;34;141;84;403;113;253;26;11;664;321;47;35;165;74;343;114;187;31;11;17;383;62;930;18;3;19;130;34;94;652;323;329;277;41;5;62;305;150;158;35;124;141;207;277;66;Salta;66028;Capital;660280305;;1375;364;-24,840188;-65,381814;0,26037426
660284102;945;260;55;24;114;67;685;320;275;71;19;507;131;26;7;58;40;376;166;161;39;10;438;129;29;17;56;27;309;154;114;32;9;13;311;36;598;20;3;20;63;28;73;612;322;290;281;36;5;22;114;63;67;39;147;87;169;300;66;Salta;66028;Capital;660284102;;945;225;-24,840466;-65,397977;0,097201377
660284401;1235;277;39;41;113;84;958;220;408;178;152;663;135;20;17;65;33;528;125;205;97;101;572;142;19;24;48;51;430;95;203;81;51;18;851;20;364;195;55;204;25;214;41;917;708;209;542;85;81;38;113;81;83;7;38;65;88;207;66;Salta;66028;Capital;660284401;;1235;372;-24,842763;-65,449487;0,146346459
660284114;1163;357;58;35;146;118;806;363;351;80;12;619;188;28;20;79;61;431;185;195;43;8;544;169;30;15;67;57;375;178;156;37;4;6;383;76;704;15;2;15;94;25;98;708;365;343;328;25;12;33;143;104;117;50;168;135;234;372;66;Salta;66028;Capital;660284114;;1163;297;-24,840464;-65,388245;0,090279277
660284112;808;252;39;25;101;87;556;208;252;77;19;436;115;21;9;46;39;321;104;158;47;12;372;137;18;16;55;48;235;104;94;30;7;7;293;13;502;31;3;31;70;39;68;488;232;256;215;14;3;23;93;77;87;24;93;85;142;229;66;Salta;66028;Capital;660284112;;808;234;-24,841266;-65,391868;0,119820128
660283501;719;183;28;19;72;64;536;145;235;107;49;358;77;11;8;33;25;281;74;116;62;29;361;106;17;11;39;39;255;71;119;45;20;5;416;12;291;62;17;67;15;76;40;496;364;132;252;53;59;19;67;61;63;8;34;55;69;142;66;Salta;66028;Capital;660283501;;719;220;-24,844009;-65,524119;0,470429514
660284403;941;261;38;35;124;64;680;175;321;123;61;468;124;23;13;58;30;344;86;159;63;36;473;137;15;22;66;34;336;89;162;60;25;7;503;28;410;81;14;83;62;95;67;613;400;213;332;43;25;33;111;57;62;15;53;54;79;162;66;Salta;66028;Capital;660284403;;941;283;-24,841562;-65,446129;0,09037325
660283502;704;173;22;17;74;60;531;131;240;99;61;382;83;9;10;37;27;299;73;136;54;36;322;90;13;7;37;33;232;58;104;45;25;8;489;23;192;75;13;77;14;88;46;485;380;105;268;53;59;17;69;55;59;5;33;43;63;131;66;Salta;66028;Capital;660283502;;704;216;-24,844621;-65,517496;0,374233731
660284109;1282;386;71;33;158;124;896;373;381;102;40;679;204;32;19;78;75;475;189;215;52;19;603;182;39;14;80;49;421;184;166;50;21;14;469;48;765;40;2;40;114;64;101;795;398;397;364;28;6;29;155;112;122;50;156;132;211;365;66;Salta;66028;Capital;660284109;;1282;313;-24,841523;-65,394864;0,087228645
660284803;800;216;43;21;92;60;584;141;302;92;49;399;106;19;13;40;34;293;62;155;50;26;401;110;24;8;52;26;291;79;147;42;23;11;543;27;230;67;9;69;21;75;38;546;386;160;267;63;56;21;91;58;60;10;30;55;71;146;66;Salta;66028;Capital;660284803;;800;243;-24,846817;-65,489303;0,685462612
660284212;1492;645;83;57;283;222;847;283;498;47;19;772;320;35;31;135;119;452;140;275;29;8;720;325;48;26;148;103;395;143;223;18;11;11;577;28;887;25;3;25;84;28;78;769;380;389;340;27;13;52;278;210;222;51;151;212;299;403;66;Salta;66028;Capital;660284212;;1492;362;-24,84162;-65,40577;0,124214314
660284216;993;378;45;34;159;140;615;227;307;62;19;517;183;24;22;71;66;334;126;167;31;10;476;195;21;12;88;74;281;101;140;31;9;6;358;53;582;25;3;25;44;35;54;561;282;279;249;27;6;31;157;130;140;38;98;141;196;300;66;Salta;66028;Capital;660284216;;993;238;-24,841592;-65,400518;0,073412452
660284215;1226;436;72;44;171;149;790;313;372;75;30;622;220;35;25;92;68;402;162;188;36;16;604;216;37;19;79;81;388;151;184;39;14;9;411;31;784;24;6;27;61;46;68;722;345;377;303;35;7;40;167;129;145;53;160;152;238;353;66;Salta;66028;Capital;660284215;;1226;297;-24,841658;-65,402801;0,074840032
660284411;745;122;17;16;56;33;623;99;246;169;109;398;54;6;7;27;14;344;48;125;103;68;347;68;11;9;29;19;279;51;121;66;41;6;594;23;128;166;31;168;23;189;21;602;532;70;352;79;101;16;54;29;32;4;10;28;32;83;66;Salta;66028;Capital;660284411;;745;253;-24,842784;-65,436183;0,114927065
660280311;441;137;24;18;64;31;304;74;179;38;13;224;62;10;5;30;17;162;44;91;18;9;217;75;14;13;34;14;142;30;88;20;4;3;218;21;202;16;3;16;12;22;9;295;219;76;175;25;19;17;63;30;30;5;15;28;34;74;66;Salta;66028;Capital;660280311;;441;137;-24,84414;-65,417778;1,270153927
660284408;1366;310;56;25;130;99;1056;227;461;171;197;713;168;33;7;74;54;545;108;226;96;115;653;142;23;18;56;45;511;119;235;75;82;15;926;34;406;227;66;236;54;256;45;1011;716;295;516;131;69;22;127;95;98;17;58;90;119;224;66;Salta;66028;Capital;660284408;;1366;415;-24,842914;-65,441258;0,133430135
660284806;1084;259;41;32;97;89;825;264;377;155;29;570;130;24;17;44;45;440;123;205;96;16;514;129;17;15;53;44;385;141;172;59;13;17;792;26;266;58;6;59;28;69;15;810;680;130;428;160;92;30;96;81;85;18;48;79;100;235;66;Salta;66028;Capital;660284806;;1084;310;-24,844055;-65,463076;0,197615108
660284113;1231;417;75;41;169;132;814;361;352;74;27;640;206;34;23;82;67;434;164;210;42;18;591;211;41;18;87;65;380;197;142;32;9;19;393;15;823;36;5;38;84;45;84;730;306;424;282;18;6;38;168;124;130;53;198;147;260;382;66;Salta;66028;Capital;660284113;;1231;297;-24,842163;-65,388001;0,082666833
660284412;966;206;29;22;94;61;760;173;308;165;114;510;103;16;10;47;30;407;87;151;91;78;456;103;13;12;47;31;353;86;157;74;36;7;654;27;285;147;55;153;45;166;52;708;535;173;390;72;73;21;92;60;61;11;38;57;72;157;66;Salta;66028;Capital;660284412;;966;300;-24,843712;-65,433147;0,102706579
660284404;960;230;43;28;97;62;730;175;329;146;80;529;117;19;14;50;34;412;99;167;93;53;431;113;24;14;47;28;318;76;162;53;27;15;635;16;309;114;28;116;37;131;54;676;492;184;373;73;46;28;97;59;62;17;48;57;79;166;66;Salta;66028;Capital;660284404;;960;287;-24,843849;-65,446394;0,088616382
660284103;1476;450;91;48;175;136;1026;453;426;100;47;747;199;51;17;78;53;548;228;228;63;29;729;251;40;31;97;83;478;225;198;37;18;13;511;70;895;52;4;52;70;63;75;951;458;493;407;35;16;46;173;127;136;67;213;171;269;445;66;Salta;66028;Capital;660284103;;1476;367;-24,843593;-65,397684;0,154009224
660284802;693;180;30;27;75;48;513;112;262;85;54;340;77;12;11;30;24;263;60;134;33;36;353;103;18;16;45;24;250;52;128;52;18;10;463;18;212;66;20;73;16;83;23;490;372;118;241;38;93;27;75;44;48;10;23;44;54;112;66;Salta;66028;Capital;660284802;;693;214;-24,849851;-65,498314;1,73694719
660284809;813;213;22;20;89;82;600;168;286;109;37;444;101;10;8;42;41;343;91;162;66;24;369;112;12;12;47;41;257;77;124;43;13;5;635;27;151;53;8;55;8;62;11;589;516;73;319;107;90;18;88;78;81;3;11;66;74;173;66;Salta;66028;Capital;660284809;;813;252;-24,844596;-65,459389;0,170005544
660283503;790;190;37;15;89;49;600;146;268;105;81;395;84;16;7;41;20;311;70;145;51;45;395;106;21;8;48;29;289;76;123;54;36;11;547;32;211;96;14;96;18;111;44;556;441;115;312;52;77;12;83;45;48;12;38;41;58;133;66;Salta;66028;Capital;660283503;;790;239;-24,845482;-65,511373;0,30933514
660284409;836;157;26;13;71;47;679;164;283;117;115;461;83;12;8;40;23;378;84;149;67;78;375;74;14;5;31;24;301;80;134;50;37;7;490;24;322;131;36;138;24;143;19;660;478;182;339;83;56;13;69;43;45;7;38;47;72;151;66;Salta;66028;Capital;660284409;;836;271;-24,845106;-65,44395;0,13826168
660284810;880;242;41;25;89;87;638;205;308;90;35;494;120;18;9;51;42;374;117;176;56;25;386;122;23;16;38;45;264;88;132;34;10;15;619;19;242;41;8;41;28;53;16;622;517;105;386;77;54;24;86;82;87;14;39;79;102;207;66;Salta;66028;Capital;660284810;;880;281;-24,845395;-65,4562;0,125909218
660284410;1120;190;28;26;73;63;930;204;379;164;183;616;103;16;14;44;29;513;94;206;97;116;504;87;12;12;29;34;417;110;173;67;67;5;741;27;352;209;51;215;28;228;28;902;698;204;497;109;92;26;72;59;60;22;33;69;78;193;66;Salta;66028;Capital;660284410;;1120;363;-24,845384;-65,439399;0,140211821
660284108;1436;471;70;47;195;159;965;425;411;99;30;763;246;34;21;105;86;517;212;235;56;14;673;225;36;26;90;73;448;213;176;43;16;16;462;56;918;41;7;41;79;61;127;838;405;433;371;30;4;40;192;145;156;69;203;180;277;440;66;Salta;66028;Capital;660284108;;1436;356;-24,84369;-65,392007;0,130506013
660284104;1083;312;54;29;135;94;771;331;319;95;26;577;163;30;14;72;47;414;166;185;48;15;506;149;24;15;63;47;357;165;134;47;11;13;432;30;621;30;7;30;51;39;60;711;362;349;324;26;12;28;130;85;92;42;150;109;190;317;66;Salta;66028;Capital;660284104;;1083;271;-24,843819;-65,402933;0,101934866
660284105;720;173;29;13;76;55;547;203;229;82;33;388;88;13;9;34;32;300;109;124;46;21;332;85;16;4;42;23;247;94;105;36;12;5;368;94;258;40;10;43;23;49;30;517;330;187;249;48;33;13;75;49;54;26;72;63;99;179;66;Salta;66028;Capital;660284105;;720;206;-24,846496;-65,40408;0,298599694
660284414;1539;361;74;40;149;98;1178;266;505;263;144;781;161;32;20;65;44;620;133;248;162;77;758;200;42;20;84;54;558;133;257;101;67;28;999;38;502;202;43;211;79;233;66;1112;848;264;625;133;90;39;142;92;97;32;60;93;117;246;66;Salta;66028;Capital;660284414;;1539;441;-24,846041;-65,432757;0,168415143
660284813;826;191;29;18;77;67;635;177;294;113;51;458;92;20;8;31;33;366;90;172;68;36;368;99;9;10;46;34;269;87;122;45;15;12;574;15;237;69;16;71;27;75;25;610;476;134;364;69;43;18;75;61;65;12;29;62;77;170;66;Salta;66028;Capital;660284813;;826;272;-24,845769;-65,453785;0,052012763
660284814;1027;250;46;46;91;67;777;200;328;189;60;581;144;33;19;53;39;437;103;175;114;45;446;106;13;27;38;28;340;97;153;75;15;8;709;14;304;92;30;97;30;110;31;746;562;184;428;81;53;42;88;62;67;14;46;61;82;160;66;Salta;66028;Capital;660284814;;1027;329;-24,846058;-65,452426;0,06030656
660284601;674;139;19;16;64;40;535;135;216;97;87;354;74;12;10;33;19;280;63;103;58;56;320;65;7;6;31;21;255;72;113;39;31;8;478;13;183;97;26;100;24;117;21;514;397;117;285;53;59;15;64;39;39;23;40;50;63;118;66;Salta;66028;Capital;660284601;;674;214;-24,846657;-65,450277;0,116524701
660280306;1296;626;101;48;293;184;670;223;390;42;15;679;317;54;30;135;98;362;114;224;19;5;617;309;47;18;158;86;308;109;166;23;10;10;361;29;906;20;4;21;71;28;76;594;239;355;219;16;4;42;291;170;182;48;130;157;225;295;66;Salta;66028;Capital;660280306;;1296;310;-24,848511;-65,391945;0,100838346
660284807;971;253;36;23;103;91;718;205;390;105;18;515;131;18;10;51;52;384;98;215;58;13;456;122;18;13;52;39;334;107;175;47;5;15;736;16;219;40;7;41;26;48;17;701;541;160;403;65;73;23;102;84;88;21;51;84;110;222;66;Salta;66028;Capital;660284807;;971;284;-24,848032;-65,464108;0,243025593
660284107;1450;586;92;32;236;226;864;339;420;80;25;751;283;43;16;117;107;468;169;242;44;13;699;303;49;16;119;119;396;170;178;36;12;20;444;62;944;29;3;29;103;40;119;745;321;424;302;16;3;29;234;201;224;50;181;194;307;426;66;Salta;66028;Capital;660284107;;1450;350;-24,846717;-65,394728;0,10767785
661470712;371;128;19;13;59;37;243;43;148;42;10;183;58;10;5;21;22;125;15;84;20;6;188;70;9;8;38;15;118;28;64;22;4;9;308;9;54;18;1;18;4;22;3;240;214;26;129;26;59;13;58;34;37;5;9;33;40;66;66;Salta;66147;Rosario de Lerma;661470712;;371;113;-24,849384;-65,525072;0,678424901
660284415;1445;319;61;41;132;85;1126;221;485;272;148;764;163;35;21;69;38;601;104;241;171;85;681;156;26;20;63;47;525;117;244;101;63;15;972;72;401;212;45;218;62;240;50;1076;799;277;588;127;84;40;129;83;85;19;46;89;107;217;66;Salta;66028;Capital;660284415;;1445;440;-24,847627;-65,434122;0,148021815
660284602;843;176;17;20;80;59;667;145;283;120;119;456;92;9;12;43;28;364;67;144;77;76;387;84;8;8;37;31;303;78;139;43;43;8;602;37;204;158;35;162;36;169;23;644;489;155;341;71;77;20;80;59;59;17;36;64;77;147;66;Salta;66028;Capital;660284602;;843;258;-24,846861;-65,446419;0,084213576
660284106;1512;546;80;50;211;205;966;398;469;77;22;771;265;31;21;109;104;506;192;266;33;15;741;281;49;29;102;101;460;206;203;44;7;14;508;67;937;25;3;25;104;39;109;857;430;427;382;27;21;45;205;181;201;72;195;208;308;467;66;Salta;66028;Capital;660284106;;1512;384;-24,846439;-65,398567;0,139317467
660284801;868;219;30;26;90;73;649;148;313;119;69;458;125;23;15;51;36;333;85;151;53;44;410;94;7;11;39;37;316;63;162;66;25;11;534;29;305;85;11;87;37;96;47;602;448;154;304;72;72;24;90;62;72;22;32;67;82;163;66;Salta;66028;Capital;660284801;;868;276;-24,860912;-65,510731;4,270616955
660284808;1053;251;38;34;105;74;802;194;353;190;65;563;125;13;15;59;38;438;81;198;121;38;490;126;25;19;46;36;364;113;155;69;27;10;722;17;314;101;16;104;38;119;24;778;573;205;428;91;54;32;104;70;71;14;39;68;87;173;66;Salta;66028;Capital;660284808;;1053;293;-24,848221;-65,459948;0,112073763
660284503;894;175;32;12;67;64;719;181;310;118;110;473;79;13;6;28;32;394;88;162;77;67;421;96;19;6;39;32;325;93;148;41;43;18;591;42;261;137;35;141;31;151;41;678;510;168;393;76;41;11;66;59;63;20;54;64;94;187;66;Salta;66028;Capital;660284503;;894;277;-24,848044;-65,441856;0,124936436
660284504;1091;280;53;21;122;84;811;172;362;191;86;590;142;31;8;54;49;448;95;174;120;59;501;138;22;13;68;35;363;77;188;71;27;17;634;66;391;142;28;147;38;162;42;769;541;228;409;87;45;20;121;81;84;14;45;73;97;172;66;Salta;66028;Capital;660284504;;1091;361;-24,848372;-65,43759;0,119010391
660280312;1078;286;47;26;114;99;792;268;393;106;25;548;142;25;13;55;49;406;129;194;63;20;530;144;22;13;59;50;386;139;199;43;5;11;779;46;253;39;8;41;67;52;29;763;539;224;430;71;38;24;114;93;97;35;77;109;144;291;66;Salta;66028;Capital;660280312;;1078;303;-24,851634;-65,419232;2,07636356
660284703;946;283;61;33;130;59;663;129;432;63;39;477;128;33;17;49;29;349;69;226;34;20;469;155;28;16;81;30;314;60;206;29;19;26;759;13;174;49;9;51;21;60;23;640;551;89;338;79;134;33;129;54;57;5;18;51;63;137;66;Salta;66028;Capital;660284703;;946;310;-24,852677;-65,467189;0,320280305
660284603;744;134;25;10;54;45;610;118;247;122;123;396;58;16;5;19;18;338;55;134;79;70;348;76;9;5;35;27;272;63;113;43;53;7;556;4;184;152;32;154;20;162;32;578;446;132;315;75;56;9;52;43;44;12;28;49;57;118;66;Salta;66028;Capital;660284603;;744;251;-24,848572;-65,448612;0,088460994
660284811;949;248;32;27;105;84;701;196;367;105;33;508;122;11;14;56;41;386;100;206;61;19;441;126;21;13;49;43;315;96;161;44;14;14;721;26;202;48;7;51;24;62;46;655;551;104;398;97;56;27;99;76;81;15;35;71;86;207;66;Salta;66028;Capital;660284811;;949;306;-24,848994;-65,456886;0,141247283
660284501;908;173;27;17;71;58;735;148;311;146;130;496;86;15;9;35;27;410;71;167;85;87;412;87;12;8;36;31;325;77;144;61;43;8;632;22;254;160;38;164;25;174;18;717;562;155;422;78;62;14;71;56;57;15;40;62;81;157;66;Salta;66028;Capital;660284501;;908;285;-24,849431;-65,445951;0,112976983
660284812;562;171;25;16;70;60;391;128;198;57;8;311;94;11;8;34;41;217;65;117;32;3;251;77;14;8;36;19;174;63;81;25;5;10;456;2;104;16;3;17;15;18;14;377;312;65;211;62;39;15;66;58;60;7;19;52;61;138;66;Salta;66028;Capital;660284812;;562;167;-24,848319;-65,454411;0,019090722
660280308;724;271;48;26;113;84;453;147;256;38;12;367;130;20;17;55;38;237;88;125;19;5;357;141;28;9;58;46;216;59;131;19;7;6;275;12;437;18;2;18;44;23;49;404;200;204;174;18;8;23;111;80;84;28;75;87;121;177;66;Salta;66028;Capital;660280308;;724;198;-24,848724;-65,399546;0,083425339
660284605;1656;544;59;39;261;185;1112;302;635;123;52;885;282;36;24;125;97;603;156;345;66;36;771;262;23;15;136;88;509;146;290;57;16;21;1269;35;352;62;12;64;50;74;31;1081;882;199;628;140;114;37;260;174;182;24;62;158;196;376;66;Salta;66028;Capital;660284605;;1656;460;-24,850331;-65,45237;0,201018149
660284416;1582;404;95;54;158;97;1178;309;513;275;81;816;190;41;30;75;44;626;169;251;163;43;766;214;54;24;83;53;552;140;262;112;38;25;904;46;632;150;25;156;71;175;43;1135;748;387;579;133;36;50;154;94;96;38;91;102;130;248;66;Salta;66028;Capital;660284416;;1582;429;-24,849201;-65,430213;0,087447294
660280307;1121;530;100;69;245;116;591;216;329;32;14;572;256;47;40;110;59;316;123;166;16;11;549;274;53;29;135;57;275;93;163;16;3;15;308;32;781;15;3;16;62;22;78;513;247;266;207;27;13;59;242;103;114;25;113;96;154;211;66;Salta;66028;Capital;660280307;;1121;296;-24,850029;-65,394775;0,212290411
660284505;768;197;44;22;75;56;571;134;243;135;59;425;108;23;15;38;32;317;72;116;92;37;343;89;21;7;37;24;254;62;127;43;22;14;479;14;275;93;18;96;39;109;18;553;379;174;307;51;21;21;70;50;55;11;40;48;71;130;66;Salta;66028;Capital;660284505;;768;254;-24,850031;-65,434607;0,052921265
660284502;872;198;23;20;84;71;674;154;286;111;123;473;110;12;11;45;42;363;68;152;54;89;399;88;11;9;39;29;311;86;134;57;34;10;579;24;269;141;38;143;25;156;19;655;499;156;353;98;48;19;82;69;70;12;33;66;81;172;66;Salta;66028;Capital;660284502;;872;261;-24,851003;-65,443943;0,136227162
660284507;1990;556;96;66;233;161;1434;347;643;341;103;1028;284;51;33;120;80;744;163;323;209;49;962;272;45;33;113;81;690;184;320;132;54;31;1279;90;621;167;17;168;103;209;73;1361;878;483;712;114;52;65;219;148;159;37;101;152;201;348;66;Salta;66028;Capital;660284507;;1990;483;-24,852525;-65,435568;0,396930308
661470711;351;102;16;7;49;30;249;56;127;51;15;191;57;9;4;28;16;134;32;68;27;7;160;45;7;3;21;14;115;24;59;24;8;3;274;1;76;24;2;24;6;25;8;241;188;53;108;32;48;7;49;30;30;8;16;32;38;62;66;Salta;66147;Rosario de Lerma;661470711;;351;115;-24,857795;-65,524645;1,002567362
660280309;1153;521;87;78;221;135;632;237;339;43;13;597;254;43;38;98;75;343;122;191;21;9;556;267;44;40;123;60;289;115;148;22;4;11;203;53;897;10;4;11;97;22;89;543;237;306;211;17;9;68;218;126;135;27;136;116;179;239;66;Salta;66028;Capital;660280309;;1153;299;-24,850389;-65,401596;0,140977934
660280310;728;349;40;43;151;115;379;118;244;14;3;380;169;19;25;63;62;211;66;139;5;1;348;180;21;18;88;53;168;52;105;9;2;6;210;19;499;2;0;2;62;3;53;326;143;183;128;7;8;39;150;105;115;20;58;95;125;170;66;Salta;66028;Capital;660280310;;728;168;-24,850207;-65,404946;0,059659181
660284604;735;166;36;19;64;47;569;146;251;125;47;403;78;18;9;27;24;325;72;141;81;31;332;88;18;10;37;23;244;74;110;44;16;13;478;23;234;84;13;86;14;89;31;538;468;70;322;88;58;19;64;47;47;4;13;39;44;109;66;Salta;66028;Capital;660284604;;735;286;-24,85098;-65,449258;0,048785255
660284701;1184;327;56;42;127;102;857;208;388;178;83;607;140;29;16;55;40;467;100;214;111;42;577;187;27;26;72;62;390;108;174;67;41;11;736;36;412;111;25;116;51;130;35;822;588;234;444;92;52;40;124;97;99;24;56;102;124;232;66;Salta;66028;Capital;660284701;;1184;353;-24,85163;-65,461775;0,171125532
660284506;1336;338;59;40;145;94;998;219;468;242;69;726;184;31;20;83;50;542;120;236;155;31;610;154;28;20;62;44;456;99;232;87;38;16;731;95;510;129;19;132;74;152;82;916;619;297;506;80;33;39;142;90;94;27;56;93;112;207;66;Salta;66028;Capital;660284506;;1336;376;-24,851553;-65,431395;0,143749728
660284608;1906;564;90;59;251;164;1342;370;706;208;58;1009;287;43;36;124;84;722;192;378;118;34;897;277;47;23;127;80;620;178;328;90;24;29;1299;50;557;98;10;98;68;110;64;1278;944;334;743;134;67;59;247;156;163;36;94;143;184;373;66;Salta;66028;Capital;660284608;;1906;499;-24,853013;-65,456839;0,276375822
660284513;996;197;28;27;84;58;799;232;335;169;63;529;106;17;12;46;31;423;103;191;95;34;467;91;11;15;38;27;376;129;144;74;29;9;814;15;167;81;16;84;12;95;19;780;687;93;453;97;137;27;84;57;57;16;30;60;71;215;66;Salta;66028;Capital;660284513;;996;319;-24,853006;-65,440947;0,168819985
660284606;1333;381;46;35;159;141;952;284;477;144;47;720;190;23;16;72;79;530;136;271;87;36;613;191;23;19;87;62;422;148;206;57;11;22;938;43;352;66;17;71;53;83;30;922;747;175;548;93;106;34;159;136;139;18;59;124;148;303;66;Salta;66028;Capital;660284606;;1333;414;-24,85351;-65,447607;0,208429925
660350304;641;238;53;38;93;54;403;132;212;36;23;320;115;24;18;48;25;205;77;102;15;11;321;123;29;20;45;29;198;55;110;21;12;10;308;17;316;30;7;30;15;34;39;364;234;130;189;35;10;37;91;52;53;18;48;54;74;122;66;Salta;66035;Cerrillos;660350304;;641;184;-24,852332;-65,400008;0,208825295
660350301;925;327;71;31;151;74;598;163;305;104;26;439;150;27;16;69;38;289;82;146;52;9;486;177;44;15;82;36;309;81;159;52;17;10;496;21;408;39;9;44;48;54;80;518;306;212;249;34;23;28;148;73;74;16;65;71;100;157;66;Salta;66035;Cerrillos;660350301;;925;274;-24,88306;-65,400333;32,35261838
660280314;850;219;24;28;88;79;631;210;285;113;23;443;118;18;19;44;37;325;94;157;60;14;407;101;6;9;44;42;306;116;128;53;9;0;549;31;270;34;7;36;36;44;12;619;464;155;366;65;33;28;87;77;79;22;44;86;101;210;66;Salta;66028;Capital;660280314;;850;227;-24,853504;-65,425368;0,065651818
660280313;780;181;19;13;70;79;599;195;264;101;39;413;87;9;7;30;41;326;89;152;58;27;367;94;10;6;40;38;273;106;112;43;12;5;581;27;172;43;6;43;40;54;18;581;432;149;309;88;35;13;70;74;78;17;40;77;95;198;66;Salta;66028;Capital;660280313;;780;222;-24,853628;-65,427732;0,114815716
660284607;1375;404;61;32;161;150;971;276;522;117;56;708;187;32;15;80;60;521;138;279;67;37;667;217;29;17;81;90;450;138;243;50;19;13;1052;37;286;67;14;72;55;82;32;939;762;177;575;112;75;28;156;142;150;33;57;141;164;311;66;Salta;66028;Capital;660284607;;1375;394;-24,85426;-65,452779;0,148165278
660284702;1244;335;59;43;144;89;909;249;412;188;60;645;155;32;19;66;38;490;120;225;106;39;599;180;27;24;78;51;419;129;187;82;21;19;795;13;436;98;15;101;43;119;38;871;656;215;489;97;70;36;144;86;88;22;63;80;110;217;66;Salta;66028;Capital;660284702;;1244;357;-24,854499;-65,462989;0,170322356
660350306;1528;736;141;91;362;142;792;292;458;37;5;809;364;72;39;188;65;445;167;254;21;3;719;372;69;52;174;77;347;125;204;16;2;11;441;97;990;10;1;10;105;13;58;734;376;358;346;22;8;88;360;132;142;40;143;128;192;275;66;Salta;66035;Cerrillos;660350306;;1528;399;-24,85668;-65,392305;0,187571699
660284512;1018;217;34;19;93;71;801;235;339;176;51;560;113;17;9;44;43;447;121;197;102;27;458;104;17;10;49;28;354;114;142;74;24;12;805;27;186;77;14;79;17;87;21;780;682;98;436;108;138;18;84;69;69;13;31;68;81;210;66;Salta;66028;Capital;660284512;;1018;315;-24,855321;-65,43892;0,121645824
660284514;1076;228;26;18;98;86;848;223;359;189;77;583;117;15;9;51;42;466;111;201;107;47;493;111;11;9;47;44;382;112;158;82;30;11;865;40;171;104;20;107;9;120;23;825;709;116;483;99;127;18;95;84;85;8;24;71;83;236;66;Salta;66028;Capital;660284514;;1076;336;-24,855713;-65,444157;0,148630981
660350305;1068;457;76;38;209;134;611;175;368;50;18;537;217;32;19;100;66;320;84;202;25;9;531;240;44;19;109;68;291;91;166;25;9;9;418;34;616;22;4;23;41;32;49;562;301;261;255;33;13;37;209;129;134;38;84;139;172;239;66;Salta;66035;Cerrillos;660350305;;1068;276;-24,854243;-65,396665;0,09420541
660350309;858;302;37;22;126;117;556;148;301;75;32;456;149;19;8;60;62;307;75;168;46;18;402;153;18;14;66;55;249;73;133;29;14;10;460;26;372;45;7;47;57;53;43;513;316;197;252;46;18;21;123;111;116;20;63;100;130;185;66;Salta;66035;Cerrillos;660350309;;858;242;-24,856498;-65,402122;0,241576629
660350302;214;48;5;6;26;11;166;21;73;52;20;93;27;3;4;13;7;66;9;30;22;5;121;21;2;2;13;4;100;12;43;30;15;1;136;7;71;35;5;36;17;40;18;148;88;60;62;16;10;6;26;11;11;2;5;11;13;23;66;Salta;66035;Cerrillos;660350302;;214;96;-24,939543;-65,35582;65,98842544
660284508;1362;337;57;44;149;87;1025;292;441;231;61;731;168;28;20;76;44;563;141;238;145;39;631;169;29;24;73;43;462;151;203;86;22;12;795;47;520;92;16;94;63;108;49;976;679;297;539;104;36;44;147;84;85;27;90;89;123;223;66;Salta;66028;Capital;660284508;;1362;372;-24,855651;-65,431661;0,087871536
660284516;702;211;49;25;92;45;491;136;283;52;20;353;87;13;12;44;18;266;79;143;31;13;349;124;36;13;48;27;225;57;140;21;7;9;509;9;184;30;8;33;20;39;12;479;402;77;276;58;68;25;90;43;44;6;28;38;57;122;66;Salta;66028;Capital;660284516;;702;247;-24,8602;-65,448152;0,657526014
660284511;934;252;32;22;123;75;682;202;309;115;56;494;126;16;10;64;36;368;95;171;63;39;440;126;16;12;59;39;314;107;138;52;17;9;672;37;225;78;14;78;26;88;22;660;511;149;375;78;58;21;121;75;75;21;42;84;93;200;66;Salta;66028;Capital;660284511;;934;255;-24,858249;-65,436951;0,206900061
660350308;1317;627;103;58;333;133;690;242;398;38;12;698;311;49;28;171;63;387;131;232;17;7;619;316;54;30;162;70;303;111;166;21;5;14;439;39;839;15;0;15;78;21;58;632;303;329;277;24;2;53;327;126;133;41;142;120;187;239;66;Salta;66035;Cerrillos;660350308;;1317;354;-24,856735;-65,399535;0,210695676
660350307;1733;731;120;78;346;187;1002;324;579;68;31;900;344;62;33;154;95;556;182;319;39;16;833;387;58;45;192;92;446;142;260;29;15;21;773;126;834;41;11;42;120;49;66;936;504;432;435;56;13;70;343;176;184;51;155;187;254;371;66;Salta;66035;Cerrillos;660350307;;1733;449;-24,857764;-65,39518;0,256101528
660284515;1190;237;42;28;97;70;953;290;401;206;56;652;138;25;21;53;39;514;142;221;117;34;538;99;17;7;44;31;439;148;180;89;22;20;954;17;219;75;16;79;19;89;16;937;835;102;531;142;162;28;96;68;68;7;24;65;75;249;66;Salta;66028;Capital;660284515;;1190;376;-24,857836;-65,441394;0,154656824
660284609;1580;406;76;32;174;124;1174;285;559;192;138;840;215;30;14;106;65;625;148;284;100;93;740;191;46;18;68;59;549;137;275;92;45;22;1027;41;512;178;39;183;59;203;77;1097;809;288;614;97;98;30;166;115;123;31;70;125;155;287;66;Salta;66028;Capital;660284609;;1580;471;-24,858219;-65,456239;0,714561711
660284610;1117;238;41;25;90;82;879;183;369;171;156;595;119;17;13;48;41;476;89;188;106;93;522;119;24;12;42;41;403;94;181;65;63;13;779;17;321;221;43;226;40;245;33;846;651;195;485;95;71;23;87;77;80;17;38;71;90;184;66;Salta;66028;Capital;660284610;;1117;321;-24,857388;-65,462575;0,141823803
660284704;1137;265;49;24;111;81;872;190;410;157;115;597;121;19;14;51;37;476;96;207;95;78;540;144;30;10;60;44;396;94;203;62;37;21;745;26;366;180;44;186;29;196;38;834;615;219;440;99;76;23;110;75;80;22;39;83;95;190;66;Salta;66028;Capital;660284704;;1137;324;-24,858301;-65,465674;0,141284273
660284705;836;189;28;22;87;52;647;136;275;119;117;447;94;10;10;48;26;353;71;141;66;75;389;95;18;12;39;26;294;65;134;53;42;10;600;30;206;162;35;168;32;171;16;631;460;171;343;74;43;22;85;49;52;13;32;52;65;119;66;Salta;66028;Capital;660284705;;836;244;-24,857427;-65,468173;0,086889089
660284707;1181;251;39;35;105;72;930;211;413;153;153;624;120;21;16;48;35;504;105;217;85;97;557;131;18;19;57;37;426;106;196;68;56;10;733;22;426;191;38;198;42;212;50;880;593;287;467;76;50;34;103;70;71;29;67;88;114;222;66;Salta;66028;Capital;660284707;;1181;320;-24,8593;-65,471058;0,170565983
660284510;919;247;34;17;103;93;672;229;319;95;29;488;110;12;10;46;42;378;125;176;61;16;431;137;22;7;57;51;294;104;143;34;13;4;643;16;260;42;9;44;37;50;34;638;460;178;379;44;37;15;100;89;92;33;63;101;120;236;66;Salta;66028;Capital;660284510;;919;234;-24,858872;-65,433471;0,088354974
660284509;1551;377;55;50;182;90;1174;343;497;262;72;814;193;23;27;95;48;621;155;267;155;44;737;184;32;23;87;42;553;188;230;107;28;18;1001;29;521;120;16;123;63;142;52;1122;834;288;659;111;64;46;173;83;87;24;62;93;117;279;66;Salta;66028;Capital;660284509;;1551;429;-24,858037;-65,431946;0,146387484
661470701;688;220;31;30;102;57;468;129;243;68;28;342;101;15;14;46;26;241;65;121;36;19;346;119;16;16;56;31;227;64;122;32;9;10;343;22;323;41;10;41;28;49;47;421;249;172;164;49;36;30;101;53;57;14;58;51;83;133;66;Salta;66147;Rosario de Lerma;661470701;;688;203;-24,863008;-65,559574;1,482005249
661470713;7;1;0;0;0;1;6;0;4;2;0;2;0;0;0;0;0;2;0;2;0;0;5;1;0;0;0;1;4;0;2;2;0;0;3;0;4;0;0;0;0;0;2;4;2;2;2;0;0;0;0;1;1;0;0;0;0;0;66;Salta;66147;Rosario de Lerma;661470713;;7;4;-24,871202;-65,524857;3,360868193
660070410;30;6;0;0;4;2;24;5;10;7;2;11;3;0;0;2;1;8;2;4;1;1;19;3;0;0;2;1;16;3;6;6;1;0;12;3;15;3;0;3;5;4;9;15;3;12;3;0;0;0;2;1;2;0;2;1;2;3;66;Salta;66007;Anta;660070410;;30;18;-25,002699;-64,346265;329,0929516
660284706;718;192;32;18;83;59;526;141;248;96;41;347;93;15;10;42;26;254;52;128;51;23;371;99;17;8;41;33;272;89;120;45;18;7;486;15;217;66;8;68;25;82;39;487;387;100;262;78;47;18;77;56;58;13;34;60;71;132;66;Salta;66028;Capital;660284706;;718;228;-24,860706;-65,468647;0,131461444
660350310;1471;445;54;45;181;165;1026;340;503;126;57;737;193;20;20;80;73;544;168;275;69;32;734;252;34;25;101;92;482;172;228;57;25;8;911;39;521;79;11;80;74;92;53;973;683;290;566;83;34;44;178;150;161;41;103;158;208;383;66;Salta;66035;Cerrillos;660350310;;1471;382;-24,860929;-65,399565;0,157620358
660350102;530;186;46;22;74;44;344;77;205;45;17;266;87;17;10;40;20;179;45;101;24;9;264;99;29;12;34;24;165;32;104;21;8;9;376;10;144;24;6;24;13;30;18;326;235;91;149;45;41;22;72;43;44;11;23;45;54;89;66;Salta;66035;Cerrillos;660350102;;530;168;-24,881669;-65,444476;12,8447143
660350311;1416;452;67;36;194;155;964;294;513;116;41;757;220;33;18;98;71;537;153;285;70;29;659;232;34;18;96;84;427;141;228;46;12;11;933;30;453;64;16;65;64;70;39;925;667;258;535;90;42;33;194;149;153;44;84;156;182;349;66;Salta;66035;Cerrillos;660350311;;1416;377;-24,861778;-65,395078;0,148613425
660284708;1402;352;54;36;149;113;1050;205;478;201;166;710;167;31;18;67;51;543;93;229;123;98;692;185;23;18;82;62;507;112;249;78;68;10;877;31;494;232;42;240;63;258;70;980;636;344;498;89;49;32;147;104;109;25;64;106;136;225;66;Salta;66028;Capital;660284708;;1402;384;-24,864153;-65,473042;0,174881059
660070309;11;3;1;0;1;1;8;0;2;6;0;2;0;0;0;0;0;2;0;2;0;0;9;3;1;0;1;1;6;0;0;6;0;0;3;0;8;0;0;0;2;1;7;1;1;0;1;0;0;0;1;0;1;0;0;0;1;1;66;Salta;66007;Anta;660070309;;11;7;-24,961225;-64,565109;221,5394525
660350401;1211;376;67;41;179;89;835;261;397;120;57;619;186;39;18;90;39;433;136;202;60;35;592;190;28;23;89;50;402;125;195;60;22;9;469;65;677;60;8;61;80;83;108;727;394;333;347;39;8;37;176;82;88;36;108;94;142;235;66;Salta;66035;Cerrillos;660350401;;1211;342;-24,864626;-65,46999;0,171043106
660350403;860;252;55;21;107;69;608;210;277;72;49;448;136;29;10;64;33;312;98;137;44;33;412;116;26;11;43;36;296;112;140;28;16;6;322;47;491;64;11;65;44;74;76;532;247;285;209;34;4;20;106;66;69;25;99;75;118;187;66;Salta;66035;Cerrillos;660350403;;860;244;-24,862839;-65,460225;0,222159157
660350402;1255;394;68;55;171;100;861;298;385;123;55;626;196;39;26;80;51;430;148;199;64;19;629;198;29;29;91;49;431;150;186;59;36;9;428;44;783;67;6;71;63;84;146;715;308;407;278;24;6;53;170;97;100;86;169;157;212;296;66;Salta;66035;Cerrillos;660350402;;1255;303;-24,865117;-65,467815;0,241572006
661470710;510;143;20;25;63;35;367;53;221;72;21;249;72;8;14;25;25;177;28;108;30;11;261;71;12;11;38;10;190;25;113;42;10;8;396;11;103;36;5;37;9;45;12;355;289;66;175;45;69;25;63;35;35;4;10;33;37;61;66;Salta;66147;Rosario de Lerma;661470710;;510;176;-24,869467;-65,535968;1,896577719
660350404;566;202;31;24;97;50;364;66;242;42;14;281;93;16;7;47;23;188;33;131;18;6;285;109;15;17;50;27;176;33;111;24;8;7;431;1;134;23;2;24;9;26;14;350;281;69;200;52;29;24;97;49;50;10;17;51;57;91;66;Salta;66035;Cerrillos;660350404;;566;166;-24,865344;-65,453796;0,53021532
660350407;838;303;48;25;127;103;535;136;295;73;31;436;160;29;14;70;47;276;75;149;36;16;402;143;19;11;57;56;259;61;146;37;15;9;515;17;306;41;6;44;39;54;44;491;365;126;272;48;45;25;126;102;102;11;35;97;111;181;66;Salta;66035;Cerrillos;660350407;;838;245;-24,879155;-65,472044;3,745087386
661470702;516;159;31;22;63;43;357;84;205;50;18;260;70;13;11;28;18;190;53;103;26;8;256;89;18;11;35;25;167;31;102;24;10;4;277;13;226;28;6;30;19;34;31;326;233;93;166;39;28;20;63;41;43;6;23;40;54;97;66;Salta;66147;Rosario de Lerma;661470702;;516;166;-24,869807;-65,564037;0,759400855
660284709;879;214;32;35;78;69;665;153;306;128;78;482;103;14;18;40;31;379;84;159;86;50;397;111;18;17;38;38;286;69;147;42;28;4;520;40;319;123;30;126;49;142;37;628;437;191;353;51;33;34;78;65;67;20;41;70;87;165;66;Salta;66028;Capital;660284709;;879;234;-24,867496;-65,474584;0,094737613
661470308;14;1;0;0;0;1;13;2;5;5;1;8;1;0;0;0;1;7;1;3;3;0;6;0;0;0;0;0;6;1;2;2;1;0;9;0;5;2;0;2;1;3;6;7;3;4;1;2;0;0;0;0;1;0;2;0;3;3;66;Salta;66147;Rosario de Lerma;661470308;;14;8;-24,930406;-65,755665;77,88583025
660280402;63;16;4;1;7;4;47;8;19;12;8;26;11;3;1;6;1;15;2;7;6;0;37;5;1;0;1;3;32;6;12;6;8;1;25;2;36;10;2;10;7;14;16;31;14;17;13;0;1;1;7;3;4;0;4;2;4;7;66;Salta;66028;Capital;660280402;;63;27;-24,953684;-65,215476;157,4248971
660350405;598;178;18;14;83;63;420;84;255;65;16;328;108;7;10;49;42;220;42;139;31;8;270;70;11;4;34;21;200;42;116;34;8;11;514;9;75;23;6;24;10;29;6;414;385;29;222;42;121;14;83;61;61;3;5;47;48;108;66;Salta;66035;Cerrillos;660350405;;598;178;-24,869021;-65,454188;0,361859826
660284710;930;225;39;18;91;77;705;138;311;146;110;495;115;16;9;54;36;380;67;159;89;65;435;110;23;9;37;41;325;71;152;57;45;8;631;23;276;162;34;171;39;184;29;676;467;209;370;62;35;18;90;72;75;14;31;73;85;157;66;Salta;66028;Capital;660284710;;930;254;-24,869907;-65,476189;0,114985661
661470707;219;79;21;9;40;9;140;17;101;14;8;113;42;12;6;22;2;71;9;51;8;3;106;37;9;3;18;7;69;8;50;6;5;13;190;3;26;8;0;8;4;9;1;139;132;7;68;18;46;9;40;9;9;1;2;8;8;18;66;Salta;66147;Rosario de Lerma;661470707;;219;74;-24,875579;-65,547071;0,588522922
661470706;440;105;16;13;48;28;335;74;159;80;22;220;55;10;5;26;14;165;37;76;39;13;220;50;6;8;22;14;170;37;83;41;9;6;300;20;120;37;6;38;21;44;16;319;246;73;175;35;36;13;48;28;28;7;17;27;33;70;66;Salta;66147;Rosario de Lerma;661470706;;440;148;-24,873543;-65,553694;0,722747115
661470311;872;261;58;24;110;69;611;183;264;94;70;423;120;24;11;51;34;303;81;142;47;33;449;141;34;13;59;35;308;102;122;47;37;18;408;48;416;78;13;80;66;93;87;524;295;229;229;49;17;24;109;65;69;17;66;65;100;168;66;Salta;66147;Rosario de Lerma;661470311;;872;233;-24,877686;-65,591471;0,562497821
661470312;928;295;63;34;125;73;633;198;284;104;47;470;151;33;19;63;36;319;93;149;48;29;458;144;30;15;62;37;314;105;135;56;18;17;476;42;410;69;9;70;76;76;69;564;374;190;285;58;31;34;125;65;70;28;68;79;110;178;66;Salta;66147;Rosario de Lerma;661470312;;928;259;-24,876659;-65,588121;0,444835342
660350408;1551;592;105;67;230;190;959;435;419;78;27;815;299;59;29;119;92;516;234;227;45;10;736;293;46;38;111;98;443;201;192;33;17;17;452;55;1044;22;2;23;140;43;124;835;367;468;339;19;9;66;224;159;188;84;232;213;351;512;66;Salta;66035;Cerrillos;660350408;;1551;353;-24,876649;-65,478415;0,580952912
661470703;378;103;15;12;45;31;275;65;147;50;13;177;45;5;4;19;17;132;33;69;25;5;201;58;10;8;26;14;143;32;78;25;8;5;221;15;142;24;2;24;33;32;17;258;182;76;129;29;24;12;45;31;31;6;17;29;36;66;66;Salta;66147;Rosario de Lerma;661470703;;378;133;-24,877214;-65,566413;0,555403815
661470307;1075;347;77;38;141;91;728;218;336;109;65;535;177;39;19;72;47;358;106;173;52;27;540;170;38;19;69;44;370;112;163;57;38;15;597;33;445;66;3;67;42;83;90;638;409;229;287;57;65;37;137;82;91;36;91;93;131;206;66;Salta;66147;Rosario de Lerma;661470307;;1075;328;-24,939015;-65,655265;96,18352601
661470704;328;85;22;14;37;12;243;43;154;35;11;175;46;11;6;20;9;129;22;81;20;6;153;39;11;8;17;3;114;21;73;15;5;7;245;12;71;15;3;15;10;19;14;229;190;39;126;28;36;14;36;11;12;5;9;14;17;36;66;Salta;66147;Rosario de Lerma;661470704;;328;111;-24,877385;-65,561384;0,432134223
660350406;425;126;35;16;53;22;299;47;201;35;16;212;60;16;10;26;8;152;26;96;21;9;213;66;19;6;27;14;147;21;105;14;7;8;312;9;104;23;2;23;5;24;5;294;259;35;159;37;63;14;52;22;22;2;3;20;21;51;66;Salta;66035;Cerrillos;660350406;;425;153;-24,874409;-65,459693;0,221169695
660350101;411;148;18;17;62;51;263;90;120;38;15;196;63;11;6;27;19;133;46;64;18;5;215;85;7;11;35;32;130;44;56;20;10;3;198;6;207;22;3;22;30;30;41;222;114;108;95;15;4;16;61;42;51;9;40;40;65;97;66;Salta;66035;Cerrillos;660350101;;411;114;-24,884104;-65,512416;10,86402745
660350314;681;251;41;39;119;52;430;109;248;60;13;361;143;24;24;66;29;218;56;125;32;5;320;108;17;15;53;23;212;53;123;28;8;5;357;11;313;25;6;26;26;29;32;398;246;152;194;42;10;34;119;52;52;13;39;50;60;105;66;Salta;66035;Cerrillos;660350314;;681;202;-24,873802;-65,397629;0,192300616
660350313;745;271;53;39;120;59;474;133;261;55;25;383;134;23;24;59;28;249;81;128;26;14;362;137;30;15;61;31;225;52;133;29;11;5;399;16;330;35;6;35;25;42;63;411;261;150;212;31;18;33;116;54;56;10;47;55;77;133;66;Salta;66035;Cerrillos;660350313;;745;213;-24,876462;-65,399276;0,274158602
660350315;735;288;55;32;135;66;447;113;257;53;24;370;134;24;16;61;33;236;64;132;28;12;365;154;31;16;74;33;211;49;125;25;12;10;472;14;249;23;5;24;31;32;32;415;280;135;221;37;22;27;127;60;66;10;36;52;74;122;66;Salta;66035;Cerrillos;660350315;;735;189;-24,879752;-65,396734;0,451693417
660350312;699;290;55;40;127;68;409;120;242;33;14;363;151;32;17;69;33;212;66;123;16;7;336;139;23;23;58;35;197;54;119;17;7;9;338;27;334;16;3;16;28;23;41;368;196;172;156;32;8;34;125;60;67;11;53;58;84;114;66;Salta;66035;Cerrillos;660350312;;699;201;-24,879835;-65,408327;0,312973674
661470705;300;100;11;11;51;27;200;48;112;33;7;150;47;3;6;22;16;103;22;63;15;3;150;53;8;5;29;11;97;26;49;18;4;4;204;16;80;14;0;14;16;16;10;190;150;40;109;24;17;10;51;26;26;4;15;24;32;57;66;Salta;66147;Rosario de Lerma;661470705;;300;92;-24,880613;-65,557398;0,329068922
660280403;74;11;0;0;4;7;63;12;19;17;15;27;2;0;0;0;2;25;3;8;7;7;47;9;0;0;4;5;38;9;11;10;8;0;37;0;37;12;5;13;10;21;20;43;14;29;13;1;0;0;4;6;7;1;10;6;13;14;66;Salta;66028;Capital;660280403;;74;29;-24,995702;-65,279054;173,4310297
660350409;1044;437;85;37;176;139;607;243;300;39;25;543;219;39;17;92;71;324;121;164;23;16;501;218;46;20;84;68;283;122;136;16;9;16;310;9;725;20;3;21;84;34;85;522;236;286;207;23;6;36;173;118;134;51;142;139;226;301;66;Salta;66035;Cerrillos;660350409;;1044;243;-24,880795;-65,478706;0,063359742
661470709;295;124;28;18;62;16;171;7;146;16;2;150;65;15;7;33;10;85;4;74;7;0;145;59;13;11;29;6;86;3;72;9;2;12;253;10;32;4;1;4;2;6;3;168;153;15;81;12;60;18;62;16;16;2;3;11;12;14;66;Salta;66147;Rosario de Lerma;661470709;;295;90;-24,88422;-65,544533;0,372004808
660350316;111;43;12;9;15;7;68;25;37;5;1;50;17;5;4;6;2;33;12;19;2;0;61;26;7;5;9;5;35;13;18;3;1;0;56;4;51;1;1;1;3;1;2;66;52;14;41;9;2;9;15;7;7;1;4;6;8;20;66;Salta;66035;Cerrillos;660350316;;111;32;-24,881951;-65,388975;0,182957723
661470708;195;64;11;11;32;10;131;13;90;18;10;96;32;7;5;19;1;64;7;42;9;6;99;32;4;6;13;9;67;6;48;9;4;5;166;6;23;14;3;14;1;16;1;130;119;11;68;14;37;9;32;10;10;1;1;8;8;15;66;Salta;66147;Rosario de Lerma;661470708;;195;70;-24,888401;-65,547507;0,556060146
660350317;146;53;7;7;21;18;93;22;54;14;3;74;29;3;5;10;11;45;10;28;5;2;72;24;4;2;11;7;48;12;26;9;1;0;95;1;50;6;1;6;3;7;6;87;63;24;48;11;4;6;21;14;17;5;5;15;18;31;66;Salta;66035;Cerrillos;660350317;;146;46;-24,886579;-65,381962;0,31000569
660350501;1487;424;67;48;187;122;1063;303;467;193;100;752;216;39;26;91;60;536;157;230;97;52;735;208;28;22;96;62;527;146;237;96;48;7;668;64;755;120;21;125;120;161;117;946;573;373;447;96;30;44;186;117;122;47;116;144;188;300;66;Salta;66035;Cerrillos;660350501;;1487;395;-24,893749;-65,488602;0,618505528
661470309;41;16;3;3;8;2;25;6;14;2;3;22;10;3;1;5;1;12;4;6;0;2;19;6;0;2;3;1;13;2;8;2;1;0;8;0;33;2;0;2;2;4;7;18;4;14;3;1;0;3;7;1;2;0;3;1;5;7;66;Salta;66147;Rosario de Lerma;661470309;;41;8;-24,952626;-65,847281;89,26419933
660070311;19;2;2;0;0;0;17;5;7;2;3;6;0;0;0;0;0;6;3;1;0;2;13;2;2;0;0;0;11;2;6;2;1;0;6;0;13;3;0;3;0;4;5;12;5;7;4;0;1;0;0;0;0;0;3;0;1;3;66;Salta;66007;Anta;660070311;;19;7;-25,10664;-64,837963;448,5036567
660350106;552;175;41;27;68;39;377;39;273;46;19;306;105;23;19;43;20;201;21;142;27;11;246;70;18;8;25;19;176;18;131;19;8;14;434;12;106;28;4;28;10;31;3;374;331;43;193;46;92;27;67;39;39;2;8;30;32;49;66;Salta;66035;Cerrillos;660350106;;552;209;-24,889669;-65,431501;0,114609093
660350502;869;242;45;19;115;63;627;161;308;99;59;436;119;19;10;58;32;317;79;154;51;33;433;123;26;9;57;31;310;82;154;48;26;10;452;50;367;68;11;70;48;87;60;567;353;214;247;61;45;19;111;58;63;24;63;63;94;155;66;Salta;66035;Cerrillos;660350502;;869;251;-24,892724;-65,484211;0,257935397
660350103;889;272;48;30;125;69;617;172;292;117;36;429;131;23;16;63;29;298;95;131;53;19;460;141;25;14;62;40;319;77;161;64;17;11;483;62;344;56;10;56;35;71;81;536;329;207;233;34;62;28;124;60;65;16;70;65;101;177;66;Salta;66035;Cerrillos;660350103;;889;283;-24,926362;-65,458774;41,77705611
660350105;704;208;44;28;83;53;496;104;276;84;32;319;94;18;12;38;26;225;50;128;34;13;385;114;26;16;45;27;271;54;148;50;19;14;502;13;189;46;9;50;20;64;40;456;332;124;212;34;86;28;83;50;53;16;36;56;73;121;66;Salta;66035;Cerrillos;660350105;;704;225;-24,908313;-65,519187;14,91329547
660350503;1232;319;60;32;137;90;913;292;395;147;79;650;179;30;13;83;53;471;148;203;74;46;582;140;30;19;54;37;442;144;192;73;33;10;712;59;461;91;16;93;64;117;72;841;588;253;452;98;38;30;130;77;87;37;84;99;137;269;66;Salta;66035;Cerrillos;660350503;;1232;333;-24,894023;-65,480437;0,18390967
660140103;414;119;26;12;56;25;295;80;122;53;40;192;60;14;5;25;16;132;36;53;24;19;222;59;12;7;31;9;163;44;69;29;21;7;110;22;282;41;0;41;37;49;83;212;95;117;81;12;2;12;56;23;25;4;31;21;39;79;66;Salta;66014;Cachi;660140103;;414;126;-25,051034;-65,976911;565,0734205
660140202;597;209;42;23;88;56;388;108;151;78;51;292;106;25;7;46;28;186;48;70;41;27;305;103;17;16;42;28;202;60;81;37;24;5;139;13;445;57;4;57;76;77;70;318;100;218;79;14;7;22;87;44;55;9;54;36;80;113;66;Salta;66014;Cachi;660140202;;597;183;-25,026154;-66,298611;293,3734472
661470402;1106;374;72;42;141;119;732;249;332;110;41;534;174;32;21;65;56;360;121;167;48;24;572;200;40;21;76;63;372;128;165;62;17;7;572;21;513;59;6;59;47;69;91;641;291;350;233;31;27;41;138;103;118;29;115;103;171;268;66;Salta;66147;Rosario de Lerma;661470402;;1106;305;-24,928845;-65,562189;39,87957262
660490210;5;0;0;0;0;0;5;0;3;2;0;3;0;0;0;0;0;3;0;1;2;0;2;0;0;0;0;0;2;0;2;0;0;0;0;0;5;0;0;0;0;0;1;4;0;4;0;0;0;0;0;0;0;0;0;0;0;0;66;Salta;66049;General Güemes;660490210;;5;3;-25,019181;-64,971286;454,6725722
660350504;1427;387;62;41;179;105;1040;289;455;189;107;753;199;22;18;103;56;554;149;245;96;64;674;188;40;23;76;49;486;140;210;93;43;6;746;109;572;138;24;143;77;162;77;963;655;308;475;114;66;36;176;97;103;33;78;108;141;275;66;Salta;66035;Cerrillos;660350504;;1427;406;-24,898505;-65,482852;0,479724252
661470801;748;199;27;24;91;57;549;170;233;101;45;397;106;12;13;48;33;291;80;131;62;18;351;93;15;11;43;24;258;90;102;39;27;3;452;9;287;59;5;61;31;70;45;504;333;171;260;48;25;24;84;53;57;23;63;60;87;147;66;Salta;66147;Rosario de Lerma;661470801;;748;196;-24,906304;-65,656828;1,523304174
660350505;1425;365;60;43;168;94;1060;252;506;156;146;743;192;29;27;91;45;551;130;242;87;92;682;173;31;16;77;49;509;122;264;69;54;9;920;66;439;176;34;180;56;198;67;993;712;281;505;111;96;42;165;90;93;29;71;99;132;253;66;Salta;66035;Cerrillos;660350505;;1425;427;-24,901923;-65,490227;0,418011364
661050207;6;2;1;1;0;0;4;1;0;0;3;2;0;0;0;0;0;2;1;0;0;1;4;2;1;1;0;0;2;0;0;0;2;0;3;2;1;3;0;3;0;3;2;2;2;0;1;1;0;0;0;0;0;0;0;0;0;1;66;Salta;66105;Los Andes;661050207;;6;3;-25,07858;-67,177699;1003,190278
661470803;929;224;38;24;100;62;705;179;299;138;89;481;102;17;14;43;28;379;87;166;73;53;448;122;21;10;57;34;326;92;133;65;36;5;553;39;337;99;22;105;51;129;79;626;463;163;341;73;49;18;97;55;60;11;46;51;73;158;66;Salta;66147;Rosario de Lerma;661470803;;929;282;-24,904572;-65,643914;0,439819264
660350506;1793;523;90;53;234;146;1270;351;569;234;116;937;265;39;29;122;75;672;169;309;129;65;856;258;51;24;112;71;598;182;260;105;51;14;946;75;772;154;32;162;110;185;116;1154;741;413;558;110;73;51;230;135;142;44;135;152;213;361;66;Salta;66035;Cerrillos;660350506;;1793;501;-24,904875;-65,483933;0,383372945
660350107;531;199;33;20;83;63;332;152;147;22;11;264;99;15;11;44;29;165;75;76;9;5;267;100;18;9;39;34;167;77;71;13;6;10;271;3;257;11;1;11;38;16;38;294;148;146;130;14;4;19;80;55;62;9;53;57;92;170;66;Salta;66035;Cerrillos;660350107;;531;111;-24,902774;-65,429271;0,052026858
661470805;409;114;23;13;54;24;295;82;141;58;14;223;57;12;8;24;13;166;49;83;26;8;186;57;11;5;30;11;129;33;58;32;6;6;268;12;129;23;4;23;21;27;19;276;213;63;145;28;40;13;52;21;24;3;18;20;35;75;66;Salta;66147;Rosario de Lerma;661470805;;409;129;-24,907503;-65,626288;0,779694058
661470804;601;148;32;11;66;39;453;109;202;87;55;331;79;17;6;37;19;252;64;117;40;31;270;69;15;5;29;20;201;45;85;47;24;6;424;11;166;65;10;65;25;83;25;428;340;88;220;67;53;11;66;36;37;12;21;36;41;100;66;Salta;66147;Rosario de Lerma;661470804;;601;188;-24,906976;-65,635558;0,604427419
661470802;894;220;34;44;82;60;674;196;258;144;76;467;111;15;25;43;28;356;103;135;70;48;427;109;19;19;39;32;318;93;123;74;28;5;552;23;319;95;23;98;45;114;67;607;442;165;318;88;36;40;79;55;59;13;49;58;86;180;66;Salta;66147;Rosario de Lerma;661470802;;894;257;-24,906666;-65,647731;0,223126309
660070310;22;5;0;2;3;0;17;2;7;6;2;9;3;0;1;2;0;6;1;2;2;1;13;2;0;1;1;0;11;1;5;4;1;0;12;2;8;4;2;5;4;5;7;10;3;7;2;0;1;2;2;0;0;0;1;0;1;1;66;Salta;66007;Anta;660070310;;22;10;-25,053628;-64,702277;336,7443521
660350509;1116;312;51;26;143;92;804;208;337;154;105;574;150;27;10;68;45;424;102;180;79;63;542;162;24;16;75;47;380;106;157;75;42;8;587;26;503;130;21;132;77;148;65;739;459;280;348;68;43;26;138;85;91;21;84;89;128;207;66;Salta;66035;Cerrillos;660350509;;1116;297;-24,906853;-65,490596;0,34243026
660350512;625;179;30;20;71;58;446;107;217;79;43;303;78;7;13;31;27;225;55;111;38;21;322;101;23;7;40;31;221;52;106;41;22;4;328;25;272;61;5;61;41;72;53;393;243;150;160;40;43;20;70;53;56;14;40;53;68;119;66;Salta;66035;Cerrillos;660350512;;625;190;-24,9111;-65,516762;1,085870259
660350511;1477;445;73;53;182;137;1032;342;475;151;64;772;211;31;24;91;65;561;171;267;91;32;705;234;42;29;91;72;471;171;208;60;32;11;710;47;720;80;13;82;100;98;102;930;609;321;471;96;42;47;179;132;134;37;109;144;197;363;66;Salta;66035;Cerrillos;660350511;;1477;389;-24,909807;-65,502932;0,404032257
660350510;1531;382;86;39;149;108;1149;393;464;192;100;773;198;42;20;77;59;575;182;243;90;60;758;184;44;19;72;49;574;211;221;102;40;6;772;58;701;127;19;132;121;158;124;1025;600;425;463;96;41;38;147;102;105;45;162;118;182;333;66;Salta;66035;Cerrillos;660350510;;1531;411;-24,91166;-65,495469;0,93784862
660350303;328;104;23;14;40;27;224;61;113;40;10;155;48;11;5;20;12;107;28;59;18;2;173;56;12;9;20;15;117;33;54;22;8;2;169;11;148;14;2;14;9;18;29;195;125;70;96;15;14;13;39;27;27;4;27;23;37;62;66;Salta;66035;Cerrillos;660350303;;328;105;-24,935416;-65,399587;22,36681917
660350507;630;188;44;29;69;46;442;132;202;68;40;328;85;19;9;35;22;243;79;108;32;24;302;103;25;20;34;24;199;53;94;36;16;7;283;30;317;43;7;44;53;56;42;400;237;163;190;34;13;27;67;43;46;18;53;52;81;134;66;Salta;66035;Cerrillos;660350507;;630;188;-24,908269;-65,484036;0,202715811
661470812;1322;451;90;54;186;121;871;311;398;112;50;687;224;41;27;94;62;463;161;205;64;33;635;227;49;27;92;59;408;150;193;48;17;11;445;23;854;61;8;63;111;74;126;745;326;419;287;33;6;47;176;107;120;46;148;128;203;303;66;Salta;66147;Rosario de Lerma;661470812;;1322;318;-24,915702;-65,647557;0,540634352
661470810;1305;325;57;40;138;90;980;239;421;197;123;681;167;25;25;72;45;514;116;222;110;66;624;158;32;15;66;45;466;123;199;87;57;18;833;33;439;158;30;160;76;191;84;896;592;304;425;127;40;39;133;83;87;35;83;102;130;230;66;Salta;66147;Rosario de Lerma;661470810;;1305;362;-24,910877;-65,641806;0,266816795
661470813;967;349;62;37;144;106;618;240;299;58;21;487;163;34;11;62;56;324;112;170;27;15;480;186;28;26;82;50;294;128;129;31;6;10;453;71;443;33;6;33;73;39;64;554;342;212;287;46;9;36;143;95;101;20;82;94;136;249;66;Salta;66147;Rosario de Lerma;661470813;;967;246;-24,911298;-65,649361;0,284302622
661470808;1136;308;60;32;135;81;828;215;374;148;91;588;147;31;12;55;49;441;106;197;88;50;548;161;29;20;80;32;387;109;177;60;41;17;703;17;416;126;21;128;39;146;79;749;530;219;404;92;34;31;129;77;81;19;56;77;103;210;66;Salta;66147;Rosario de Lerma;661470808;;1136;304;-24,910849;-65,634418;0,230965765
660350508;1143;375;74;47;153;101;768;231;343;138;56;600;190;43;26;74;47;410;118;185;74;33;543;185;31;21;79;54;358;113;158;64;23;7;485;34;624;82;14;82;88;101;100;668;357;311;296;41;20;44;144;86;100;43;108;103;157;242;66;Salta;66035;Cerrillos;660350508;;1143;292;-24,910729;-65,485127;0,20378871
661470809;1019;288;47;37;122;82;731;214;351;97;69;529;149;26;15;64;44;380;107;186;50;37;490;139;21;22;58;38;351;107;165;47;32;13;549;30;440;82;21;84;40;91;67;664;446;218;352;74;20;35;121;78;82;19;60;83;111;210;66;Salta;66147;Rosario de Lerma;661470809;;1019;278;-24,913042;-65,636803;0,239090292
661470807;1246;394;68;43;166;117;852;326;391;92;43;635;189;29;20;79;61;446;167;215;41;23;611;205;39;23;87;56;406;159;176;51;20;18;713;29;504;42;9;46;84;60;56;796;523;273;403;102;18;42;161;104;116;31;92;110;160;320;66;Salta;66147;Rosario de Lerma;661470807;;1246;325;-24,913544;-65,631296;0,233726716
661470806;854;297;54;40;104;99;557;193;256;60;48;445;146;24;17;51;54;299;102;141;28;28;409;151;30;23;53;45;258;91;115;32;20;14;387;21;446;49;3;50;45;62;100;457;250;207;194;46;10;30;102;87;97;29;83;94;137;218;66;Salta;66147;Rosario de Lerma;661470806;;854;233;-24,918516;-65,624051;1,525639986
661470811;447;167;33;32;72;30;280;100;139;26;15;222;72;12;16;30;14;150;58;74;11;7;225;95;21;16;42;16;130;42;65;15;8;4;173;6;268;16;4;17;13;18;31;249;146;103;119;20;7;24;65;29;30;12;43;35;50;88;66;Salta;66147;Rosario de Lerma;661470811;;447;130;-24,91659;-65,643359;0,27631544
660350104;76;31;5;3;8;15;45;11;23;7;4;40;16;5;0;5;6;24;8;11;3;2;36;15;0;3;3;9;21;3;12;4;2;0;54;8;14;6;0;6;3;6;9;36;15;21;13;1;1;3;8;13;15;0;6;9;14;19;66;Salta;66035;Cerrillos;660350104;;76;19;-24,937186;-65,507172;9,364542008
660070509;32;11;1;1;6;3;21;5;7;4;5;19;6;1;1;3;1;13;3;4;1;5;13;5;0;0;3;2;8;2;3;3;0;0;10;0;22;7;0;7;3;7;10;11;2;9;2;0;0;0;5;2;3;0;3;1;3;4;66;Salta;66007;Anta;660070509;;32;9;-25,021934;-63,311585;725,2409413
660140104;304;90;18;8;38;26;214;78;88;38;10;147;43;6;3;23;11;104;35;43;19;7;157;47;12;5;15;15;110;43;45;19;3;2;58;1;245;11;1;11;33;16;24;190;93;97;84;9;0;8;36;21;26;6;23;23;38;79;66;Salta;66014;Cachi;660140104;;304;91;-24,935925;-66,1655;0,339443677
661470313;675;305;49;23;138;95;370;117;227;18;8;343;148;20;10;71;47;195;60;122;9;4;332;157;29;13;67;48;175;57;105;9;4;6;302;12;361;14;2;14;27;14;33;337;198;139;163;25;10;23;136;87;95;21;52;89;112;148;66;Salta;66147;Rosario de Lerma;661470313;;675;175;-24,93572;-65,620644;0,301078266
661470403;221;72;12;9;29;22;149;56;54;28;11;106;34;4;5;10;15;72;30;27;12;3;115;38;8;4;19;7;77;26;27;16;8;2;132;6;83;18;2;18;16;19;28;121;45;76;40;3;2;7;29;21;21;7;29;24;37;56;66;Salta;66147;Rosario de Lerma;661470403;;221;57;-24,992654;-65,544837;29,11166108
661470404;382;125;21;20;50;34;257;82;118;38;19;194;63;11;8;26;18;131;47;61;15;8;188;62;10;12;24;16;126;35;57;23;11;4;177;14;191;23;0;23;28;30;28;229;112;117;87;9;16;18;48;27;34;10;42;31;55;87;66;Salta;66147;Rosario de Lerma;661470404;;382;112;-24,982113;-65,59028;17,4476339
660350203;693;222;53;19;92;58;471;143;226;72;30;328;104;29;12;36;27;224;71;105;32;16;365;118;24;7;56;31;247;72;121;40;14;6;375;28;290;30;5;31;30;44;66;405;245;160;187;35;23;18;91;52;57;10;49;45;75;140;66;Salta;66035;Cerrillos;660350203;;693;228;-24,995554;-65,414343;35,68926232
660350202;1247;416;91;37;169;119;831;286;371;130;44;598;197;43;18;86;50;401;134;176;64;27;649;219;48;19;83;69;430;152;195;66;17;11;520;73;654;63;8;65;84;86;131;700;350;350;297;41;12;35;166;110;117;18;132;104;175;284;66;Salta;66035;Cerrillos;660350202;;1247;351;-24,969434;-65,449321;21,94470477
660070507;25;5;2;1;2;0;20;2;10;5;3;10;3;2;1;0;0;7;1;2;1;3;15;2;0;0;2;0;13;1;8;4;0;0;7;0;18;3;1;3;4;6;8;12;4;8;3;0;1;1;2;0;0;0;2;0;2;2;66;Salta;66007;Anta;660070507;;25;10;-25,115066;-63,722687;1019,209352
660350201;288;100;15;13;43;29;188;47;105;21;15;134;42;4;6;20;12;92;28;49;10;5;154;58;11;7;23;17;96;19;56;11;10;3;139;16;133;18;2;18;8;21;26;162;85;77;67;14;4;12;41;28;29;9;20;29;38;55;66;Salta;66035;Cerrillos;660350201;;288;81;-24,967298;-65,513868;17,35963263
661470502;573;182;32;20;72;58;391;152;181;54;4;303;97;22;12;36;27;206;75;99;28;4;270;85;10;8;36;31;185;77;82;26;0;7;289;49;235;7;2;7;44;8;30;361;204;157;172;25;7;18;72;55;58;22;63;68;95;158;66;Salta;66147;Rosario de Lerma;661470502;;573;144;-24,960107;-65,595492;0,234647325
661470406;42;6;0;1;4;1;36;9;12;11;4;19;3;0;1;2;0;16;5;3;5;3;23;3;0;0;2;1;20;4;9;6;1;0;13;8;21;5;0;5;6;5;10;26;9;17;8;1;0;1;4;1;1;0;4;1;3;5;66;Salta;66147;Rosario de Lerma;661470406;;42;16;-25,021212;-65,798091;149,0941475
661470501;1137;326;60;38;126;102;811;213;359;143;96;575;169;23;19;72;55;406;103;179;68;56;562;157;37;19;54;47;405;110;180;75;40;8;559;53;525;112;16;118;85;143;109;702;362;340;299;56;7;35;125;95;101;33;88;102;142;225;66;Salta;66147;Rosario de Lerma;661470501;;1137;312;-24,971828;-65,595781;2,383848764
660350209;1669;705;118;67;274;246;964;340;539;55;30;865;340;58;35;143;104;525;174;315;24;12;804;365;60;32;131;142;439;166;224;31;18;23;485;288;896;29;3;30;111;44;98;866;413;453;350;55;8;62;268;216;246;64;166;230;325;452;66;Salta;66035;Cerrillos;660350209;;1669;390;-24,959605;-65,497082;0,103244883
661470503;1319;486;79;46;231;130;833;297;451;68;17;676;228;40;20;116;52;448;150;250;35;13;643;258;39;26;115;78;385;147;201;33;4;8;750;76;493;24;4;24;48;32;42;791;501;290;404;86;11;42;227;121;128;41;102;133;179;315;66;Salta;66147;Rosario de Lerma;661470503;;1319;330;-24,962216;-65,592518;0,159511729
660350213;1482;419;74;44;201;100;1063;355;449;169;90;750;201;37;27;92;45;549;189;234;78;48;732;218;37;17;109;55;514;166;215;91;42;20;712;89;681;113;10;113;115;135;115;948;533;415;430;79;24;44;200;95;100;37;137;107;177;319;66;Salta;66035;Cerrillos;660350213;;1482;400;-24,962644;-65,487588;0,458882342
661470504;892;343;56;37;143;107;549;157;331;39;22;455;165;28;17;70;50;290;88;169;22;11;437;178;28;20;73;57;259;69;162;17;11;18;539;63;290;29;2;29;46;33;37;512;331;181;257;60;14;37;142;98;102;35;68;108;131;195;66;Salta;66147;Rosario de Lerma;661470504;;892;239;-24,965939;-65,585503;1,048765853
660350211;996;323;70;39;134;80;673;249;279;98;47;516;163;32;23;65;43;353;136;147;44;26;480;160;38;16;69;37;320;113;132;54;21;16;398;79;519;61;7;64;59;78;110;563;287;276;235;38;14;38;132;74;79;37;108;95;139;235;66;Salta;66035;Cerrillos;660350211;;996;258;-24,968455;-65,492495;0,52100546
660350210;1499;523;96;56;220;151;976;435;415;95;31;766;257;46;29;107;75;509;232;213;46;18;733;266;50;27;113;76;467;203;202;49;13;18;449;177;873;40;5;42;90;58;119;857;364;493;325;37;2;54;212;134;151;68;247;174;313;443;66;Salta;66035;Cerrillos;660350210;;1499;330;-24,963646;-65,495862;0,144962182
660350212;892;252;42;27;109;74;640;209;271;95;65;431;114;21;12;44;37;317;94;137;49;37;461;138;21;15;65;37;323;115;134;46;28;14;428;77;387;76;8;78;60;97;95;545;297;248;222;61;14;24;107;71;71;25;81;69;108;189;66;Salta;66035;Cerrillos;660350212;;892;240;-24,964104;-65,491102;0,128174466
660280404;51;13;4;2;5;2;38;8;11;14;5;24;7;4;1;1;1;17;4;3;8;2;27;6;0;1;4;1;21;4;8;6;3;1;24;1;26;8;0;8;6;8;7;31;6;25;4;0;2;1;5;1;2;1;6;2;6;7;66;Salta;66028;Capital;660280404;;51;20;-25,119126;-65,184341;295,3199407
661470507;884;220;49;27;96;48;664;179;280;128;77;444;103;24;11;47;21;341;86;142;70;43;440;117;25;16;49;27;323;93;138;58;34;10;522;36;326;107;19;108;44;123;46;618;418;200;324;64;30;25;95;48;48;25;52;66;81;167;66;Salta;66147;Rosario de Lerma;661470507;;884;249;-24,9718;-65,576331;0,784781278
660350215;1568;446;92;48;192;114;1122;346;512;157;107;813;237;51;29;106;51;576;191;254;85;46;755;209;41;19;86;63;546;155;258;72;61;19;835;93;640;140;12;140;92;153;147;975;558;417;424;112;22;46;190;108;114;29;112;111;169;315;66;Salta;66035;Cerrillos;660350215;;1568;421;-24,970051;-65,484929;0,342843869
661470505;1084;283;67;34;111;71;801;250;338;169;44;569;145;36;18;60;31;424;130;185;87;22;515;138;31;16;51;40;377;120;153;82;22;13;592;68;424;68;8;68;46;84;69;732;428;304;318;91;19;33;111;66;70;51;103;102;130;216;66;Salta;66147;Rosario de Lerma;661470505;;1084;278;-24,969772;-65,586155;0,180269133
660350214;1099;286;51;37;125;73;813;225;356;132;100;569;151;30;19;65;37;418;109;182;68;59;530;135;21;18;60;36;395;116;174;64;41;14;621;65;413;123;20;128;54;140;68;745;470;275;360;85;25;35;123;69;73;32;65;81;103;216;66;Salta;66035;Cerrillos;660350214;;1099;295;-24,969877;-65,488484;0,204358334
660070510;800;315;59;34;131;91;485;186;234;40;25;373;149;31;18;61;39;224;86;105;23;10;427;166;28;16;70;52;261;100;129;17;15;4;225;20;555;27;4;28;118;36;170;315;108;207;98;8;2;33;129;79;89;20;113;81;147;203;66;Salta;66007;Anta;660070510;;800;208;-24,957609;-63,855102;0,648668114
661470506;1360;346;73;42;150;81;1014;302;424;164;124;709;172;28;18;82;44;537;154;215;94;74;651;174;45;24;68;37;477;148;209;70;50;15;702;74;584;158;33;162;60;183;143;871;509;362;383;87;39;40;146;70;81;53;132;92;144;253;66;Salta;66147;Rosario de Lerma;661470506;;1360;384;-24,97267;-65,583086;0,178546523
661470405;147;50;8;10;13;19;97;30;48;12;7;68;29;5;6;8;10;39;14;18;5;2;79;21;3;4;5;9;58;16;30;7;5;2;75;5;67;6;0;6;9;12;12;85;29;56;25;1;3;7;13;16;19;10;18;21;30;39;66;Salta;66147;Rosario de Lerma;661470405;;147;37;-25,02349;-65,680454;118,2771621
660350206;1094;324;64;40;134;86;770;282;327;107;54;569;160;30;19;61;50;409;147;179;56;27;525;164;34;21;73;36;361;135;148;51;27;9;537;57;500;66;4;68;77;82;113;657;383;274;302;69;12;35;126;79;83;46;111;104;144;257;66;Salta;66035;Cerrillos;660350206;;1094;275;-25,006395;-65,468808;25,83029891
661470509;1028;269;37;29;105;98;759;172;336;142;109;564;151;19;15;60;57;413;83;180;80;70;464;118;18;14;45;41;346;89;156;62;39;11;625;38;365;124;37;134;45;147;67;692;422;270;318;67;37;28;105;89;93;16;51;92;114;197;66;Salta;66147;Rosario de Lerma;661470509;;1028;296;-24,976719;-65,583913;0,348659633
661470604;689;213;35;22;97;59;476;140;219;66;51;347;103;23;8;40;32;244;80;104;33;27;342;110;12;14;57;27;232;60;115;33;24;7;317;21;351;53;10;53;46;66;78;398;196;202;176;14;6;17;95;50;58;15;53;54;87;139;66;Salta;66147;Rosario de Lerma;661470604;;689;199;-24,98043;-65,570306;0,484892303
661470508;901;227;44;30;97;56;674;176;282;117;99;463;113;24;18;44;27;350;88;152;54;56;438;114;20;12;53;29;324;88;130;63;43;15;483;28;390;111;28;115;51;128;77;597;361;236;252;69;40;27;96;55;56;28;69;69;96;146;66;Salta;66147;Rosario de Lerma;661470508;;901;275;-24,977272;-65,576937;0,232356469
661470510;883;219;41;24;96;58;664;177;256;167;64;463;108;16;10;53;29;355;90;145;87;33;420;111;25;14;43;29;309;87;111;80;31;7;515;30;338;97;14;101;45;118;46;618;378;240;278;75;25;24;96;53;58;26;52;64;85;167;66;Salta;66147;Rosario de Lerma;661470510;;883;238;-24,978398;-65,588514;0,110013526
661470603;884;247;51;20;107;69;637;180;284;103;70;440;114;20;11;49;34;326;95;138;54;39;444;133;31;9;58;35;311;85;146;49;31;7;484;22;378;92;21;97;52;112;84;553;295;258;226;54;15;19;105;65;68;32;79;86;121;186;66;Salta;66147;Rosario de Lerma;661470603;;884;239;-24,979754;-65,574278;0,176962747
661470601;1282;322;50;36;143;93;960;248;434;163;115;670;169;19;19;82;49;501;123;212;90;76;612;153;31;17;61;44;459;125;222;73;39;7;677;73;532;126;31;132;73;164;87;873;504;369;372;96;36;35;142;82;90;39;95;100;143;230;66;Salta;66147;Rosario de Lerma;661470601;;1282;381;-24,981152;-65,581748;0,307106664
661470410;1030;457;76;50;205;126;573;235;279;43;16;523;215;39;23;93;60;308;111;163;24;10;507;242;37;27;112;66;265;124;116;19;6;8;326;28;676;16;2;16;67;26;74;499;167;332;154;11;2;44;195;104;125;60;166;123;205;259;66;Salta;66147;Rosario de Lerma;661470410;;1030;245;-24,981086;-65,59763;0,072516621
661470602;813;227;44;23;77;83;586;162;254;112;58;404;117;24;10;43;40;287;67;129;56;35;409;110;20;13;34;43;299;95;125;56;23;6;454;22;337;72;19;75;54;89;42;544;306;238;226;55;25;22;74;78;82;19;67;78;111;180;66;Salta;66147;Rosario de Lerma;661470602;;813;213;-24,981693;-65,576575;0,128905731
661470411;842;386;81;29;161;115;456;183;241;29;3;457;203;45;13;82;63;254;99;134;19;2;385;183;36;16;79;52;202;84;107;10;1;8;224;37;581;6;0;6;40;10;40;416;129;287;114;14;1;21;158;95;114;30;122;106;181;216;66;Salta;66147;Rosario de Lerma;661470411;;842;215;-24,982193;-65,599337;0,081427396
661470407;2131;712;138;94;288;192;1419;515;601;202;101;1061;365;69;49;148;99;696;259;291;97;49;1070;347;69;45;140;93;723;256;310;105;52;21;785;133;1213;119;13;122;139;150;243;1176;441;735;373;57;11;72;284;176;192;96;294;223;363;516;66;Salta;66147;Rosario de Lerma;661470407;;2131;515;-24,983101;-65,567379;0,160636171
661470607;508;125;26;24;51;24;383;97;161;64;61;251;54;15;9;19;11;197;46;83;36;32;257;71;11;15;32;13;186;51;78;28;29;7;307;13;188;73;14;76;23;81;48;335;215;120;149;41;25;22;51;21;23;10;39;24;45;85;66;Salta;66147;Rosario de Lerma;661470607;;508;158;-24,98399;-65,579594;0,111258967
661470408;1312;471;99;55;189;128;841;337;363;94;47;653;232;49;23;96;64;421;154;191;49;27;659;239;50;32;93;64;420;183;172;45;20;15;470;49;793;43;6;47;98;65;127;714;280;434;244;31;5;50;186;118;128;53;181;138;231;327;66;Salta;66147;Rosario de Lerma;661470408;;1312;325;-24,984645;-65,564675;0,124435432
661470606;278;53;11;5;23;14;225;58;99;44;24;137;25;4;3;15;3;112;24;49;23;16;141;28;7;2;8;11;113;34;50;21;8;4;164;4;110;28;5;29;10;35;16;209;153;56;111;23;19;4;22;12;14;6;14;14;17;45;66;Salta;66147;Rosario de Lerma;661470606;;278;91;-24,985048;-65,578109;0,084928827
661470608;1145;321;61;37;129;94;824;267;361;130;66;587;162;29;20;60;53;425;145;173;70;37;558;159;32;17;69;41;399;122;188;60;29;8;678;26;441;93;18;95;62;109;77;747;438;309;340;72;26;29;128;84;89;35;92;96;138;253;66;Salta;66147;Rosario de Lerma;661470608;;1145;304;-24,986713;-65,583463;0,249128597
661470409;1257;398;99;49;158;92;859;363;351;96;49;598;179;42;22;71;44;419;176;166;51;26;659;219;57;27;87;48;440;187;185;45;23;12;450;41;766;54;6;58;79;68;106;753;293;460;254;34;5;45;154;77;91;60;193;117;221;325;66;Salta;66147;Rosario de Lerma;661470409;;1257;308;-24,986737;-65,5666;0,117423407
661470605;999;290;50;32;108;100;709;208;306;117;78;505;147;20;19;60;48;358;103;153;68;34;494;143;30;13;48;52;351;105;153;49;44;8;580;44;375;101;15;103;36;115;83;626;367;259;286;48;33;26;106;99;100;36;77;109;131;212;66;Salta;66147;Rosario de Lerma;661470605;;999;277;-24,986991;-65,57628;0,233665096
660070314;64;13;4;1;5;3;51;7;21;14;9;22;3;1;0;0;2;19;3;6;4;6;42;10;3;1;5;1;32;4;15;10;3;0;33;0;31;8;1;8;6;11;21;30;5;25;4;0;1;1;5;3;3;2;5;3;3;4;66;Salta;66007;Anta;660070314;;64;31;-25,076839;-64,54156;229,1253574
660350207;236;75;10;10;34;21;161;50;81;22;8;117;42;6;10;16;10;75;21;40;9;5;119;33;4;0;18;11;86;29;41;13;3;3;129;19;88;9;1;9;9;12;41;120;46;74;33;8;5;10;34;18;21;5;32;20;39;48;66;Salta;66035;Cerrillos;660350207;;236;76;-25,012208;-65,505538;17,24712056
661470611;1209;368;73;46;146;103;841;247;407;119;68;607;193;38;20;85;50;414;112;209;60;33;602;175;35;26;61;53;427;135;198;59;35;5;658;40;511;86;10;86;55;100;103;738;392;346;306;66;20;39;142;92;102;38;105;103;150;245;66;Salta;66147;Rosario de Lerma;661470611;;1209;338;-24,994542;-65,583842;0,708571865
661470609;738;218;40;33;98;47;520;151;220;87;62;375;108;21;18;49;20;267;66;117;48;36;363;110;19;15;49;27;253;85;103;39;26;3;415;15;308;83;7;84;36;95;55;465;264;201;217;35;12;27;97;36;45;26;61;51;77;141;66;Salta;66147;Rosario de Lerma;661470609;;738;188;-24,98916;-65,580293;0,129114391
660350204;12;2;0;0;2;0;10;1;4;3;2;7;1;0;0;1;0;6;0;2;3;1;5;1;0;0;1;0;4;1;2;0;1;0;9;1;2;3;1;3;1;3;2;8;5;3;2;2;1;0;2;0;0;0;0;0;0;0;66;Salta;66035;Cerrillos;660350204;;12;4;-25,073929;-65,322599;150,517779
661470610;680;208;36;24;89;59;472;136;207;64;65;330;103;21;12;43;27;227;66;92;33;36;350;105;15;12;46;32;245;70;115;31;29;3;332;10;338;80;9;81;37;88;64;408;172;236;138;27;7;20;85;52;59;21;72;64;108;152;66;Salta;66147;Rosario de Lerma;661470610;;680;195;-24,992038;-65,579979;0,181077334
660350208;1340;420;78;49;182;111;920;324;423;101;72;647;198;38;18;84;58;449;155;215;46;33;693;222;40;31;98;53;471;169;208;55;39;17;721;59;560;90;10;92;75;105;128;792;391;401;321;56;14;45;178;102;108;46;154;118;194;306;66;Salta;66035;Cerrillos;660350208;;1340;343;-24,996167;-65,437751;0,733129518
660070404;36;9;1;1;4;3;27;3;12;3;9;17;6;1;1;2;2;11;2;4;0;5;19;3;0;0;2;1;16;1;8;3;4;0;21;2;13;7;1;7;5;9;16;11;5;6;5;0;0;1;4;3;3;0;1;2;3;5;66;Salta;66007;Anta;660070404;;36;13;-25,075331;-63,942871;171,8883132
660420103;340;106;19;12;51;24;234;59;100;42;33;164;51;6;4;28;13;113;33;44;18;18;176;55;13;8;23;11;121;26;56;24;15;4;155;36;149;41;4;41;16;50;36;198;74;124;54;15;5;12;50;23;24;5;31;25;39;59;66;Salta;66042;Chicoana;660420103;;340;102;-25,062615;-65,6351;82,63230978
660420201;216;69;12;10;31;16;147;41;68;26;12;108;36;3;7;17;9;72;25;31;10;6;108;33;9;3;14;7;75;16;37;16;6;2;115;8;93;16;1;16;7;20;30;117;48;69;39;4;5;9;28;16;16;8;20;24;27;35;66;Salta;66042;Chicoana;660420201;;216;63;-25,048965;-65,54017;31,13429824
660350205;186;61;13;7;25;16;125;44;55;18;8;88;34;7;4;12;11;54;21;24;8;1;98;27;6;3;13;5;71;23;31;10;7;2;66;20;100;9;3;11;17;17;19;106;38;68;31;3;4;7;25;14;16;7;28;17;30;38;66;Salta;66035;Cerrillos;660350205;;186;62;-25,056105;-65,429633;43,9663202
660070408;137;37;9;2;15;11;100;36;51;10;3;71;18;4;1;6;7;53;17;29;6;1;66;19;5;1;9;4;47;19;22;4;2;1;61;4;72;6;1;6;7;6;18;82;49;33;36;11;2;2;15;6;11;9;20;13;25;37;66;Salta;66007;Anta;660070408;;137;40;-25,063873;-64,105011;75,97868984
660420112;928;325;55;32;134;104;603;232;281;41;49;469;175;33;18;67;57;294;112;136;21;25;459;150;22;14;67;47;309;120;145;20;24;12;433;43;452;33;5;33;68;55;87;516;213;303;188;19;6;30;131;98;104;19;98;93;152;251;66;Salta;66042;Chicoana;660420112;;928;217;-25,037924;-65,570029;0,390963016
660140203;699;224;47;26;91;60;475;135;200;71;69;336;115;26;12;48;29;221;65;95;30;31;363;109;21;14;43;31;254;70;105;41;38;14;180;28;491;78;3;79;57;95;104;371;140;231;120;13;7;25;91;48;59;13;69;47;95;135;66;Salta;66014;Cachi;660140203;;699;216;-25,121452;-66,28956;204,5452741
660420203;1102;384;77;38;148;121;718;250;337;102;29;564;187;39;23;81;44;377;139;175;45;18;538;197;38;15;67;77;341;111;162;57;11;17;581;53;468;41;10;44;75;54;108;610;321;289;262;49;10;37;144;112;121;29;128;111;192;282;66;Salta;66042;Chicoana;660420203;;1102;290;-25,099368;-65,445987;64,63629482
660140105;533;187;32;26;79;50;346;121;145;61;19;281;96;16;15;40;25;185;54;88;33;10;252;91;16;11;39;25;161;67;57;28;9;11;213;9;311;31;2;31;48;36;35;311;144;167;105;29;10;26;76;43;50;11;53;42;80;129;66;Salta;66014;Cachi;660140105;;533;154;-25,049308;-66,099985;0,583798584
660140106;345;98;15;11;44;28;247;73;111;40;23;170;49;9;8;23;9;121;37;54;17;13;175;49;6;3;21;19;126;36;57;23;10;4;183;20;142;25;2;26;18;33;31;216;131;85;96;27;8;11;44;24;28;9;21;25;39;75;66;Salta;66014;Cachi;660140106;;345;105;-25,054143;-66,099301;1,340112367
660420202;458;149;32;15;62;40;309;112;134;35;28;210;66;16;5;24;21;144;58;56;17;13;248;83;16;10;38;19;165;54;78;18;15;10;166;52;240;31;4;31;35;36;41;268;93;175;71;12;10;14;61;29;40;11;69;27;78;110;66;Salta;66042;Chicoana;660420202;;458;125;-25,085687;-65,507517;16,10253319
660420301;1036;255;40;30;120;65;781;232;305;163;81;511;104;15;12;47;30;407;112;162;85;48;525;151;25;18;73;35;374;120;143;78;33;10;542;54;440;106;19;108;61;120;80;701;418;283;336;60;22;30;120;62;65;38;98;69;110;193;66;Salta;66042;Chicoana;660420301;;1036;310;-25,069541;-65,498831;0,96936107
660420104;276;77;6;7;41;23;199;45;87;35;32;132;47;3;2;29;13;85;20;38;15;12;144;30;3;5;12;10;114;25;49;20;20;2;151;6;119;41;1;42;13;44;22;177;98;79;62;22;14;7;38;19;22;3;20;15;26;46;66;Salta;66042;Chicoana;660420104;;276;94;-25,08549;-65,549191;14,92909533
660420302;686;226;40;34;87;65;460;163;227;47;23;330;99;18;10;41;30;231;85;113;21;12;356;127;22;24;46;35;229;78;114;26;11;13;296;35;355;29;5;29;41;31;43;417;218;199;175;38;5;33;87;61;65;20;86;59;106;159;66;Salta;66042;Chicoana;660420302;;686;192;-25,06416;-65,494674;0,22751943
660420303;1028;319;61;29;143;86;709;217;330;97;65;526;157;35;15;62;45;369;114;174;51;30;502;162;26;14;81;41;340;103;156;46;35;10;518;94;416;58;12;62;84;77;123;586;306;280;235;53;18;29;139;79;86;34;105;93;143;220;66;Salta;66042;Chicoana;660420303;;1028;289;-25,065969;-65,490861;0,233314771
660420308;1617;455;76;41;203;135;1162;316;549;177;120;805;219;41;16;94;68;586;157;270;101;58;812;236;35;25;109;67;576;159;279;76;62;17;885;96;636;168;24;171;70;191;99;1063;585;478;464;97;24;37;199;123;133;34;131;135;201;335;66;Salta;66042;Chicoana;660420308;;1617;434;-25,070169;-65,489356;0,423272179
660420304;634;192;39;24;83;46;442;140;216;56;30;316;97;21;11;41;24;219;66;106;29;18;318;95;18;13;42;22;223;74;110;27;12;8;348;19;267;37;12;38;23;45;43;399;249;150;192;42;15;24;81;44;45;16;38;52;69;131;66;Salta;66042;Chicoana;660420304;;634;181;-25,067273;-65,495894;0,185199774
660420101;284;67;11;9;20;27;217;26;91;52;48;129;37;7;4;10;16;92;15;31;18;28;155;30;4;5;10;11;125;11;60;34;20;2;109;17;158;54;4;55;24;66;53;164;53;111;46;7;0;9;18;24;26;2;13;20;25;34;66;Salta;66042;Chicoana;660420101;;284;105;-25,18883;-65,787745;298,1223404
660420305;806;220;25;24;97;74;586;142;266;110;68;417;99;7;15;39;38;318;76;140;66;36;389;121;18;9;58;36;268;66;126;44;32;8;429;44;333;98;18;102;28;109;71;515;297;218;225;64;8;24;96;69;72;22;52;75;99;166;66;Salta;66042;Chicoana;660420305;;806;217;-25,071332;-65,494188;0,121192427
660420313;1016;328;58;41;134;95;688;218;322;96;52;516;176;30;24;70;52;340;103;159;48;30;500;152;28;17;64;43;348;115;163;48;22;12;507;84;425;80;11;82;57;89;90;598;304;294;250;46;8;41;133;92;95;27;111;99;152;230;66;Salta;66042;Chicoana;660420313;;1016;289;-25,076723;-65,509318;0,8789897
660420307;782;218;44;23;94;57;564;150;252;77;85;414;114;22;9;58;25;300;84;116;50;50;368;104;22;14;36;32;264;66;136;27;35;5;390;82;310;101;19;105;31;114;65;499;260;239;198;42;20;22;91;53;57;30;71;68;96;146;66;Salta;66042;Chicoana;660420307;;782;229;-25,074773;-65,491311;0,170574412
660420306;797;209;45;24;75;65;588;160;276;90;62;416;114;21;16;40;37;302;76;144;46;36;381;95;24;8;35;28;286;84;132;44;26;5;397;40;360;81;14;82;40;90;52;536;317;219;248;55;14;24;75;61;65;28;76;78;119;167;66;Salta;66042;Chicoana;660420306;;797;240;-25,075772;-65,494466;0,124792667
660420204;12;0;0;0;0;0;12;2;4;2;4;4;0;0;0;0;0;4;0;1;0;3;8;0;0;0;0;0;8;2;3;2;1;0;6;0;6;4;0;4;2;5;4;8;0;8;0;0;0;0;0;0;0;0;2;0;1;1;66;Salta;66042;Chicoana;660420204;;12;8;-25,161545;-65,344999;151,5989202
660070411;6;1;1;0;0;0;5;1;2;1;1;3;0;0;0;0;0;3;1;1;1;0;3;1;1;0;0;0;2;0;1;0;1;0;5;0;1;1;0;1;0;1;1;4;2;2;0;2;0;0;0;0;0;0;0;0;0;0;66;Salta;66007;Anta;660070411;;6;2;-25,129071;-64,394709;151,7490968
660420309;753;200;50;21;77;52;553;166;242;106;39;398;93;18;12;37;26;305;95;134;56;20;355;107;32;9;40;26;248;71;108;50;19;20;401;54;298;57;10;57;41;68;53;500;318;182;231;67;20;20;77;50;51;17;49;53;72;140;66;Salta;66042;Chicoana;660420309;;753;216;-25,077165;-65,489142;0,168303755
660420102;360;80;7;8;32;33;280;55;108;59;58;159;36;4;6;15;11;123;20;52;24;27;201;44;3;2;17;22;157;35;56;35;31;0;168;7;185;56;5;56;23;72;79;201;75;126;63;9;3;8;32;28;33;6;25;24;40;67;66;Salta;66042;Chicoana;660420102;;360;135;-25,158267;-65,670632;181,5087669
660420310;787;202;31;26;95;50;585;180;243;107;55;424;98;15;14;44;25;326;96;136;59;35;363;104;16;12;51;25;259;84;107;48;20;11;402;38;347;77;7;77;43;83;72;513;283;230;251;24;8;26;95;49;50;24;70;65;96;168;66;Salta;66042;Chicoana;660420310;;787;225;-25,078852;-65,485588;0,096065879
660420114;887;279;35;38;112;94;608;227;275;76;30;464;148;14;19;55;60;316;114;145;39;18;423;131;21;19;57;34;292;113;130;37;12;3;354;61;472;46;5;46;54;55;76;532;280;252;228;42;10;37;105;85;93;17;80;85;135;244;66;Salta;66042;Chicoana;660420114;;887;239;-25,081435;-65,529952;0,481896105
660420312;1145;316;54;49;117;96;829;235;369;134;91;598;151;22;24;59;46;447;129;193;75;50;547;165;32;25;58;50;382;106;176;59;41;14;613;55;477;107;16;111;58;133;98;731;431;300;331;66;34;48;117;88;96;27;88;95;140;246;66;Salta;66042;Chicoana;660420312;;1145;325;-25,079351;-65,496642;0,279411214
660420311;1317;370;70;42;136;122;947;286;432;127;102;720;197;39;20;70;68;523;150;232;75;66;597;173;31;22;66;54;424;136;200;52;36;16;677;71;569;119;28;120;80;143;102;845;498;347;388;80;30;42;132;114;120;35;108;120;169;298;66;Salta;66042;Chicoana;660420311;;1317;348;-25,083503;-65,488009;0,450479755
660420113;1012;302;51;36;119;96;710;212;321;96;81;520;158;23;18;66;51;362;96;166;57;43;492;144;28;18;53;45;348;116;155;39;38;24;460;76;476;99;11;102;57;110;95;615;296;319;221;58;17;36;118;93;96;21;88;95;147;230;66;Salta;66042;Chicoana;660420113;;1012;253;-25,083113;-65,536186;0,342926898
660140205;333;98;21;11;50;16;235;54;105;38;38;163;43;8;6;21;8;120;30;49;22;19;170;55;13;5;29;8;115;24;56;16;19;3;133;18;182;42;1;43;20;50;37;198;81;117;48;24;9;11;50;15;16;4;19;13;22;45;66;Salta;66014;Cachi;660140205;;333;97;-25,209263;-66,049126;463,681475
660070405;347;125;24;13;54;34;222;86;99;27;10;162;58;10;7;25;16;104;43;47;10;4;185;67;14;6;29;18;118;43;52;17;6;1;120;9;218;12;2;12;50;14;65;157;59;98;50;7;2;12;54;29;34;7;47;33;60;82;66;Salta;66007;Anta;660070405;;347;107;-25,174481;-63,993334;260,9184272
660140206;485;146;32;11;73;30;339;101;146;56;36;248;72;12;3;43;14;176;53;68;29;26;237;74;20;8;30;16;163;48;78;27;10;4;189;3;293;45;3;45;31;52;45;294;125;169;101;19;5;11;73;28;30;6;48;29;51;84;66;Salta;66014;Cachi;660140206;;485;146;-25,09781;-66,187372;1,098341284
660140207;621;224;45;25;97;57;397;132;160;57;48;306;111;18;14;53;26;195;60;80;30;25;315;113;27;11;44;31;202;72;80;27;23;8;187;17;417;51;2;51;62;69;62;335;150;185;109;33;8;22;95;47;57;19;64;53;91;136;66;Salta;66014;Cachi;660140207;;621;169;-25,106556;-66,173684;2,292199009
660420105;671;202;28;18;89;67;469;132;211;79;47;349;109;15;9;48;37;240;77;107;33;23;322;93;13;9;41;30;229;55;104;46;24;4;359;21;291;57;8;57;49;69;77;392;185;207;133;37;15;17;85;62;67;23;61;71;99;142;66;Salta;66042;Chicoana;660420105;;671;177;-25,168687;-65,595354;96,79704155
660420108;1130;319;54;42;140;83;811;204;366;141;100;626;183;36;22;91;34;443;112;189;85;57;504;136;18;20;49;49;368;92;177;56;43;8;649;54;427;141;20;142;59;155;70;741;421;320;281;102;38;40;138;71;82;29;94;77;124;194;66;Salta;66042;Chicoana;660420108;;1130;295;-25,101559;-65,538102;0,375696757
660070407;440;165;38;16;73;38;275;82;131;40;22;209;85;16;7;40;22;124;40;59;15;10;231;80;22;9;33;16;151;42;72;25;12;6;152;15;273;30;3;30;65;36;75;200;90;110;78;9;3;16;72;28;35;7;39;20;49;80;66;Salta;66007;Anta;660070407;;440;135;-25,11926;-64,150587;16,60634981
660420110;1013;320;61;23;134;102;693;215;306;104;68;515;157;34;8;65;50;358;120;156;48;34;498;163;27;15;69;52;335;95;150;56;34;15;488;63;462;82;12;83;78;100;95;598;325;273;256;56;13;23;127;94;102;40;93;112;156;229;66;Salta;66042;Chicoana;660420110;;1013;271;-25,102259;-65,53101;0,314104527
660420106;872;272;51;22;126;73;600;176;270;96;58;424;126;19;13;57;37;298;92;137;42;27;448;146;32;9;69;36;302;84;133;54;31;9;522;21;329;74;14;75;60;88;88;512;228;284;175;40;13;21;124;67;73;24;99;77;132;173;66;Salta;66042;Chicoana;660420106;;872;240;-25,158778;-65,522035;62,98935128
661190101;450;182;24;24;69;65;268;77;114;34;43;235;85;10;11;31;33;150;45;62;17;26;215;97;14;13;38;32;118;32;52;17;17;2;124;41;285;48;7;48;42;55;74;194;59;135;46;13;0;24;68;57;64;9;34;56;74;109;66;Salta;66119;Molinos;661190101;;450;108;-25,163961;-66,497832;202,0045248
661120101;112;53;14;9;19;11;59;19;33;5;2;49;24;5;6;9;4;25;10;13;2;0;63;29;9;3;10;7;34;9;20;3;2;3;20;4;88;2;0;2;6;3;7;52;28;24;27;1;0;9;19;8;10;1;4;7;10;21;66;Salta;66112;Metán;661120101;;112;35;-25,268408;-65,057707;867,0700889
660420111;1229;335;60;28;143;104;894;276;381;138;99;632;177;25;14;86;52;455;132;201;63;59;597;158;35;14;57;52;439;144;180;75;40;13;628;86;515;105;29;106;89;128;76;818;458;360;347;99;12;27;142;96;104;38;111;117;170;278;66;Salta;66042;Chicoana;660420111;;1229;320;-25,106593;-65,530747;0,347019274
660420109;1362;398;71;48;151;128;964;284;439;139;102;728;207;39;30;79;59;521;151;229;78;63;634;191;32;18;72;69;443;133;210;61;39;11;845;82;435;132;27;134;77;151;81;883;560;323;391;132;37;46;145;118;126;31;90;115;156;279;66;Salta;66042;Chicoana;660420109;;1362;368;-25,107018;-65,53721;0,457615851
660070415;394;116;25;13;46;32;278;84;123;40;31;190;62;14;6;27;15;128;31;64;13;20;204;54;11;7;19;17;150;53;59;27;11;3;187;11;196;34;6;35;75;44;65;213;77;136;62;13;2;10;43;31;32;12;41;32;54;88;66;Salta;66007;Anta;660070415;;394;120;-25,100289;-64,219306;0,981882605
660140212;554;185;36;18;85;46;369;129;181;39;20;274;80;16;8;35;21;194;69;96;17;12;280;105;20;10;50;25;175;60;85;22;8;18;201;14;339;23;0;23;26;29;39;330;187;143;144;37;6;18;85;44;45;13;46;43;60;115;66;Salta;66014;Cachi;660140212;;554;151;-25,119372;-66,150245;0,496627705
660420107;159;50;8;4;20;18;109;24;53;20;12;66;23;3;1;10;9;43;10;20;10;3;93;27;5;3;10;9;66;14;33;10;9;2;77;4;78;14;0;14;14;15;28;81;31;50;26;1;4;4;20;16;18;4;12;13;18;21;66;Salta;66042;Chicoana;660420107;;159;50;-25,160183;-65,462115;46,0373276
660140208;731;214;47;23;92;52;517;155;232;90;40;370;105;21;11;47;26;265;85;109;49;22;361;109;26;12;45;26;252;70;123;41;18;24;362;12;357;52;4;52;34;60;47;470;324;146;209;87;28;23;92;48;51;6;40;45;66;138;66;Salta;66014;Cachi;660140208;;731;239;-25,118481;-66,169756;0,484238814
660140213;518;212;33;18;97;64;306;90;171;38;7;250;99;8;13;47;31;151;40;93;16;2;268;113;25;5;50;33;155;50;78;22;5;21;195;8;315;15;2;16;24;19;24;282;157;125;117;34;6;14;97;59;64;10;35;54;75;116;66;Salta;66014;Cachi;660140213;;518;153;-25,119482;-66,145299;0,420354821
660070414;204;49;10;7;18;14;155;53;66;18;18;96;28;3;6;11;8;68;27;29;6;6;108;21;7;1;7;6;87;26;37;12;12;0;106;0;98;21;0;21;20;24;33;122;61;61;54;5;2;5;16;13;13;1;13;11;18;50;66;Salta;66007;Anta;660070414;;204;64;-25,113485;-64,279884;1,295836754
660140209;642;157;31;21;61;44;485;127;209;89;60;340;78;14;10;35;19;262;67;104;52;39;302;79;17;11;26;25;223;60;105;37;21;13;329;31;282;77;12;78;58;89;56;429;273;156;170;64;39;21;61;43;44;10;36;39;53;102;66;Salta;66014;Cachi;660140209;;642;235;-25,120941;-66,162597;0,334304777
660070901;838;215;42;23;100;50;623;199;292;106;26;452;121;25;14;53;29;331;110;158;51;12;386;94;17;9;47;21;292;89;134;55;14;7;461;34;343;42;1;42;101;47;87;536;375;161;266;84;25;22;86;41;50;15;67;46;79;155;66;Salta;66007;Anta;660070901;;838;290;-25,112559;-64,116393;0,24390439
660070702;49;16;4;1;5;6;33;14;13;4;2;16;6;3;1;0;2;10;4;4;2;0;33;10;1;0;5;4;23;10;9;2;2;0;2;2;45;2;0;2;7;3;23;10;2;8;1;1;0;1;5;1;6;0;13;0;14;15;66;Salta;66007;Anta;660070702;;49;13;-25,159853;-63,32569;569,083087
661120205;176;43;6;4;22;11;133;20;64;34;15;72;24;5;2;12;5;48;8;20;14;6;104;19;1;2;10;6;85;12;44;20;9;1;70;5;101;23;1;23;24;30;39;94;23;71;18;4;1;4;22;7;10;0;14;6;17;23;66;Salta;66112;Metán;661120205;;176;59;-25,197244;-64,162855;207,7902498
660070906;1489;432;106;48;156;122;1057;347;458;165;87;706;188;48;20;67;53;518;161;218;93;46;783;244;58;28;89;69;539;186;240;72;41;17;557;79;853;108;12;110;227;142;206;851;449;402;359;73;17;46;153;107;119;36;159;115;201;339;66;Salta;66007;Anta;660070906;;1489;380;-25,110844;-64,12727;0,149930268
660140210;666;205;35;19;98;53;461;131;229;71;30;343;111;19;8;56;28;232;56;116;38;22;323;94;16;11;42;25;229;75;113;33;8;16;358;10;298;40;8;41;28;55;45;416;273;143;190;66;17;19;98;49;51;9;29;48;63;130;66;Salta;66014;Cachi;660140210;;666;201;-25,12313;-66,169563;0,384899073
660070313;21;3;0;1;1;1;18;2;10;4;2;9;2;0;1;0;1;7;1;4;1;1;12;1;0;0;1;0;11;1;6;3;1;0;12;0;9;3;1;3;3;3;2;16;5;11;3;0;2;0;1;0;1;0;2;0;3;3;66;Salta;66007;Anta;660070313;;21;11;-25,233696;-64,665503;310,8281331
660070905;1372;379;69;43;147;120;993;247;490;181;75;691;172;34;18;67;53;519;123;263;93;40;681;207;35;25;80;67;474;124;227;88;35;17;706;98;568;99;12;104;137;123;121;872;567;305;351;158;58;40;138;108;119;22;84;106;161;268;66;Salta;66007;Anta;660070905;;1372;410;-25,113784;-64,123634;0,32689096
660070907;610;138;14;14;69;41;472;81;233;98;60;324;67;8;6;29;24;257;37;123;57;40;286;71;6;8;40;17;215;44;110;41;20;7;379;6;225;80;18;81;49;93;41;431;299;132;195;77;27;14;68;39;40;10;25;41;50;79;66;Salta;66007;Anta;660070907;;610;187;-25,112751;-64,130457;0,128065086
660140211;761;259;39;29;114;77;502;156;250;62;34;395;142;14;16;70;42;253;74;129;27;23;366;117;25;13;44;35;249;82;121;35;11;11;333;34;394;42;4;42;51;51;48;454;256;198;190;59;7;27;111;73;76;20;52;66;85;151;66;Salta;66014;Cachi;660140211;;761;211;-25,129186;-66,168798;0,654123767
660070908;698;187;42;24;77;44;511;141;224;99;47;343;86;18;9;39;20;257;68;115;51;23;355;101;24;15;38;24;254;73;109;48;24;9;411;16;271;64;8;67;48;75;47;464;319;145;223;74;22;24;75;39;44;11;44;36;58;121;66;Salta;66007;Anta;660070908;;698;214;-25,114975;-64,131099;0,200201449
661120204;62;19;6;3;10;0;43;11;23;7;2;26;9;5;1;3;0;17;7;6;3;1;36;10;1;2;7;0;26;4;17;4;1;0;22;11;29;3;1;4;6;5;12;31;13;18;9;4;0;0;9;0;0;2;6;2;5;8;66;Salta;66112;Metán;661120204;;62;26;-25,203755;-64,285919;140,6441804
660070904;1082;289;61;29;115;84;793;206;350;153;84;559;139;30;11;64;34;420;104;192;72;52;523;150;31;18;51;50;373;102;158;81;32;13;646;46;390;121;23;123;98;132;104;689;426;263;290;98;38;26;109;77;79;22;74;78;117;209;66;Salta;66007;Anta;660070904;;1082;330;-25,116353;-64,120667;0,197800408
660070912;1898;556;100;67;240;149;1342;462;594;213;73;916;244;38;33;113;60;672;219;307;108;38;982;312;62;34;127;89;670;243;287;105;35;22;590;98;1210;111;14;115;287;141;265;1077;545;532;442;89;14;59;236;132;148;56;214;150;266;422;66;Salta;66007;Anta;660070912;;1898;504;-25,1208;-64,129883;0,395166138
660070909;1022;266;50;39;98;79;756;158;365;134;99;527;136;18;20;52;46;391;86;181;73;51;495;130;32;19;46;33;365;72;184;61;48;14;587;41;394;119;25;123;81;136;60;696;481;215;289;127;65;34;96;71;75;9;46;65;91;154;66;Salta;66007;Anta;660070909;;1022;339;-25,117616;-64,127582;0,286769526
660070903;1382;377;75;36;140;126;1005;312;477;158;58;708;180;36;13;63;68;528;159;262;79;28;674;197;39;23;77;58;477;153;215;79;30;15;859;53;470;71;7;73;156;87;121;884;570;314;416;111;43;35;137;116;123;36;102;128;171;294;66;Salta;66007;Anta;660070903;;1382;397;-25,1182;-64,118145;0,22144345
660070902;918;282;44;33;113;92;636;197;322;85;32;486;160;24;18;62;56;326;104;161;42;19;432;122;20;15;51;36;310;93;161;43;13;7;361;134;423;34;6;35;136;52;102;534;295;239;217;58;20;32;104;82;89;20;92;87;129;203;66;Salta;66007;Anta;660070902;;918;298;-25,122688;-64,112954;1,760346075
660070917;748;328;66;43;137;82;420;171;204;24;21;373;154;36;23;57;38;219;92;105;11;11;375;174;30;20;80;44;201;79;99;13;10;11;175;36;537;18;1;18;99;26;102;318;104;214;88;10;6;41;133;68;82;17;117;61;136;172;66;Salta;66007;Anta;660070917;;748;202;-25,119312;-64,142988;0,190105885
660070914;955;297;53;28;126;90;658;212;287;111;48;474;137;27;11;61;38;337;108;144;57;28;481;160;26;17;65;52;321;104;143;54;20;12;349;52;554;75;8;76;121;88;171;487;242;245;185;51;6;26;124;83;89;31;107;91;143;202;66;Salta;66007;Anta;660070914;;955;252;-25,118533;-64,136084;0,152602189
660070910;742;166;29;19;80;38;576;138;272;92;74;393;88;14;10;38;26;305;70;145;44;46;349;78;15;9;42;12;271;68;127;48;28;11;453;23;266;89;20;93;45;104;59;517;360;157;243;78;39;16;76;36;38;17;37;37;51;112;66;Salta;66007;Anta;660070910;;742;249;-25,120718;-64,124555;0,193157703
660070915;1118;383;75;40;144;124;735;291;311;108;25;527;178;32;17;70;59;349;143;139;51;16;591;205;43;23;74;65;386;148;172;57;9;15;218;107;793;40;4;41;216;51;224;511;156;355;143;10;3;36;137;106;123;26;188;104;224;297;66;Salta;66007;Anta;660070915;;1118;273;-25,120753;-64,138463;0,114843087
660070913;1417;555;90;48;242;175;862;317;427;82;36;718;258;37;20;123;78;460;175;225;47;13;699;297;53;28;119;97;402;142;202;35;23;12;376;58;983;43;3;43;191;55;251;611;258;353;213;31;14;45;231;153;174;47;201;159;272;360;66;Salta;66007;Anta;660070913;;1417;372;-25,122926;-64,132934;0,353174855
660070911;1091;352;55;25;162;110;739;215;369;106;49;579;178;28;18;73;59;401;109;198;62;32;512;174;27;7;89;51;338;106;171;44;17;7;526;45;520;61;10;63;121;70;107;632;393;239;271;94;28;25;156;104;108;34;95;113;157;240;66;Salta;66007;Anta;660070911;;1091;316;-25,122437;-64,122107;0,200130342
660070916;1023;401;71;33;167;130;622;242;307;58;15;507;211;36;18;89;68;296;113;154;23;6;516;190;35;15;78;62;326;129;153;35;9;8;253;60;710;20;2;20;139;29;165;457;189;268;161;19;9;31;166;115;128;30;133;121;201;282;66;Salta;66007;Anta;660070916;;1023;237;-25,122657;-64,138512;0,207431029
660070412;10;4;1;0;3;0;6;2;3;1;0;7;3;1;0;2;0;4;2;2;0;0;3;1;0;0;1;0;2;0;1;1;0;0;7;0;3;0;0;0;0;0;0;6;4;2;2;2;0;0;3;0;0;0;0;0;0;0;66;Salta;66007;Anta;660070412;;10;2;-25,197186;-64,469329;225,3834278
660140204;150;25;4;3;12;6;125;16;49;34;26;70;13;2;2;6;3;57;6;24;15;12;80;12;2;1;6;3;68;10;25;19;14;1;57;6;87;35;3;35;7;38;25;100;26;74;16;9;1;3;12;4;6;1;11;5;14;17;66;Salta;66014;Cachi;660140204;;150;64;-25,187275;-66,283712;85,36414777
660070406;30;5;1;1;2;1;25;5;9;7;4;14;2;0;1;1;0;12;3;3;3;3;16;3;1;0;1;1;13;2;6;4;1;0;22;1;7;4;1;4;5;5;6;19;12;7;10;2;0;1;2;1;1;0;0;1;1;3;66;Salta;66007;Anta;660070406;;30;13;-25,178989;-64,090878;26,96775348
661190103;368;105;22;11;44;28;263;73;96;47;47;187;57;15;8;22;12;130;35;42;23;30;181;48;7;3;22;16;133;38;54;24;17;2;127;3;238;50;3;51;23;58;54;209;78;131;58;18;2;10;44;22;28;13;36;28;46;75;66;Salta;66119;Molinos;661190103;;368;118;-25,249457;-66,318353;267,7247244
660980103;297;61;15;6;22;18;236;44;98;65;29;134;26;5;1;12;8;108;24;49;24;11;163;35;10;5;10;10;128;20;49;41;18;6;158;3;136;36;4;36;13;45;29;207;116;91;76;21;19;6;21;17;18;4;19;15;24;34;66;Salta;66098;La Viña;660980103;;297;130;-25,256971;-65,390265;158,1365273
660980101;150;44;8;9;21;6;106;36;45;14;11;75;23;4;3;15;1;52;25;17;7;3;75;21;4;6;6;5;54;11;28;7;8;2;96;3;51;11;5;14;6;17;15;91;39;52;30;7;2;9;21;5;6;3;22;6;15;24;66;Salta;66098;La Viña;660980101;;150;52;-25,232182;-65,522468;148,5186369
660070703;25;7;0;0;4;3;18;8;8;2;0;7;1;0;0;1;0;6;3;2;1;0;18;6;0;0;3;3;12;5;6;1;0;0;7;2;16;0;0;0;3;0;10;8;0;8;0;0;0;0;4;3;3;0;8;1;4;4;66;Salta;66007;Anta;660070703;;25;9;-25,252037;-63,159273;289,3728999
661540201;257;49;10;4;24;11;208;34;70;56;48;112;25;3;2;13;7;87;11;31;22;23;145;24;7;2;11;4;121;23;39;34;25;1;97;13;147;56;2;56;26;69;59;149;47;102;42;3;2;4;21;10;11;2;12;11;19;35;66;Salta;66154;San Carlos;661540201;;257;101;-25,487382;-65,883882;1009,790529
661190102;784;267;51;30;120;66;517;154;207;67;89;414;134;30;15;60;29;280;82;106;42;50;370;133;21;15;60;37;237;72;101;25;39;6;200;61;523;109;7;109;73;116;111;406;96;310;83;10;3;30;117;54;66;16;89;57;115;167;66;Salta;66119;Molinos;661190102;;784;182;-25,311675;-66,486511;315,5291343
661120108;603;206;39;21;89;57;397;114;187;59;37;290;93;11;10;43;29;197;65;87;24;21;313;113;28;11;46;28;200;49;100;35;16;4;377;6;220;44;4;45;36;54;48;349;181;168;154;24;3;20;87;47;56;11;37;50;72;125;66;Salta;66112;Metán;661120108;;603;183;-25,212433;-64,923799;2,053314908
660070312;85;22;6;1;9;6;63;18;28;14;3;45;10;2;1;5;2;35;14;14;6;1;40;12;4;0;4;4;28;4;14;8;2;1;36;1;48;7;1;8;6;9;19;44;25;19;20;4;1;0;7;5;6;2;8;5;10;18;66;Salta;66007;Anta;660070312;;85;23;-25,304616;-64,76261;262,4196319
660070701;26;9;4;2;1;2;17;8;7;2;0;8;2;1;0;1;0;6;4;1;1;0;18;7;3;2;0;2;11;4;6;1;0;1;9;2;15;1;0;1;4;1;6;11;5;6;5;0;0;2;1;0;2;1;5;1;6;7;66;Salta;66007;Anta;660070701;;26;6;-25,327799;-63,638956;753,9568652
661120203;56;16;3;3;7;3;40;15;14;8;3;25;6;1;2;1;2;19;9;5;5;0;31;10;2;1;6;1;21;6;9;3;3;0;21;4;31;1;0;1;4;5;10;30;13;17;11;2;0;3;7;3;3;1;6;3;8;16;66;Salta;66112;Metán;661120203;;56;21;-25,369012;-64,442199;430,0707475
660070601;1250;354;59;31;142;122;896;287;417;139;53;607;179;35;17;67;60;428;127;213;68;20;643;175;24;14;75;62;468;160;204;71;33;10;632;58;560;78;4;78;213;91;130;766;446;320;310;114;22;31;137;105;121;18;102;101;173;287;66;Salta;66007;Anta;660070601;;1250;369;-25,29386;-63,93376;294,4300982
660980102;51;6;1;1;3;1;45;5;15;12;13;20;1;0;0;1;0;19;1;7;5;6;31;5;1;1;2;1;26;4;8;7;7;0;30;0;21;12;1;12;2;15;5;40;19;21;13;1;5;1;3;1;1;0;2;0;1;4;66;Salta;66098;La Viña;660980102;;51;27;-25,299158;-65,609405;195,9106019
660070604;1188;390;75;42;174;99;798;249;390;108;51;618;214;40;20;108;46;404;134;187;56;27;570;176;35;22;66;53;394;115;203;52;24;4;591;47;550;66;9;67;177;78;166;632;319;313;242;63;14;38;170;78;97;13;106;70;145;234;66;Salta;66007;Anta;660070604;;1188;322;-25,240409;-64,040944;0,678683011
660070605;655;165;37;13;72;43;490;115;212;105;58;312;81;15;4;38;24;231;51;95;52;33;343;84;22;9;34;19;259;64;117;53;25;2;350;67;238;77;11;80;126;91;149;341;160;181;120;36;4;12;68;38;42;8;47;38;70;115;66;Salta;66007;Anta;660070605;;655;207;-25,245275;-64,037537;0,276882437
660070704;45;5;0;0;2;3;40;13;20;7;0;10;2;0;0;1;1;8;3;4;1;0;35;3;0;0;1;2;32;10;16;6;0;0;24;0;21;0;0;0;4;1;20;20;6;14;5;0;1;0;2;1;3;2;11;3;10;11;66;Salta;66007;Anta;660070704;;45;19;-25,398923;-63,354089;751,5500078
661120210;726;213;43;24;83;63;513;165;219;86;43;336;102;25;14;40;23;234;70;107;37;20;390;111;18;10;43;40;279;95;112;49;23;5;340;34;352;64;8;65;80;73;117;396;147;249;129;16;2;17;78;48;63;18;81;49;99;158;66;Salta;66112;Metán;661120210;;726;224;-25,253544;-64,396653;0,893810069
661190104;253;74;12;6;38;18;179;46;81;21;31;124;42;7;4;20;11;82;19;38;8;17;129;32;5;2;18;7;97;27;43;13;14;2;84;3;166;33;1;33;19;40;27;152;79;73;60;16;3;4;37;15;18;3;11;18;28;52;66;Salta;66119;Molinos;661190104;;253;76;-25,318981;-66,128594;220,6193525
661120201;211;31;5;4;14;8;180;71;61;34;14;54;10;2;0;7;1;44;12;15;10;7;157;21;3;4;7;7;136;59;46;24;7;1;132;2;77;18;4;20;13;27;14;166;68;98;53;10;5;4;13;7;8;4;42;10;39;59;66;Salta;66112;Metán;661120201;;211;89;-25,416286;-64,690651;271,8001315
661120207;12;0;0;0;0;0;12;5;5;2;0;0;0;0;0;0;0;0;0;0;0;0;12;0;0;0;0;0;12;5;5;2;0;0;12;0;0;0;0;0;0;0;1;11;0;11;0;0;0;0;0;0;0;0;5;0;4;4;66;Salta;66112;Metán;661120207;;12;5;-25,385763;-64,29374;442,9052557
661120206;210;46;8;7;19;12;164;46;62;28;28;97;22;5;3;11;3;75;22;28;13;12;113;24;3;4;8;9;89;24;34;15;16;2;83;5;122;31;1;31;46;36;47;117;48;69;38;10;0;7;19;9;12;4;18;12;26;44;66;Salta;66112;Metán;661120206;;210;69;-25,33447;-64,136263;276,2347957
660980104;43;6;0;1;4;1;37;5;16;13;3;10;1;0;0;1;0;9;0;5;4;0;33;5;0;1;3;1;28;5;11;9;3;0;28;1;14;4;0;4;3;5;9;28;14;14;9;5;0;1;4;1;1;1;2;2;2;3;66;Salta;66098;La Viña;660980104;;43;17;-25,348396;-65,267826;266,9871653
660980108;1007;319;66;40;130;83;688;212;300;119;57;490;154;36;16;59;43;336;101;144;61;30;517;165;30;24;71;40;352;111;156;58;27;9;382;84;541;75;12;80;59;94;96;592;321;271;243;54;24;39;127;78;83;18;89;74;127;202;66;Salta;66098;La Viña;660980108;;1007;286;-25,276376;-65,475981;0,730274139
660980109;682;190;32;23;80;55;492;116;207;102;67;344;96;15;11;38;32;248;54;107;52;35;338;94;17;12;42;23;244;62;100;50;32;4;327;47;308;86;8;89;63;101;70;422;237;185;170;52;15;21;78;44;52;6;38;44;70;122;66;Salta;66098;La Viña;660980109;;682;228;-25,279764;-65,464077;3,596627526
661120211;259;87;12;14;33;28;172;42;81;24;25;134;50;5;8;21;16;84;19;44;10;11;125;37;7;6;12;12;88;23;37;14;14;5;85;26;148;27;1;27;34;33;37;135;55;80;48;5;2;14;29;26;28;7;14;22;30;54;66;Salta;66112;Metán;661120211;;259;74;-25,264945;-64,076805;0,969251783
660980105;777;300;42;26;134;98;477;168;256;38;15;406;146;23;9;67;47;260;88;146;19;7;371;154;19;17;67;51;217;80;110;19;8;6;399;28;350;20;3;20;55;22;39;438;264;174;214;41;9;26;129;89;96;20;65;88;126;200;66;Salta;66098;La Viña;660980105;;777;214;-25,277108;-65,489083;0,29845463
660980106;875;335;47;40;141;107;540;192;259;68;21;465;165;19;18;73;55;300;116;143;31;10;410;170;28;22;68;52;240;76;116;37;11;13;319;49;507;32;1;33;48;40;58;482;240;242;202;32;6;39;139;95;104;20;77;95;146;231;66;Salta;66098;La Viña;660980106;;875;227;-25,276078;-65,485407;0,162982827
660980107;1037;268;51;40;95;82;769;216;299;165;89;568;144;23;22;52;47;424;121;167;81;55;469;124;28;18;43;35;345;95;132;84;34;10;533;36;468;130;27;131;68;143;88;681;367;314;283;64;20;36;94;75;80;19;73;78;117;215;66;Salta;66098;La Viña;660980107;;1037;308;-25,281263;-65,480979;0,533811181
661190107;453;191;36;19;73;63;262;81;133;38;10;229;92;19;9;37;27;137;39;74;17;7;224;99;17;10;36;36;125;42;59;21;3;19;163;17;273;17;0;17;39;23;29;233;110;123;84;23;3;19;73;58;63;8;32;55;74;102;66;Salta;66119;Molinos;661190107;;453;112;-25,281954;-66,447736;0,404873356
660980110;764;197;33;24;87;53;567;157;222;95;93;402;100;16;12;44;28;302;83;116;48;55;362;97;17;12;43;25;265;74;106;47;38;8;448;34;282;114;17;119;46;123;81;486;291;195;205;62;24;22;87;49;53;12;44;50;69;141;66;Salta;66098;La Viña;660980110;;764;238;-25,292927;-65,470272;3,070709991
660630101;6;0;0;0;0;0;6;0;1;4;1;0;0;0;0;0;0;0;0;0;0;0;6;0;0;0;0;0;6;0;1;4;1;0;1;0;5;1;0;1;1;1;2;4;2;2;2;0;0;0;0;0;0;0;0;0;0;0;66;Salta;66063;Guachipas;660630101;;6;5;-25,380752;-65,391349;185,9401853
661190201;556;204;28;27;81;68;352;100;162;56;34;288;102;17;12;39;34;186;54;81;31;20;268;102;11;15;42;34;166;46;81;25;14;2;173;29;354;44;2;44;51;54;56;296;85;211;71;12;2;25;78;58;67;8;49;55;81;122;66;Salta;66119;Molinos;661190201;;556;146;-25,410979;-66,394748;317,5240869
660980201;38;3;0;1;0;2;35;5;8;15;7;17;1;0;1;0;0;16;1;5;6;4;21;2;0;0;0;2;19;4;3;9;3;0;24;0;14;9;1;9;6;10;15;20;6;14;4;1;1;1;0;2;2;2;4;3;4;5;66;Salta;66098;La Viña;660980201;;38;16;-25,373111;-65,639094;194,171709
661120103;16;4;0;1;3;0;12;4;5;2;1;7;3;0;1;2;0;4;1;3;0;0;9;1;0;0;1;0;8;3;2;2;1;0;6;0;10;1;0;1;4;2;2;10;5;5;5;0;0;1;3;0;0;1;3;0;2;2;66;Salta;66112;Metán;661120103;;16;6;-25,361131;-64,87849;96,84152578
661120109;900;270;49;37;111;73;630;201;281;107;41;455;131;23;16;58;34;324;102;142;60;20;445;139;26;21;53;39;306;99;139;47;21;12;487;29;384;68;8;69;59;76;99;531;310;221;254;44;12;36;109;66;73;17;66;61;91;179;66;Salta;66112;Metán;661120109;;900;270;-25,312571;-64,911524;0,295409791
661120110;907;339;56;34;144;105;568;176;290;71;31;435;149;23;19;64;43;286;90;138;40;18;472;190;33;15;80;62;282;86;152;31;13;15;369;81;457;38;7;39;63;49;124;444;230;214;194;31;5;30;141;102;105;15;75;86;127;199;66;Salta;66112;Metán;661120110;;907;262;-25,315617;-64,910255;0,376453136
660980204;14;4;0;0;4;0;10;1;5;1;3;2;1;0;0;1;0;1;0;1;0;0;12;3;0;0;3;0;9;1;4;1;3;0;7;1;6;3;0;3;1;4;4;6;3;3;1;0;2;0;4;0;0;0;0;0;0;0;66;Salta;66098;La Viña;660980204;;14;8;-25,46142;-65,710775;297,4721471
661190106;404;141;24;16;69;32;263;74;121;40;28;208;71;14;4;36;17;137;38;58;24;17;196;70;10;12;33;15;126;36;63;16;11;8;213;12;179;31;2;31;16;37;21;242;147;95;94;39;14;16;68;31;31;10;22;31;38;69;66;Salta;66119;Molinos;661190106;;404;119;-25,327668;-66,253449;0,530508978
661190105;374;112;21;13;51;27;262;70;121;39;32;180;54;8;8;23;15;126;32;59;17;18;194;58;13;5;28;12;136;38;62;22;14;6;225;6;143;38;3;38;22;42;14;248;139;109;86;41;12;13;51;25;27;9;26;31;43;68;66;Salta;66119;Molinos;661190105;;374;109;-25,330309;-66,242982;0,185500533
660980202;65;18;1;1;12;4;47;10;21;10;6;35;12;1;1;7;3;23;7;11;4;1;30;6;0;0;5;1;24;3;10;6;5;0;51;0;14;5;1;5;4;8;7;40;16;24;8;3;5;1;12;4;4;0;1;4;5;10;66;Salta;66098;La Viña;660980202;;65;20;-25,370432;-65,491514;55,59776039
661190202;218;63;11;10;24;18;155;57;54;28;16;110;36;6;8;8;14;74;26;29;11;8;108;27;5;2;16;4;81;31;25;17;8;3;45;5;168;18;2;19;17;24;28;127;37;90;33;3;1;10;24;12;17;4;29;13;35;55;66;Salta;66119;Molinos;661190202;;218;61;-25,409486;-66,155003;302,9745436
660070607;777;208;41;20;79;68;569;163;254;90;62;397;102;23;8;36;35;295;80;131;52;32;380;106;18;12;43;33;274;83;123;38;30;4;350;31;396;84;15;85;107;93;90;479;271;208;186;61;24;19;78;62;68;16;53;59;91;155;66;Salta;66007;Anta;660070607;;777;237;-25,33025;-64,017648;0,219013717
660070606;1039;309;63;25;126;95;730;203;320;130;77;537;158;29;14;67;48;379;104;159;71;45;502;151;34;11;59;47;351;99;161;59;32;17;484;42;513;100;17;102;200;119;146;584;329;255;228;79;22;20;113;78;93;31;84;91;136;212;66;Salta;66007;Anta;660070606;;1039;309;-25,333672;-64,023284;0,685539937
660070608;757;283;58;28;103;94;474;186;234;40;14;398;143;30;18;47;48;255;95;131;24;5;359;140;28;10;56;46;219;91;103;16;9;6;282;19;456;25;0;25;157;28;92;382;179;203;139;33;7;26;101;77;94;20;94;86;149;213;66;Salta;66007;Anta;660070608;;757;201;-25,332156;-64,01182;0,490349968
660070613;701;289;62;22;119;86;412;139;188;61;24;359;143;33;13;60;37;216;74;94;36;12;342;146;29;9;59;49;196;65;94;25;12;3;160;11;530;39;1;40;178;47;142;270;90;180;83;7;0;20;115;73;85;22;94;69;130;160;66;Salta;66007;Anta;660070613;;701;182;-25,332235;-64,033063;0,136029863
660070612;1012;483;83;55;211;134;529;216;264;34;15;511;237;45;18;113;61;274;116;139;13;6;501;246;38;37;98;73;255;100;125;21;9;13;189;16;807;11;0;11;243;21;129;400;130;270;113;15;2;51;201;115;134;26;130;112;186;241;66;Salta;66007;Anta;660070612;;1012;258;-25,333412;-64,031879;0,181665712
660070609;1027;312;70;39;119;84;715;250;346;74;45;521;151;29;16;60;46;370;134;178;34;24;506;161;41;23;59;38;345;116;168;40;21;4;429;45;553;54;2;55;198;64;135;580;322;258;243;68;11;35;113;73;83;15;90;76;132;256;66;Salta;66007;Anta;660070609;;1027;272;-25,336098;-64,01508;0,276614796
660070610;1063;294;68;26;116;84;769;201;355;152;61;526;142;31;12;64;35;384;101;179;77;27;537;152;37;14;52;49;385;100;176;75;34;7;556;47;460;83;12;86;140;105;107;662;391;271;249;113;29;25;115;77;83;23;80;87;130;214;66;Salta;66007;Anta;660070610;;1063;315;-25,341037;-64,018881;0,808847783
660070602;123;40;9;6;18;7;83;12;33;21;17;58;22;6;1;13;2;36;5;12;10;9;65;18;3;5;5;5;47;7;21;11;8;2;79;7;37;20;0;20;12;23;36;47;17;30;11;4;2;6;18;5;7;2;10;6;11;12;66;Salta;66007;Anta;660070602;;123;41;-25,383437;-63,918189;147,8325529
660070611;1364;446;84;53;173;136;918;311;380;156;71;647;210;37;24;85;64;437;152;177;72;36;717;236;47;29;88;72;481;159;203;84;35;14;451;23;890;92;1;92;261;109;252;666;299;367;232;55;12;52;168;109;135;49;172;129;236;317;66;Salta;66007;Anta;660070611;;1364;374;-25,341749;-64,023578;0,314199914
661540103;183;56;8;6;25;17;127;36;52;24;15;93;34;6;3;14;11;59;14;27;9;9;90;22;2;3;11;6;68;22;25;15;6;1;49;46;88;22;0;22;16;25;36;91;28;63;18;8;2;6;23;14;16;4;25;16;31;41;66;Salta;66154;San Carlos;661540103;;183;51;-25,557833;-66,044937;417,4523076
661120104;137;42;13;5;12;12;95;21;33;29;12;68;21;2;5;7;7;47;14;17;14;2;69;21;11;0;5;5;48;7;16;15;10;2;66;2;69;19;0;19;5;20;15;80;40;40;30;7;3;3;12;11;11;2;7;13;15;28;66;Salta;66112;Metán;661120104;;137;45;-25,448191;-64,867873;221,8620979
660070603;187;59;11;8;28;12;128;43;42;31;12;91;34;6;5;15;8;57;26;18;7;6;96;25;5;3;13;4;71;17;24;24;6;1;64;12;111;15;0;15;34;22;48;80;29;51;25;4;0;6;27;7;12;7;24;12;29;42;66;Salta;66007;Anta;660070603;;187;60;-25,444175;-63,937148;175,3585987
661120202;13;0;0;0;0;0;13;1;5;5;2;2;0;0;0;0;0;2;1;1;0;0;11;0;0;0;0;0;11;0;4;5;2;0;4;2;7;4;0;4;3;6;5;8;3;5;3;0;0;0;0;0;0;0;1;0;1;1;66;Salta;66112;Metán;661120202;;13;10;-25,506581;-64,563162;523,1973405
661120212;719;282;64;38;115;65;437;174;203;39;21;346;139;34;19;52;34;207;85;99;13;10;373;143;30;19;63;31;230;89;104;26;11;13;246;10;463;21;1;22;100;27;97;340;96;244;85;8;3;36;106;42;64;24;125;50;146;179;66;Salta;66112;Metán;661120212;;719;194;-25,37291;-64,649756;0,328747788
660070705;255;86;10;15;38;23;169;65;73;27;4;125;38;3;9;17;9;87;33;41;11;2;130;48;7;6;21;14;82;32;32;16;2;1;75;45;135;11;0;11;37;13;31;138;70;68;57;11;2;13;36;18;23;2;25;18;41;67;66;Salta;66007;Anta;660070705;;255;84;-25,443641;-63,575661;288,4999083
661120213;1186;285;52;30;114;89;901;241;384;174;102;603;138;20;14;55;49;465;113;193;102;57;583;147;32;16;59;40;436;128;191;72;45;12;712;36;438;128;20;131;89;152;106;795;459;336;328;98;33;28;105;86;87;21;101;91;139;235;66;Salta;66112;Metán;661120213;;1186;338;-25,379709;-64,657547;0,444876581
661120216;960;228;41;31;90;66;732;208;322;140;62;457;127;26;18;42;41;330;86;147;62;35;503;101;15;13;48;25;402;122;175;78;27;5;560;18;382;86;16;87;68;99;95;637;385;252;276;75;34;30;86;62;65;23;88;71;123;201;66;Salta;66112;Metán;661120216;;960;280;-25,379315;-64,652268;0,262898046
661120217;738;161;48;23;52;38;577;157;229;118;73;366;81;26;10;25;20;285;78;101;64;42;372;80;22;13;27;18;292;79;128;54;31;6;451;10;277;95;28;98;40;109;75;502;335;167;231;80;24;23;51;35;36;12;45;39;55;116;66;Salta;66112;Metán;661120217;;738;224;-25,37986;-64,648575;0,251158172
661120218;1033;338;70;54;134;80;695;216;343;93;43;514;162;39;25;59;39;352;113;165;49;25;519;176;31;29;75;41;343;103;178;44;18;10;490;14;529;64;11;64;58;76;102;593;308;285;229;59;20;51;129;72;80;21;91;77;128;198;66;Salta;66112;Metán;661120218;;1033;272;-25,380277;-64,642356;0,551100052
661120214;1117;315;54;36;129;96;802;273;357;130;42;566;158;32;20;62;44;408;137;191;61;19;551;157;22;16;67;52;394;136;166;69;23;21;566;28;523;60;9;63;92;77;101;701;354;347;286;54;14;32;123;81;95;38;124;96;163;261;66;Salta;66112;Metán;661120214;;1117;291;-25,385266;-64,659263;0,412442704
661120215;1316;349;73;44;134;98;967;300;407;167;93;656;171;40;21;67;43;485;149;211;77;48;660;178;33;23;67;55;482;151;196;90;45;17;746;92;478;124;19;131;88;148;105;862;478;384;340;80;58;41;122;84;96;28;120;94;179;293;66;Salta;66112;Metán;661120215;;1316;353;-25,385593;-64,653079;0,417033105
660980203;343;94;19;13;36;26;249;75;112;33;29;159;48;8;6;18;16;111;31;55;13;12;184;46;11;7;18;10;138;44;57;20;17;3;163;11;169;29;3;29;26;39;54;195;92;103;72;10;10;13;35;25;26;5;42;23;49;72;66;Salta;66098;La Viña;660980203;;343;104;-25,439355;-65,530725;84,50266436
661120102;81;24;8;1;9;6;57;23;20;10;4;45;15;6;0;5;4;30;12;11;4;3;36;9;2;1;4;2;27;11;9;6;1;0;19;0;62;3;1;3;4;6;12;45;23;22;14;4;5;1;9;5;6;3;13;7;16;22;66;Salta;66112;Metán;661120102;;81;25;-25,441599;-65,06984;144,5777405
661120208;1124;327;80;49;116;82;797;265;330;125;77;512;166;35;24;65;42;346;123;142;51;30;612;161;45;25;51;40;451;142;188;74;47;6;280;51;793;101;2;101;208;119;255;542;174;368;140;24;10;42;103;52;81;13;169;53;189;260;66;Salta;66112;Metán;661120208;;1124;344;-25,49043;-64,098048;376,5371685
660630107;407;122;21;21;43;37;285;74;132;52;27;211;69;13;13;21;22;142;45;68;23;6;196;53;8;8;22;15;143;29;64;29;21;4;148;24;235;34;5;35;30;42;61;224;89;135;81;7;1;19;43;36;37;11;35;39;54;85;66;Salta;66063;Guachipas;660630107;;407;138;-25,529362;-65,460795;217,4668215
660630102;33;12;5;1;4;2;21;3;14;2;2;15;7;1;1;3;2;8;2;6;0;0;18;5;4;0;1;0;13;1;8;2;2;1;21;0;12;1;0;1;0;3;9;12;7;5;4;0;3;1;4;2;2;0;0;2;2;5;66;Salta;66063;Guachipas;660630102;;33;11;-25,501816;-65,297563;329,9120625
661190203;249;75;11;2;37;25;174;52;66;27;29;122;33;6;1;15;11;89;31;33;12;13;127;42;5;1;22;14;85;21;33;15;16;1;99;5;145;29;0;29;26;36;32;142;40;102;33;6;1;2;37;24;24;9;28;27;37;53;66;Salta;66119;Molinos;661190203;;249;67;-25,513646;-66,40083;282,0763308
661190205;442;105;9;17;40;39;337;84;166;49;38;214;49;4;5;18;22;165;35;88;22;20;228;56;5;12;22;17;172;49;78;27;18;2;242;18;182;42;4;42;22;52;38;299;172;127;107;47;18;16;40;38;39;8;19;38;44;89;66;Salta;66119;Molinos;661190205;;442;127;-25,437491;-66,295765;0,221062411
661190206;820;272;33;25;125;89;548;171;286;69;22;423;141;16;15;61;49;282;84;145;37;16;397;131;17;10;64;40;266;87;141;32;6;5;391;26;403;34;4;34;58;37;48;500;268;232;186;71;11;24;122;85;89;28;78;91;124;191;66;Salta;66119;Molinos;661190206;;820;215;-25,440418;-66,294;0,283821143
661540101;144;41;6;6;19;10;103;34;41;17;11;74;21;6;4;9;2;53;21;18;7;7;70;20;0;2;10;8;50;13;23;10;4;1;77;48;19;13;1;13;14;13;19;84;25;59;24;1;0;6;18;8;10;0;15;6;15;28;66;Salta;66154;San Carlos;661540101;;144;41;-25,522738;-66,202128;208,4606867
661540102;305;95;17;13;33;32;210;68;77;41;24;148;44;12;4;15;13;104;30;41;21;12;157;51;5;9;18;19;106;38;36;20;12;6;106;116;83;33;1;34;25;34;68;142;56;86;46;8;2;11;29;30;31;12;32;37;50;75;66;Salta;66154;San Carlos;661540102;;305;83;-25,643283;-66,231256;379,6420897
660980208;381;107;20;11;51;25;274;71;127;39;37;189;50;4;2;32;12;139;37;61;19;22;192;57;16;9;19;13;135;34;66;20;15;3;194;26;161;43;15;47;25;51;36;238;150;88;120;25;5;11;50;24;25;9;19;20;26;62;66;Salta;66098;La Viña;660980208;;381;119;-25,465926;-65,564223;0,325079558
660980207;531;188;26;21;72;69;343;118;157;47;21;270;90;14;9;34;33;180;57;82;28;13;261;98;12;12;38;36;163;61;75;19;8;7;252;36;243;27;6;27;30;34;35;308;181;127;145;31;5;21;70;68;68;8;32;62;77;140;66;Salta;66098;La Viña;660980207;;531;132;-25,464282;-65,569134;0,229034623
660980210;582;143;28;13;60;42;439;147;168;69;55;290;65;10;4;28;23;225;76;89;27;33;292;78;18;9;32;19;214;71;79;42;22;3;365;24;193;65;10;68;42;76;42;397;247;150;183;52;12;13;59;40;40;6;30;33;54;130;66;Salta;66098;La Viña;660980210;;582;168;-25,468719;-65,569323;0,215512967
660980209;601;149;24;23;70;32;452;125;192;81;54;323;80;17;11;34;18;243;64;104;47;28;278;69;7;12;36;14;209;61;88;34;26;10;341;24;236;65;17;67;31;70;47;405;250;155;178;58;14;23;70;32;32;8;31;32;40;103;66;Salta;66098;La Viña;660980209;;601;161;-25,469681;-65,56409;0,179149826
660980205;265;93;16;8;41;28;172;45;80;31;16;132;47;8;5;18;16;85;26;37;16;6;133;46;8;3;23;12;87;19;43;15;10;3;100;10;155;19;3;20;20;29;20;152;81;71;63;14;4;8;40;25;28;3;16;21;32;54;66;Salta;66098;La Viña;660980205;;265;91;-25,568672;-65,639117;249,1736424
661120106;708;241;42;24;112;63;467;136;207;87;37;333;122;25;12;57;28;211;60;99;38;14;375;119;17;12;55;35;256;76;108;49;23;9;322;22;364;48;9;51;47;62;75;392;162;230;132;15;15;24;111;57;63;12;71;59;101;137;66;Salta;66112;Metán;661120106;;708;203;-25,568854;-65,053355;391,5957587
660070711;393;129;22;17;49;41;264;76;127;44;17;207;67;8;7;30;22;140;46;69;19;6;186;62;14;10;19;19;124;30;58;25;11;5;177;20;196;23;2;23;62;28;74;190;92;98;69;20;3;15;47;38;40;9;42;41;66;92;66;Salta;66007;Anta;660070711;;393;116;-25,459422;-63,784529;1,120498573
660070712;459;154;29;19;57;49;305;114;116;49;26;227;79;15;9;29;26;148;52;58;23;15;232;75;14;10;28;23;157;62;58;26;11;4;145;26;288;32;3;33;61;37;86;219;99;120;91;5;3;16;56;44;48;3;52;43;75;122;66;Salta;66007;Anta;660070712;;459;127;-25,457646;-63,779646;0,213612099
660070713;554;204;46;25;86;47;350;107;148;66;29;292;112;24;16;49;23;180;55;76;33;16;262;92;22;9;37;24;170;52;72;33;13;10;198;21;335;34;2;35;74;42;126;224;102;122;80;18;4;24;81;34;47;7;56;33;68;106;66;Salta;66007;Anta;660070713;;554;150;-25,461328;-63,774417;0,694208712
661120301;1160;475;107;52;208;108;685;254;328;67;36;603;238;54;20;111;53;365;137;176;36;16;557;237;53;32;97;55;320;117;152;31;20;26;254;77;829;41;4;42;96;57;132;553;235;318;199;16;20;47;192;90;107;45;152;110;201;273;66;Salta;66112;Metán;661120301;;1160;324;-25,486261;-64,982146;0,781029679
661120302;1234;338;56;33;150;99;896;227;417;165;87;648;179;27;19;78;55;469;111;225;85;48;586;159;29;14;72;44;427;116;192;80;39;17;532;68;634;108;24;115;89;135;149;747;400;347;300;77;23;31;138;76;97;19;91;80;143;233;66;Salta;66112;Metán;661120302;;1234;345;-25,482072;-64,975461;0,32745873
661120305;1616;512;87;62;218;145;1104;314;537;156;97;835;255;48;28;104;75;580;161;284;78;57;781;257;39;34;114;70;524;153;253;78;40;27;908;55;653;132;30;135;90;144;76;1028;639;389;473;108;58;59;212;135;144;32;108;143;199;327;66;Salta;66112;Metán;661120305;;1616;436;-25,482959;-64,972068;0,32969329
660070707;13;0;0;0;0;0;13;4;5;2;2;4;0;0;0;0;0;4;1;1;0;2;9;0;0;0;0;0;9;3;4;2;0;0;4;2;7;2;0;2;2;2;3;10;4;6;3;0;1;0;0;0;0;0;2;0;1;2;66;Salta;66007;Anta;660070707;;13;6;-25,569145;-63,73214;203,5740275
661120306;999;278;44;40;129;65;721;193;317;135;76;537;132;19;17;69;27;405;109;171;83;42;462;146;25;23;60;38;316;84;146;52;34;20;528;53;418;89;23;97;67;110;83;638;432;206;296;66;70;38;120;59;64;24;61;66;93;171;66;Salta;66112;Metán;661120306;;999;289;-25,487129;-64,969508;0,355636223
660630103;12;1;1;0;0;0;11;3;6;2;0;6;1;1;0;0;0;5;3;2;0;0;6;0;0;0;0;0;6;0;4;2;0;0;8;0;4;0;0;0;0;0;0;11;2;9;2;0;0;0;0;0;0;0;2;0;1;1;66;Salta;66063;Guachipas;660630103;;12;7;-25,584822;-65,240235;231,8758593
661120308;1569;584;129;73;247;135;985;340;445;112;88;787;280;66;33;123;58;507;174;234;54;45;782;304;63;40;124;77;478;166;211;58;43;38;419;77;1073;94;16;95;131;116;246;739;319;420;261;35;23;62;223;111;135;45;213;138;285;361;66;Salta;66112;Metán;661120308;;1569;413;-25,489051;-64,963726;0,501809418
661120316;1101;317;66;36;116;99;784;206;330;142;106;572;155;28;23;57;47;417;112;173;66;66;529;162;38;13;59;52;367;94;157;76;40;25;563;36;502;113;22;117;74;139;97;687;448;239;312;84;52;34;105;84;98;17;68;91;139;228;66;Salta;66112;Metán;661120316;;1101;318;-25,492179;-64,98118;0,463658333
661120307;943;261;59;34;106;62;682;222;262;121;77;482;126;30;12;57;27;356;109;141;64;42;461;135;29;22;49;35;326;113;121;57;35;19;426;32;485;95;17;96;63;108;90;592;375;217;272;55;48;34;100;55;61;17;89;61;119;211;66;Salta;66112;Metán;661120307;;943;262;-25,489541;-64,967248;0,20818981
661120303;814;205;43;26;90;46;609;167;270;125;47;432;99;21;13;45;20;333;81;154;69;29;382;106;22;13;45;26;276;86;116;56;18;15;495;18;301;72;9;74;44;86;68;541;379;162;259;74;46;24;88;43;45;11;41;39;60;140;66;Salta;66112;Metán;661120303;;814;232;-25,488601;-64,976721;0,183886279
660070708;183;69;16;10;27;16;114;38;45;18;13;87;35;11;5;14;5;52;22;18;7;5;96;34;5;5;13;11;62;16;27;11;8;1;64;7;112;20;2;21;36;24;42;72;21;51;19;1;1;9;22;13;16;0;22;9;26;38;66;Salta;66007;Anta;660070708;;183;51;-25,516714;-63,882601;137,5076041
661120304;1217;381;55;53;160;113;836;260;393;137;46;638;193;31;27;78;57;445;130;219;67;29;579;188;24;26;82;56;391;130;174;70;17;19;614;23;580;59;7;61;72;74;90;746;480;266;349;79;52;52;149;97;109;20;87;93;141;255;66;Salta;66112;Metán;661120304;;1217;290;-25,489076;-64,973426;0,175615262
661120314;1148;331;73;39;133;86;817;221;373;163;60;609;166;36;16;70;44;443;114;204;87;38;539;165;37;23;63;42;374;107;169;76;22;34;564;46;538;87;16;89;93;104;80;737;471;266;318;82;71;37;122;74;84;22;81;84;123;208;66;Salta;66112;Metán;661120314;;1148;309;-25,492759;-64,977584;0,154501222
661120313;1024;246;67;31;106;42;778;195;289;190;104;554;128;37;16;50;25;426;102;157;105;62;470;118;30;15;56;17;352;93;132;85;42;24;603;40;381;128;18;129;80;135;79;699;501;198;323;113;65;29;98;35;40;16;49;39;67;158;66;Salta;66112;Metán;661120313;;1024;270;-25,493139;-64,974474;0,120127467
661120312;984;249;63;27;90;69;735;193;296;150;96;533;129;30;19;44;36;404;101;162;83;58;451;120;33;8;46;33;331;92;134;67;38;25;599;34;351;123;31;128;68;147;58;677;528;149;307;98;123;27;77;62;68;24;60;70;98;181;66;Salta;66112;Metán;661120312;;984;289;-25,495626;-64,971779;0,251943676
661120311;710;178;36;21;69;52;532;125;237;105;65;359;73;14;10;32;17;286;65;121;59;41;351;105;22;11;37;35;246;60;116;46;24;9;419;16;275;87;29;88;32;98;29;503;375;128;247;80;48;20;69;52;52;7;28;49;60;116;66;Salta;66112;Metán;661120311;;710;222;-25,495145;-64,968735;0,149917538
661120310;820;215;45;24;91;55;605;145;282;124;54;409;87;17;8;38;24;322;73;143;74;32;411;128;28;16;53;31;283;72;139;50;22;12;405;20;395;75;11;76;48;90;64;541;356;185;256;68;32;23;89;51;54;16;59;54;83;140;66;Salta;66112;Metán;661120310;;820;242;-25,496315;-64,966463;0,150315458
661120309;847;289;58;24;137;70;558;195;286;55;22;409;143;28;12;67;36;266;76;154;22;14;438;146;30;12;70;34;292;119;132;33;8;13;316;21;510;29;0;29;49;39;79;479;251;228;207;36;8;24;133;60;69;31;90;78;122;187;66;Salta;66112;Metán;661120309;;847;223;-25,4977;-64,956566;1,144249138
661120315;1191;345;57;51;157;80;846;228;354;154;110;642;173;31;30;73;39;469;125;190;81;73;549;172;26;21;84;41;377;103;164;73;37;17;617;43;531;133;43;138;85;167;99;747;518;229;359;93;66;46;142;71;79;13;65;60;98;206;66;Salta;66112;Metán;661120315;;1191;343;-25,496818;-64,977135;0,293666805
661120401;1009;305;61;37;125;82;704;191;347;110;56;509;143;29;18;64;32;366;96;182;55;33;500;162;32;19;61;50;338;95;165;55;23;16;563;13;433;72;19;74;60;88;80;624;402;222;284;89;29;36;120;76;81;16;66;86;115;193;66;Salta;66112;Metán;661120401;;1009;291;-25,499246;-64,985901;0,336795589
661120402;810;202;38;27;79;58;608;163;256;97;92;401;96;18;14;38;26;305;81;126;47;51;409;106;20;13;41;32;303;82;130;50;41;8;340;24;446;103;19;105;46;117;77;531;268;263;225;30;13;26;78;53;57;27;68;63;92;148;66;Salta;66112;Metán;661120402;;810;229;-25,502359;-64,982656;0,198812469
661120403;753;193;30;18;82;63;560;131;243;103;83;414;103;18;11;42;32;311;76;122;58;55;339;90;12;7;40;31;249;55;121;45;28;9;384;28;341;104;30;110;57;126;60;500;336;164;240;74;22;18;82;61;63;14;34;65;79;144;66;Salta;66112;Metán;661120403;;753;229;-25,50044;-64,979799;0,157803298
661120407;969;223;48;25;93;57;746;173;327;146;100;516;121;25;19;51;26;395;96;160;72;67;453;102;23;6;42;31;351;77;167;74;33;12;577;51;341;140;34;141;37;153;64;682;480;202;316;105;59;24;91;52;56;11;44;52;78;146;66;Salta;66112;Metán;661120407;;969;304;-25,499886;-64,967212;0,201737588
661120105;64;13;1;2;5;5;51;20;23;4;4;30;6;1;0;3;2;24;9;13;2;0;34;7;0;2;2;3;27;11;10;2;4;1;26;0;38;4;0;4;0;5;5;46;27;19;23;2;2;2;5;5;5;2;5;5;8;17;66;Salta;66112;Metán;661120105;;64;23;-25,536356;-64,834572;141,802724
661120405;772;191;34;19;86;52;581;118;257;137;69;420;93;13;14;39;27;327;66;144;74;43;352;98;21;5;47;25;254;52;113;63;26;13;526;14;232;98;26;100;25;111;34;547;465;82;273;94;98;19;85;50;51;4;15;41;48;110;66;Salta;66112;Metán;661120405;;772;281;-25,5018;-64,973408;0,297128148
661120404;639;151;26;16;59;50;488;113;195;106;74;347;80;15;9;32;24;267;60;101;56;50;292;71;11;7;27;26;221;53;94;50;24;4;400;17;222;93;19;100;32;105;25;463;317;146;195;88;34;16;58;46;48;7;29;46;61;112;66;Salta;66112;Metán;661120404;;639;199;-25,501893;-64,977376;0,178958739
661120408;1222;376;70;43;145;118;846;257;407;119;63;629;188;34;20;70;64;441;137;216;56;32;593;188;36;23;75;54;405;120;191;63;31;11;563;50;609;81;14;81;87;91;75;771;462;309;357;71;34;39;142;114;118;29;88;118;160;272;66;Salta;66112;Metán;661120408;;1222;347;-25,501673;-64,960218;0,229395703
660070706;53;9;2;4;3;0;44;11;17;11;5;17;3;1;1;1;0;14;3;7;1;3;36;6;1;3;2;0;30;8;10;10;2;0;24;1;28;6;0;6;9;8;12;32;5;27;4;1;0;3;3;0;0;0;7;0;6;7;66;Salta;66007;Anta;660070706;;53;23;-25,608022;-63,555196;562,4378959
661120406;1068;262;43;30;101;88;806;198;345;157;106;555;135;25;20;48;42;420;107;170;83;60;513;127;18;10;53;46;386;91;175;74;46;18;586;61;421;135;32;145;51;154;76;730;512;218;365;82;65;25;99;80;88;18;47;81;109;197;66;Salta;66112;Metán;661120406;;1068;387;-25,503603;-64,969486;0,272284593
661120112;859;300;61;33;120;86;559;217;246;68;28;449;142;35;13;55;39;307;116;143;35;13;410;158;26;20;65;47;252;101;103;33;15;20;320;23;516;29;3;31;75;39;74;485;243;242;203;36;4;33;117;84;86;32;97;101;127;214;66;Salta;66112;Metán;661120112;;859;223;-25,503214;-64,954154;0,143465976
661120410;912;215;41;26;89;59;697;209;294;98;96;468;109;17;10;50;32;359;97;150;61;51;444;106;24;16;39;27;338;112;144;37;45;10;477;21;414;118;29;120;64;129;77;620;357;263;291;52;14;24;85;45;56;19;75;54;98;187;66;Salta;66112;Metán;661120410;;912;232;-25,503194;-64,96547;0,088471697
661120409;911;236;44;31;105;56;675;166;276;145;88;462;119;27;11;56;25;343;74;133;84;52;449;117;17;20;49;31;332;92;143;61;36;15;472;15;424;114;30;119;45;134;90;585;353;232;267;66;20;31;105;52;55;14;66;53;85;141;66;Salta;66112;Metán;661120409;;911;262;-25,505444;-64,962562;0,209428466
661120416;847;236;43;29;101;63;611;176;257;110;68;425;114;20;16;55;23;311;79;136;59;37;422;122;23;13;46;40;300;97;121;51;31;15;387;68;392;88;16;90;64;98;79;532;314;218;249;48;17;29;98;50;62;24;68;64;101;168;66;Salta;66112;Metán;661120416;;847;238;-25,504976;-64,979169;0,135645722
661120107;63;10;6;0;2;2;53;9;16;13;15;18;1;1;0;0;0;17;0;7;4;6;45;9;5;0;2;2;36;9;9;9;9;1;36;1;26;18;1;19;4;20;28;25;9;16;9;0;0;0;2;1;2;5;6;5;5;7;66;Salta;66112;Metán;661120107;;63;21;-25,593476;-64,809344;251,0521668
661120411;798;195;26;19;81;69;603;146;277;99;81;418;96;12;8;39;37;322;69;146;58;49;380;99;14;11;42;32;281;77;131;41;32;7;388;23;387;95;16;100;61;116;104;499;286;213;210;63;13;16;74;60;69;12;60;59;102;164;66;Salta;66112;Metán;661120411;;798;231;-25,506372;-64,966466;0,124666395
661120415;910;224;33;25;104;62;686;182;280;133;91;482;122;17;15;56;34;360;83;156;71;50;428;102;16;10;48;28;326;99;124;62;41;8;491;46;373;129;21;131;48;141;61;625;393;232;278;76;39;23;103;59;62;13;60;59;89;172;66;Salta;66112;Metán;661120415;;910;287;-25,507831;-64,975092;0,209563289
661120412;998;294;47;35;126;86;704;191;345;123;45;534;154;23;22;62;47;380;101;182;68;29;464;140;24;13;64;39;324;90;163;55;16;12;517;32;449;71;12;74;49;88;55;649;390;259;279;81;30;35;122;81;84;27;63;84;106;187;66;Salta;66112;Metán;661120412;;998;263;-25,509211;-64,966661;0,183678735
661120417;827;266;46;27;117;76;561;185;248;94;34;402;125;19;10;65;31;277;90;123;51;13;425;141;27;17;52;45;284;95;125;43;21;8;319;33;475;49;5;49;49;56;75;486;247;239;191;40;16;25;114;74;76;30;86;88;119;175;66;Salta;66112;Metán;661120417;;827;229;-25,51763;-64,976298;1,495888384
661120414;644;170;34;22;77;37;474;125;224;79;46;311;67;9;10;30;18;244;65;115;37;27;333;103;25;12;47;19;230;60;109;42;19;15;369;19;256;58;8;60;28;70;40;434;308;126;211;51;46;21;76;37;37;13;31;42;54;112;66;Salta;66112;Metán;661120414;;644;201;-25,509788;-64,973074;0,194852019
661120413;1023;243;50;34;87;72;780;169;324;134;153;551;121;28;15;46;32;430;85;175;79;91;472;122;22;19;41;40;350;84;149;55;62;17;628;46;349;198;39;202;40;212;45;735;527;208;341;101;85;32;86;71;71;13;38;74;91;171;66;Salta;66112;Metán;661120413;;1023;338;-25,509719;-64,970707;0,214002989
661120113;569;174;30;12;69;63;395;142;201;38;14;288;83;13;7;35;28;205;65;110;22;8;281;91;17;5;34;35;190;77;91;16;6;9;333;5;231;23;5;24;27;28;15;380;249;131;189;44;16;11;68;61;63;22;55;75;104;168;66;Salta;66112;Metán;661120113;;569;140;-25,511638;-64,965851;0,195676639
660630110;1263;414;70;57;171;116;849;256;389;127;77;652;213;31;27;91;64;439;140;199;64;36;611;201;39;30;80;52;410;116;190;63;41;14;672;28;563;93;14;95;79;109;84;765;384;381;306;63;15;55;168;108;115;33;113;122;176;270;66;Salta;66063;Guachipas;660630110;;1263;363;-25,519621;-65,508362;0,483509912
661400202;5;3;0;0;3;0;2;0;2;0;0;4;3;0;0;3;0;1;0;1;0;0;1;0;0;0;0;0;1;0;1;0;0;0;0;0;5;0;0;0;0;0;0;2;2;0;2;0;0;0;3;0;0;0;0;0;0;0;66;Salta;66140;Rosario de la Frontera;661400202;;5;1;-25,668449;-64,44958;312,8102449
660630108;240;59;12;11;19;17;181;59;80;21;21;126;28;5;5;11;7;98;33;44;12;9;114;31;7;6;8;10;83;26;36;9;12;3;135;5;100;25;5;25;13;28;27;154;74;80;60;13;1;11;19;17;17;7;27;20;33;58;66;Salta;66063;Guachipas;660630108;;240;74;-25,612944;-65,546823;119,2339158
660630111;984;269;53;32;114;70;715;226;314;114;61;521;141;23;19;67;32;380;117;170;58;35;463;128;30;13;47;38;335;109;144;56;26;15;514;17;453;83;11;85;51;91;69;646;313;333;258;44;11;32;113;66;69;33;100;80;126;217;66;Salta;66063;Guachipas;660630111;;984;288;-25,524083;-65,508651;0,361665408
661400203;91;9;4;0;3;2;82;13;34;15;20;25;3;1;0;1;1;22;5;7;3;7;66;6;3;0;2;1;60;8;27;12;13;0;32;11;48;23;5;24;4;24;37;45;11;34;11;0;0;0;3;1;2;1;8;2;7;10;66;Salta;66140;Rosario de la Frontera;661400203;;91;48;-25,649329;-64,314952;482,3797711
661190204;437;156;24;10;66;56;281;88;109;44;40;221;74;14;4;30;26;147;41;58;26;22;216;82;10;6;36;30;134;47;51;18;18;6;165;9;263;43;1;43;61;50;76;205;54;151;53;1;0;7;63;47;56;6;44;49;83;114;66;Salta;66119;Molinos;661190204;;437;107;-25,78625;-66,568699;1792,088048
661120111;426;117;27;12;48;30;309;67;123;70;49;191;54;14;4;23;13;137;30;56;29;22;235;63;13;8;25;17;172;37;67;41;27;9;234;12;180;61;7;63;25;71;52;257;121;136;84;20;17;12;48;27;30;3;31;19;37;58;66;Salta;66112;Metán;661120111;;426;143;-25,539973;-64,973287;4,76695971
660980211;370;111;23;7;45;36;259;74;98;50;37;189;51;8;1;22;20;138;37;55;26;20;181;60;15;6;23;16;121;37;43;24;17;5;138;6;226;41;3;41;41;48;35;224;96;128;80;15;1;6;45;34;36;5;30;35;54;80;66;Salta;66098;La Viña;660980211;;370;114;-25,546199;-65,562381;3,428009559
661120209;176;43;7;5;16;15;133;47;55;23;8;75;17;1;1;7;8;58;21;23;11;3;101;26;6;4;9;7;75;26;32;12;5;1;68;3;105;12;0;12;51;14;37;96;31;65;24;6;1;5;11;6;14;6;29;6;28;43;66;Salta;66112;Metán;661120209;;176;50;-25,637083;-64,088048;418,7009934
660070709;473;149;31;13;53;52;324;98;133;53;40;231;73;13;5;28;27;158;50;64;22;22;242;76;18;8;25;25;166;48;69;31;18;6;151;27;295;48;5;49;135;56;86;238;74;164;67;3;4;9;52;44;52;10;51;43;73;103;66;Salta;66007;Anta;660070709;;473;152;-25,594016;-63,854741;157,7781134
660630106;18;0;0;0;0;0;18;2;5;7;4;7;0;0;0;0;0;7;0;1;4;2;11;0;0;0;0;0;11;2;4;3;2;0;9;1;8;4;1;5;0;5;4;14;6;8;5;1;0;0;0;0;0;0;1;0;0;0;66;Salta;66063;Guachipas;660630106;;18;8;-25,649434;-65,39873;91,362954
661400201;52;6;2;0;4;0;46;13;21;6;6;16;4;1;0;3;0;12;2;6;3;1;36;2;1;0;1;0;34;11;15;3;5;0;20;6;26;8;0;8;4;9;15;31;8;23;7;0;1;0;3;0;0;2;7;1;3;7;66;Salta;66140;Rosario de la Frontera;661400201;;52;32;-25,693149;-64,60916;293,0657645
661400105;371;167;39;18;73;37;204;95;79;20;10;192;93;25;13;36;19;99;52;38;6;3;179;74;14;5;37;18;105;43;41;14;7;4;72;30;269;9;1;9;24;13;49;155;39;116;37;2;0;18;72;32;37;9;73;32;71;83;66;Salta;66140;Rosario de la Frontera;661400105;;371;102;-25,746276;-65,054712;190,412024
660630109;66;16;3;4;6;3;50;17;18;12;3;31;7;1;1;3;2;24;5;10;7;2;35;9;2;3;3;1;26;12;8;5;1;1;16;4;46;6;0;6;4;7;10;40;19;21;14;3;2;2;4;3;3;3;9;5;9;12;66;Salta;66063;Guachipas;660630109;;66;21;-25,762931;-65,660877;170,8647742
661400101;101;30;2;4;12;12;71;18;25;16;12;41;10;1;0;3;6;31;5;13;7;6;60;20;1;4;9;6;40;13;12;9;6;1;44;9;48;13;1;13;12;17;27;44;14;30;12;0;2;4;10;9;12;3;7;10;15;24;66;Salta;66140;Rosario de la Frontera;661400101;;101;27;-25,684547;-65,027759;113,3483522
661400104;6;0;0;0;0;0;6;1;2;2;1;0;0;0;0;0;0;0;0;0;0;0;6;0;0;0;0;0;6;1;2;2;1;0;3;1;2;1;0;1;1;1;3;3;1;2;1;0;0;0;0;0;0;0;0;0;0;1;66;Salta;66140;Rosario de la Frontera;661400104;;6;3;-25,704525;-64,72964;93,5833589
660630104;55;2;0;0;2;0;53;5;17;19;12;12;0;0;0;0;0;12;0;4;6;2;43;2;0;0;2;0;41;5;13;13;10;0;24;0;31;15;0;15;2;18;8;45;0;45;0;0;0;0;2;0;0;0;5;0;4;4;66;Salta;66063;Guachipas;660630104;;55;27;-25,673587;-65,260956;99,81773939
661400103;173;44;9;2;19;14;129;32;47;29;21;71;19;4;1;7;7;52;13;21;10;8;102;25;5;1;12;7;77;19;26;19;13;4;62;22;89;26;0;26;17;30;35;94;28;66;27;1;0;1;18;11;14;4;17;13;21;30;66;Salta;66140;Rosario de la Frontera;661400103;;173;51;-25,684703;-64,796388;97,61706767
660070710;202;72;17;7;33;15;130;34;52;35;9;88;38;10;3;16;9;50;14;18;15;3;114;34;7;4;17;6;80;20;34;20;6;3;43;17;142;17;1;17;60;22;40;90;31;59;24;4;3;1;29;14;15;4;22;13;24;32;66;Salta;66007;Anta;660070710;;202;57;-25,657929;-63,864149;106,0525307
660980206;15;0;0;0;0;0;15;4;3;4;4;4;0;0;0;0;0;4;0;1;0;3;11;0;0;0;0;0;11;4;2;4;1;0;5;1;9;4;0;4;2;5;3;12;6;6;4;2;0;0;0;0;0;0;2;0;0;1;66;Salta;66098;La Viña;660980206;;15;7;-25,748357;-65,761693;341,1882658
661400102;62;12;4;2;4;2;50;15;20;11;4;28;6;2;1;1;2;22;7;9;4;2;34;6;2;1;3;0;28;8;11;7;2;2;35;1;26;10;0;10;4;10;15;35;13;22;8;3;2;2;4;2;2;0;7;1;6;12;66;Salta;66140;Rosario de la Frontera;661400102;;62;25;-25,696137;-64,903258;106,8037273
661400106;33;6;2;0;3;1;27;6;10;6;5;9;2;1;0;1;0;7;0;3;1;3;24;4;1;0;2;1;20;6;7;5;2;1;17;2;14;7;0;7;3;9;15;12;1;11;1;0;0;0;3;1;1;0;6;1;2;2;66;Salta;66140;Rosario de la Frontera;661400106;;33;12;-25,755965;-65,194764;206,7892921
660630105;22;0;0;0;0;0;22;3;7;9;3;2;0;0;0;0;0;2;0;1;1;0;20;0;0;0;0;0;20;3;6;8;3;0;9;2;11;4;1;5;0;5;3;19;4;15;3;0;1;0;0;0;0;0;2;0;2;3;66;Salta;66063;Guachipas;660630105;;22;14;-25,725209;-65,395586;198,9521567
660630201;89;14;2;1;6;5;75;29;22;14;10;35;7;1;1;3;2;28;10;8;5;5;54;7;1;0;3;3;47;19;14;9;5;1;53;1;35;11;2;11;8;12;19;56;17;39;15;2;0;1;6;5;5;5;17;10;16;25;66;Salta;66063;Guachipas;660630201;;89;28;-25,727634;-65,555149;179,0296513
661540106;733;202;38;18;86;60;531;168;218;103;42;376;102;20;11;42;29;274;81;116;54;23;357;100;18;7;44;31;257;87;102;49;19;16;401;167;165;56;5;56;57;67;87;444;226;218;164;49;13;17;85;54;57;16;65;51;85;153;66;Salta;66154;San Carlos;661540106;;733;230;-25,685032;-66,162329;1,86424667
661540104;67;19;1;2;11;5;48;8;19;11;10;31;7;0;1;4;2;24;4;10;5;5;36;12;1;1;7;3;24;4;9;6;5;1;9;21;37;10;0;10;8;12;16;32;14;18;12;2;0;2;11;5;5;1;2;3;4;8;66;Salta;66154;San Carlos;661540104;;67;22;-25,749116;-66,170994;144,4885802
661540202;81;20;5;1;10;4;61;11;28;17;5;31;7;2;1;4;0;24;6;9;8;1;50;13;3;0;6;4;37;5;19;9;4;3;21;30;30;10;1;10;13;12;10;51;22;29;19;3;0;1;10;4;4;1;4;4;6;10;66;Salta;66154;San Carlos;661540202;;81;33;-25,738697;-66,055896;79,47563795
661540205;18;3;1;2;0;0;15;5;6;1;3;8;3;1;2;0;0;5;2;2;0;1;10;0;0;0;0;0;10;3;4;1;2;1;1;1;16;3;0;3;2;3;5;10;2;8;2;0;0;2;0;0;0;0;4;0;3;3;66;Salta;66154;San Carlos;661540205;;18;7;-25,808106;-65,882579;284,6023033
661400401;60;3;1;1;1;0;57;10;21;13;13;17;1;0;0;1;0;16;1;7;3;5;43;2;1;1;0;0;41;9;14;10;8;0;31;3;26;16;0;16;7;20;10;47;11;36;9;2;0;1;1;0;0;2;7;2;7;8;66;Salta;66140;Rosario de la Frontera;661400401;;60;36;-25,767171;-64,838787;114,4758907
661400112;163;35;8;4;15;8;128;26;44;32;26;70;16;4;3;6;3;54;13;20;14;7;93;19;4;1;9;5;74;13;24;18;19;3;74;3;86;28;7;29;16;34;17;111;48;63;34;10;4;4;15;8;8;1;10;8;10;18;66;Salta;66140;Rosario de la Frontera;661400112;;163;60;-25,721596;-65,017122;0,815736517
660630202;224;57;9;7;30;11;167;20;68;47;32;93;30;6;6;12;6;63;9;29;10;15;131;27;3;1;18;5;104;11;39;37;17;4;150;14;60;40;3;40;17;50;30;137;26;111;21;3;2;5;29;11;11;2;12;8;15;21;66;Salta;66063;Guachipas;660630202;;224;89;-25,90682;-65,474551;729,9875013
661400204;132;24;5;3;11;5;108;22;36;34;16;51;14;3;1;7;3;37;5;14;11;7;81;10;2;2;4;2;71;17;22;23;9;0;49;26;57;20;1;20;12;25;32;76;12;64;11;0;1;3;11;3;5;0;16;2;13;17;66;Salta;66140;Rosario de la Frontera;661400204;;132;59;-25,826993;-64,503165;331,5034117
661540203;229;75;18;5;33;19;154;45;68;24;17;111;33;7;5;11;10;78;23;35;11;9;118;42;11;0;22;9;76;22;33;13;8;4;76;119;34;19;1;19;26;23;59;95;28;67;26;2;0;5;33;17;19;14;31;22;37;48;66;Salta;66154;San Carlos;661540203;;229;78;-25,867845;-66,097854;412,4219944
660630203;72;14;2;2;8;2;58;9;16;19;14;33;6;0;1;3;2;27;4;5;11;7;39;8;2;1;5;0;31;5;11;8;7;1;35;16;21;17;0;17;8;21;22;36;11;25;9;2;0;2;8;2;2;1;5;2;5;6;66;Salta;66063;Guachipas;660630203;;72;25;-25,878655;-65,628792;232,962743
661540105;716;325;59;36;132;98;391;115;172;77;27;395;165;34;17;63;51;230;67;103;43;17;321;160;25;19;69;47;161;48;69;34;10;2;113;133;470;35;1;36;62;47;149;242;46;196;45;1;0;34;126;71;96;19;79;72;120;154;66;Salta;66154;San Carlos;661540105;;716;214;-26,074495;-66,422941;2106,453234
661400403;282;93;24;15;38;16;189;46;105;29;9;150;47;9;9;23;6;103;28;60;11;4;132;46;15;6;15;10;86;18;45;18;5;4;139;38;105;12;0;12;24;16;21;168;103;65;74;19;10;13;35;13;16;4;16;12;21;38;66;Salta;66140;Rosario de la Frontera;661400403;;282;105;-25,797;-64,919775;32,46311672
661400402;109;25;6;3;13;3;84;14;32;19;19;42;10;3;1;4;2;32;8;11;7;6;67;15;3;2;9;1;52;6;21;12;13;0;35;25;49;21;2;22;14;25;24;60;22;38;18;4;0;3;12;2;3;2;8;2;7;9;66;Salta;66140;Rosario de la Frontera;661400402;;109;48;-25,830664;-64,794305;135,8257309
661400108;1546;559;112;64;221;162;987;365;442;130;50;751;254;50;29;98;77;497;183;234;56;24;795;305;62;35;123;85;490;182;208;74;26;17;419;124;1003;63;8;66;136;83;184;803;273;530;233;35;5;57;215;141;162;64;204;169;277;394;66;Salta;66140;Rosario de la Frontera;661400108;;1546;405;-25,775435;-64,954066;0,324534526
661400109;1511;558;119;54;248;137;953;370;449;102;32;768;300;59;36;135;70;468;172;235;50;11;743;258;60;18;113;67;485;198;214;52;21;30;427;91;993;44;5;44;174;58;188;765;263;502;234;19;10;50;239;114;136;51;227;127;254;366;66;Salta;66140;Rosario de la Frontera;661400109;;1511;412;-25,778306;-64,957142;0,155709937
661400110;1451;576;108;64;247;157;875;287;432;116;40;751;292;54;32;124;82;459;143;233;63;20;700;284;54;32;123;75;416;144;199;53;20;22;505;58;888;57;3;58;145;68;144;731;263;468;228;29;6;61;233;135;156;35;175;131;240;314;66;Salta;66140;Rosario de la Frontera;661400110;;1451;376;-25,780141;-64,954632;0,187659544
661400107;335;116;29;14;46;27;219;84;92;30;13;179;61;14;5;29;13;118;50;49;15;4;156;55;15;9;17;14;101;34;43;15;9;5;76;11;248;16;0;16;33;22;77;142;48;94;39;7;2;11;45;22;27;10;62;27;72;88;66;Salta;66140;Rosario de la Frontera;661400107;;335;96;-25,844446;-65,146073;191,9088818
661400601;1317;374;79;43;166;86;943;275;418;130;120;676;187;42;20;85;40;489;142;222;67;58;641;187;37;23;81;46;454;133;196;63;62;10;524;58;735;140;19;143;86;155;149;794;377;417;294;62;21;42;164;79;86;43;140;97;165;257;66;Salta;66140;Rosario de la Frontera;661400601;;1317;397;-25,788051;-64,959274;0,349212129
661400502;745;188;28;17;74;69;557;121;248;111;77;383;97;13;12;33;39;286;55;125;61;45;362;91;15;5;41;30;271;66;123;50;32;6;462;19;264;106;11;106;47;121;53;504;344;160;197;70;77;16;73;65;68;10;37;59;79;129;66;Salta;66140;Rosario de la Frontera;661400502;;745;252;-25,786568;-64,968202;0,383079713
661400111;910;208;37;20;86;65;702;232;282;156;32;498;104;25;11;40;28;394;122;167;84;21;412;104;12;9;46;37;308;110;115;72;11;11;392;145;373;51;4;51;79;59;34;668;395;273;283;89;23;20;86;64;65;18;73;71;94;204;66;Salta;66140;Rosario de la Frontera;661400111;;910;259;-25,783976;-64,962557;0,09635498
661400503;1146;415;90;54;167;104;731;238;285;126;82;610;209;45;20;89;55;401;127;156;75;43;536;206;45;34;78;49;330;111;129;51;39;20;433;48;665;100;14;100;110;118;128;603;248;355;203;29;16;50;159;85;102;24;126;88;160;241;66;Salta;66140;Rosario de la Frontera;661400503;;1146;325;-25,790082;-64,973381;0,906343284
661400501;1231;289;63;33;124;69;942;244;385;179;134;646;157;30;20;68;39;489;120;213;89;67;585;132;33;13;56;30;453;124;172;90;67;20;695;49;487;182;19;182;86;198;129;813;521;292;350;105;66;30;120;63;69;20;99;67;118;216;66;Salta;66140;Rosario de la Frontera;661400501;;1231;378;-25,786207;-64,962385;0,303232248
661400611;1119;454;59;43;218;134;665;209;381;61;14;576;222;38;22;103;59;354;108;209;29;8;543;232;21;21;115;75;311;101;172;32;6;19;559;72;488;16;4;17;84;23;55;610;325;285;265;45;15;41;213;127;133;28;85;118;158;250;66;Salta;66140;Rosario de la Frontera;661400611;;1119;303;-25,790565;-64,953107;0,45522513
661400612;730;234;35;26;100;73;496;145;242;81;28;384;120;19;13;45;43;264;71;132;44;17;346;114;16;13;55;30;232;74;110;37;11;11;356;30;344;34;2;35;82;45;62;434;215;219;180;27;8;21;95;61;72;17;63;60;99;158;66;Salta;66140;Rosario de la Frontera;661400612;;730;198;-25,786977;-64,953934;0,094898529
661400613;824;233;29;27;103;74;591;132;279;123;57;426;119;15;12;55;37;307;63;145;64;35;398;114;14;15;48;37;284;69;134;59;22;5;423;32;369;80;12;81;82;94;70;521;245;276;203;30;12;27;98;69;74;13;60;60;92;141;66;Salta;66140;Rosario de la Frontera;661400613;;824;240;-25,788963;-64,95636;0,133632358
661400614;1363;418;81;46;168;123;945;287;413;186;59;731;221;42;24;86;69;510;152;222;105;31;632;197;39;22;82;54;435;135;191;81;28;14;657;34;672;96;13;99;127;110;121;824;456;368;347;81;28;45;161;108;123;30;124;105;184;293;66;Salta;66140;Rosario de la Frontera;661400614;;1363;380;-25,791847;-64,956947;0,249273872
661400602;989;218;49;28;83;58;771;175;316;173;107;510;108;24;16;35;33;402;80;163;96;63;479;110;25;12;48;25;369;95;153;77;44;14;556;30;403;150;19;151;63;166;69;702;401;301;285;81;35;28;83;55;58;17;61;61;87;168;66;Salta;66140;Rosario de la Frontera;661400602;;989;342;-25,792301;-64,965067;0,218775539
661400603;689;159;29;17;72;41;530;118;225;102;85;360;73;14;8;34;17;287;64;122;54;47;329;86;15;9;38;24;243;54;103;48;38;3;409;22;258;103;17;108;39;120;42;488;290;198;207;59;24;17;71;40;41;15;37;43;55;106;66;Salta;66140;Rosario de la Frontera;661400603;;689;230;-25,794558;-64,967399;0,188203421
661400604;586;131;23;18;51;39;455;92;206;86;71;314;66;8;10;28;20;248;49;105;51;43;272;65;15;8;23;19;207;43;101;35;28;4;367;8;211;90;18;93;33;100;40;415;308;107;202;70;36;17;51;35;36;2;15;29;38;97;66;Salta;66140;Rosario de la Frontera;661400604;;586;213;-25,796151;-64,969507;0,163229691
661400504;1464;481;91;68;187;135;983;300;418;146;119;770;247;53;34;96;64;523;146;230;77;70;694;234;38;34;91;71;460;154;188;69;49;14;487;61;916;132;24;133;117;153;205;778;367;411;267;67;33;60;175;115;133;44;178;131;229;315;66;Salta;66140;Rosario de la Frontera;661400504;;1464;437;-25,797141;-64,977514;0,246761636
661400605;938;191;26;18;100;47;747;171;292;167;117;517;93;15;7;51;20;424;88;161;96;79;421;98;11;11;49;27;323;83;131;71;38;8;581;59;298;147;33;148;62;176;51;696;521;175;324;107;90;18;99;47;47;15;34;53;67;160;66;Salta;66140;Rosario de la Frontera;661400605;;938;348;-25,798803;-64,971451;0,280404411
661400610;551;117;14;12;52;39;434;102;165;105;62;286;60;6;5;27;22;226;47;86;58;35;265;57;8;7;25;17;208;55;79;47;27;4;285;42;224;80;6;80;33;94;49;385;222;163;158;40;24;12;52;35;39;9;36;38;58;98;66;Salta;66140;Rosario de la Frontera;661400610;;551;181;-25,802868;-64,9639;0,514184671
661400301;67;18;3;2;11;2;49;8;15;15;11;34;10;1;0;8;1;24;4;8;7;5;33;8;2;2;3;1;25;4;7;8;6;1;32;1;34;9;2;9;9;14;15;34;3;31;3;0;0;1;11;2;2;1;7;2;4;5;66;Salta;66140;Rosario de la Frontera;661400301;;67;27;-25,92092;-64,630142;382,0856592
661400507;679;186;34;28;74;50;493;128;228;78;59;339;86;15;12;33;26;253;65;108;43;37;340;100;19;16;41;24;240;63;120;35;22;10;318;31;330;77;14;79;38;87;53;440;250;190;180;56;14;28;74;48;49;8;44;49;73;132;66;Salta;66140;Rosario de la Frontera;661400507;;679;216;-25,800658;-64,981867;0,282622287
661400404;421;128;28;18;45;37;293;86;137;45;25;208;60;12;8;21;19;148;44;76;18;10;213;68;16;10;24;18;145;42;61;27;15;6;193;20;208;30;5;31;30;33;36;257;138;119;90;29;19;18;44;33;37;9;41;31;52;83;66;Salta;66140;Rosario de la Frontera;661400404;;421;137;-25,869534;-64,928647;129,1589951
661400506;785;206;41;25;83;57;579;135;241;115;88;409;101;20;12;41;28;308;74;122;64;48;376;105;21;13;42;29;271;61;119;51;40;11;368;23;394;105;20;108;70;124;62;517;319;198;240;45;34;25;82;53;56;9;34;55;74;142;66;Salta;66140;Rosario de la Frontera;661400506;;785;243;-25,80196;-64,978928;0,18307966
661400505;1117;318;54;38;132;94;799;184;352;148;115;561;151;26;17;62;46;410;87;176;72;75;556;167;28;21;70;48;389;97;176;76;40;16;550;24;543;133;23;137;80;155;63;736;401;335;301;62;38;38;131;90;94;16;68;94;134;216;66;Salta;66140;Rosario de la Frontera;661400505;;1117;357;-25,803679;-64,977189;0,224063122
661400609;669;164;27;19;70;48;505;156;195;101;53;341;84;12;7;37;28;257;69;105;54;29;328;80;15;12;33;20;248;87;90;47;24;7;314;14;341;82;8;83;68;88;67;438;220;218;168;35;17;18;70;45;46;15;56;50;73;141;66;Salta;66140;Rosario de la Frontera;661400609;;669;208;-25,804869;-64,967438;0,426828871
661400606;826;175;31;19;66;59;651;154;250;136;111;421;86;15;12;31;28;335;71;130;66;68;405;89;16;7;35;31;316;83;120;70;43;7;494;39;293;138;19;140;60;157;71;580;334;246;217;70;47;19;66;57;59;17;57;60;90;160;66;Salta;66140;Rosario de la Frontera;661400606;;826;282;-25,80342;-64,974291;0,183962531
661400508;636;139;20;12;54;53;497;92;196;122;87;342;62;12;7;20;23;280;49;103;79;49;294;77;8;5;34;30;217;43;93;43;38;5;391;13;232;127;12;128;49;143;50;447;253;194;187;50;16;12;54;50;51;10;23;43;49;98;66;Salta;66140;Rosario de la Frontera;661400508;;636;198;-25,803762;-64,984282;0,065084152
661400608;1311;408;76;52;169;111;903;237;396;162;108;668;196;36;26;80;54;472;119;203;90;60;643;212;40;26;89;57;431;118;193;72;48;9;561;80;670;133;23;136;101;158;119;784;365;419;285;63;17;51;164;98;110;21;94;94;149;237;66;Salta;66140;Rosario de la Frontera;661400608;;1311;413;-25,80717;-64,969818;0,244233242
661400509;539;156;22;12;70;52;383;97;178;74;34;303;93;12;6;49;26;210;53;99;42;16;236;63;10;6;21;26;173;44;79;32;18;10;331;19;189;53;7;53;32;58;30;353;207;146;131;39;37;12;70;50;52;13;34;45;64;111;66;Salta;66140;Rosario de la Frontera;661400509;;539;163;-25,806742;-64,984017;0,368555102
661400607;850;270;56;39;107;68;580;167;263;85;65;445;149;25;21;59;44;296;88;134;40;34;405;121;31;18;48;24;284;79;129;45;31;10;342;36;472;83;12;84;68;93;106;474;191;283;150;31;10;39;105;61;68;28;100;73;125;167;66;Salta;66140;Rosario de la Frontera;661400607;;850;243;-25,807746;-64,974878;0,272265795
661400616;856;237;47;15;97;78;619;204;281;106;28;426;100;15;7;45;33;326;96;159;55;16;430;137;32;8;52;45;293;108;122;51;12;12;449;45;362;39;3;39;75;51;59;560;308;252;221;65;22;13;89;70;76;22;77;72;107;200;66;Salta;66140;Rosario de la Frontera;661400616;;856;235;-25,810737;-64,975352;0,096936119
661400615;863;261;52;29;100;80;602;188;268;115;31;446;124;22;13;52;37;322;87;152;68;15;417;137;30;16;48;43;280;101;116;47;16;18;426;46;391;47;9;49;74;56;50;552;292;260;225;50;17;29;98;73;78;26;79;85;116;195;66;Salta;66140;Rosario de la Frontera;661400615;;863;242;-25,812283;-64,973034;0,116098634
661400406;46;10;2;1;4;3;36;10;16;1;9;16;5;1;1;0;3;11;4;5;0;2;30;5;1;0;4;0;25;6;11;1;7;0;19;3;24;8;0;8;3;9;13;23;6;17;5;1;0;1;3;3;3;2;8;5;6;8;66;Salta;66140;Rosario de la Frontera;661400406;;46;21;-25,948234;-65,047972;266,1682737
661400405;144;26;5;3;12;6;118;40;38;23;17;69;17;4;3;8;2;52;19;13;12;8;75;9;1;0;4;4;66;21;25;11;9;0;85;2;57;15;6;17;22;25;27;91;31;60;25;5;1;3;11;6;6;4;26;7;23;34;66;Salta;66140;Rosario de la Frontera;661400405;;144;59;-25,914595;-64,841802;140,901323
661540204;230;78;10;10;36;22;152;34;79;22;17;105;37;6;6;16;9;68;17;36;6;9;125;41;4;4;20;13;84;17;43;16;8;2;83;81;66;21;3;21;18;24;31;121;59;62;41;15;3;10;35;18;22;6;22;20;31;38;66;Salta;66154;San Carlos;661540204;;230;66;-25,926991;-66,016256;222,682561
660840103;34;12;3;2;3;4;22;4;9;4;5;20;8;3;1;2;2;12;2;4;2;4;14;4;0;1;1;2;10;2;5;2;1;0;20;0;14;6;1;6;2;7;6;16;5;11;5;0;0;2;3;3;4;0;3;0;4;5;66;Salta;66084;La Candelaria;660840103;;34;13;-25,960337;-65,327882;180,6766686
660840104;569;271;50;30;123;68;298;101;159;22;16;289;132;27;11;60;34;157;56;87;9;5;280;139;23;19;63;34;141;45;72;13;11;2;256;6;307;16;1;16;46;23;48;250;133;117;104;25;4;20;92;50;67;9;56;47;90;120;66;Salta;66084;La Candelaria;660840104;;569;147;-26,013285;-65,261257;132,8803165
661400407;55;9;2;2;4;1;46;11;21;9;5;15;4;1;1;1;1;11;3;6;2;0;40;5;1;1;3;0;35;8;15;7;5;0;44;1;10;5;0;5;2;6;15;31;10;21;6;2;2;2;4;1;1;1;7;2;5;7;66;Salta;66140;Rosario de la Frontera;661400407;;55;30;-25,938135;-65,175143;195,6858801
660210201;14;2;0;1;1;0;12;2;4;5;1;7;0;0;0;0;0;7;2;2;2;1;7;2;0;1;1;0;5;0;2;3;0;0;6;8;0;2;1;2;3;3;2;10;6;4;5;1;0;1;1;0;0;0;0;0;0;1;66;Salta;66021;Cafayate;660210201;;14;5;-25,916069;-65,761596;71,45552184
661400205;74;23;3;3;10;7;51;9;19;14;9;34;12;2;0;5;5;22;3;10;5;4;40;11;1;3;5;2;29;6;9;9;5;0;18;3;53;12;1;12;9;15;18;33;8;25;7;1;0;3;10;6;7;2;6;6;11;14;66;Salta;66140;Rosario de la Frontera;661400205;;74;27;-25,93312;-64,438157;198,5843468
661540209;1023;337;51;34;155;97;686;192;308;117;69;524;160;26;14;76;44;364;99;167;61;37;499;177;25;20;79;53;322;93;141;56;32;14;419;377;227;93;15;94;73;104;100;586;330;256;235;62;33;32;150;84;97;32;85;90;140;209;66;Salta;66154;San Carlos;661540209;;1023;281;-25,896456;-65,92769;1,097221443
661540208;1054;292;49;37;120;86;762;208;340;129;85;538;146;27;14;65;40;392;97;172;78;45;516;146;22;23;55;46;370;111;168;51;40;14;512;281;261;111;21;111;54;120;123;639;378;261;273;82;23;35;119;81;84;35;92;102;142;205;66;Salta;66154;San Carlos;661540208;;1054;307;-25,891075;-65,931261;0,37107264
661540206;128;42;6;7;22;7;86;20;36;21;9;63;25;6;3;12;4;38;11;13;10;4;65;17;0;4;10;3;48;9;23;11;5;3;42;57;29;13;0;13;12;15;18;68;24;44;20;4;0;6;22;6;7;0;9;4;10;17;66;Salta;66154;San Carlos;661540206;;128;36;-25,936353;-65,851469;74,40741818
661540210;403;133;17;16;62;38;270;84;142;32;12;196;61;7;7;29;18;135;40;71;18;6;207;72;10;9;33;20;135;44;71;14;6;5;153;108;142;16;2;16;31;20;31;239;145;94;102;34;9;16;61;37;37;12;37;43;59;86;66;Salta;66154;San Carlos;661540210;;403;139;-25,901328;-65,931162;0,409970271
661540211;435;126;23;16;56;31;309;78;122;54;55;216;68;15;10;24;19;148;45;57;22;24;219;58;8;6;32;12;161;33;65;32;31;5;183;158;94;63;6;63;31;66;60;249;129;120;99;24;6;15;56;31;31;13;34;29;42;67;66;Salta;66154;San Carlos;661540211;;435;125;-25,916704;-65,941992;4,70678904
661540207;442;181;21;18;92;50;261;75;136;32;18;213;77;7;6;38;26;136;45;67;12;12;229;104;14;12;54;24;125;30;69;20;6;5;203;155;84;16;0;16;34;26;42;219;101;118;77;17;7;18;88;43;49;10;37;40;54;77;66;Salta;66154;San Carlos;661540207;;442;131;-25,989997;-65,95081;133,6613027
661400302;120;30;8;0;19;3;90;17;42;17;14;52;13;3;0;7;3;39;7;14;7;11;68;17;5;0;12;0;51;10;28;10;3;1;65;4;51;13;2;14;17;16;17;73;29;44;25;4;0;0;19;3;3;1;7;3;8;15;66;Salta;66140;Rosario de la Frontera;661400302;;120;47;-25,982533;-64,781507;224,4653186
660210102;86;23;2;4;8;9;63;5;27;16;15;40;12;0;2;4;6;28;0;11;8;9;46;11;2;2;4;3;35;5;16;8;6;1;42;32;12;16;2;17;6;22;16;47;18;29;6;7;5;4;8;8;9;2;4;8;10;10;66;Salta;66021;Cafayate;660210102;;86;29;-26,013657;-65,866006;89,21214681
660840102;443;111;16;8;55;32;332;91;140;61;40;214;54;8;3;30;13;160;48;64;26;22;229;57;8;5;25;19;172;43;76;35;18;4;245;15;183;47;2;47;45;55;66;266;124;142;92;28;4;6;54;27;32;4;28;28;46;88;66;Salta;66084;La Candelaria;660840102;;443;152;-26,034983;-65,429505;180,0047202
660210202;71;17;4;1;11;1;54;8;22;19;5;29;9;3;1;5;0;20;2;10;6;2;42;8;1;0;6;1;34;6;12;13;3;0;37;18;16;8;0;8;5;12;18;36;18;18;9;2;7;1;11;1;1;0;6;0;4;5;66;Salta;66021;Cafayate;660210202;;71;25;-26,091719;-65,778448;572,5751292
661540212;859;279;43;26;131;79;580;186;253;91;50;430;133;24;9;66;34;297;96;132;44;25;429;146;19;17;65;45;283;90;121;47;25;21;471;277;111;69;15;71;60;82;70;510;231;279;174;48;9;25;130;77;78;19;92;76;120;182;66;Salta;66154;San Carlos;661540212;;859;232;-25,967361;-65,946548;0,577779605
661540213;472;120;22;12;55;31;352;81;138;64;69;234;57;11;2;30;14;177;45;64;29;39;238;63;11;10;25;17;175;36;74;35;30;5;272;125;75;84;12;85;35;94;38;314;159;155;103;39;17;12;55;27;31;12;35;33;53;79;66;Salta;66154;San Carlos;661540213;;472;147;-25,972197;-65,949956;0,51244663
661400303;9;0;0;0;0;0;9;0;2;3;4;1;0;0;0;0;0;1;0;0;1;0;8;0;0;0;0;0;8;0;2;2;4;0;5;1;3;4;0;4;2;5;4;5;1;4;1;0;0;0;0;0;0;0;0;0;0;0;66;Salta;66140;Rosario de la Frontera;661400303;;9;7;-26,041185;-64,852282;161,7399777
661400305;22;3;1;1;1;0;19;5;10;3;1;9;1;0;1;0;0;8;2;3;2;1;13;2;1;0;1;0;11;3;7;1;0;0;9;2;11;1;0;1;2;1;7;12;7;5;5;2;0;1;1;0;0;0;4;0;1;2;66;Salta;66140;Rosario de la Frontera;661400305;;22;11;-26,062518;-64,506016;265,9861949
661400310;627;182;44;16;73;49;445;158;169;78;40;316;94;23;7;39;25;222;89;81;32;20;311;88;21;9;34;24;223;69;88;46;20;7;195;58;374;55;4;55;60;66;90;355;157;198;132;24;1;16;67;46;49;13;69;44;79;146;66;Salta;66140;Rosario de la Frontera;661400310;;627;201;-26,011165;-64,670477;0,912933326
660840201;34;4;2;0;1;1;30;7;12;9;2;9;0;0;0;0;0;9;4;2;2;1;25;4;2;0;1;1;21;3;10;7;1;0;13;0;21;4;0;4;8;8;8;22;4;18;4;0;0;0;1;1;1;1;4;2;4;6;66;Salta;66084;La Candelaria;660840201;;34;14;-26,07136;-65,086053;148,8314524
660210101;136;42;2;4;18;18;94;13;38;22;21;64;17;2;0;7;8;47;5;17;12;13;72;25;0;4;11;10;47;8;21;10;8;0;64;56;16;18;6;20;17;28;30;64;21;43;12;6;3;3;18;11;18;3;13;13;25;25;66;Salta;66021;Cafayate;660210101;;136;43;-26,045648;-66,062973;78,25977949
660840105;63;17;3;4;7;3;46;10;23;12;1;26;10;1;2;5;2;16;4;8;3;1;37;7;2;2;2;1;30;6;15;9;0;0;43;0;20;5;0;5;5;6;15;31;12;19;9;2;1;4;7;3;3;1;5;3;6;8;66;Salta;66084;La Candelaria;660840105;;63;25;-26,112534;-65,221517;132,304966
661400304;94;26;3;3;10;10;68;18;28;12;10;46;13;2;1;5;5;33;8;14;6;5;48;13;1;2;5;5;35;10;14;6;5;0;44;3;47;13;0;13;10;15;14;54;20;34;15;4;1;3;10;9;10;1;8;10;16;25;66;Salta;66140;Rosario de la Frontera;661400304;;94;29;-26,079262;-64,667505;109,4773025
660840202;322;94;24;7;46;17;228;60;84;49;35;155;48;9;3;28;8;107;29;43;20;15;167;46;15;4;18;9;121;31;41;29;20;1;119;2;201;40;1;40;57;51;61;167;61;106;52;9;0;5;40;13;17;6;32;18;37;55;66;Salta;66084;La Candelaria;660840202;;322;105;-26,088548;-64,957221;162,2977586
660840101;332;83;8;12;39;24;249;62;91;54;42;141;39;4;8;17;10;102;22;38;21;21;191;44;4;4;22;14;147;40;53;33;21;0;154;17;161;48;9;50;23;57;68;181;69;112;57;7;5;10;33;20;24;0;18;19;34;66;66;Salta;66084;La Candelaria;660840101;;332;121;-26,072412;-65,524511;32,74746227
660210107;26;8;2;0;5;1;18;4;7;4;3;15;6;1;0;4;1;9;3;2;2;2;11;2;1;0;1;0;9;1;5;2;1;1;3;5;18;1;0;1;3;3;3;15;5;10;5;0;0;0;5;1;1;0;3;1;2;3;66;Salta;66021;Cafayate;660210107;;26;11;-26,052164;-65,94282;0,316547072
661400311;687;195;34;25;85;51;492;149;193;93;57;341;100;16;13;45;26;241;78;95;41;27;346;95;18;12;40;25;251;71;98;52;30;1;357;12;318;57;4;58;44;72;47;445;227;218;162;58;7;24;85;50;50;6;41;46;62;138;66;Salta;66140;Rosario de la Frontera;661400311;;687;221;-26,048517;-64,643087;1,599157505
660210103;635;195;33;23;65;74;440;102;251;56;31;312;95;20;11;27;37;217;46;128;23;20;323;100;13;12;38;37;223;56;123;33;11;17;342;176;117;30;3;31;35;41;31;409;272;137;170;42;60;23;65;71;74;16;50;70;93;126;66;Salta;66021;Cafayate;660210103;;635;221;-26,069829;-65,942152;15,04823294
660210108;20;9;2;0;3;4;11;2;7;0;2;11;7;1;0;3;3;4;0;4;0;0;9;2;1;0;0;1;7;2;3;0;2;0;7;4;9;2;0;2;0;2;0;11;9;2;8;1;0;0;3;3;4;1;1;2;3;4;66;Salta;66021;Cafayate;660210108;;20;6;-26,056758;-65,94154;0,343888727
660210104;235;56;12;6;26;12;179;37;70;44;28;107;30;10;1;11;8;77;18;28;18;13;128;26;2;5;15;4;102;19;42;26;15;0;74;79;82;32;1;32;20;41;64;115;38;77;33;3;2;5;26;11;12;2;23;11;24;31;66;Salta;66021;Cafayate;660210104;;235;85;-26,127463;-66,087446;202,9431045
660210109;55;21;6;1;11;3;34;2;22;7;3;29;12;4;0;6;2;17;1;11;4;1;26;9;2;1;5;1;17;1;11;3;2;5;26;27;2;3;0;3;1;3;1;33;22;11;16;2;4;1;11;3;3;1;1;3;3;4;66;Salta;66021;Cafayate;660210109;;55;19;-26,060799;-65,944466;0,350066685
660210110;114;37;6;6;14;11;77;17;49;8;3;65;21;5;3;7;6;44;10;26;7;1;49;16;1;3;7;5;33;7;23;1;2;3;37;52;25;4;1;4;4;7;9;68;46;22;38;3;5;6;13;11;11;2;8;9;11;15;66;Salta;66021;Cafayate;660210110;;114;41;-26,061692;-65,93754;0,409845494
660210316;779;228;37;26;106;59;551;142;274;88;47;413;134;21;16;61;36;279;71;130;51;27;366;94;16;10;45;23;272;71;144;37;20;12;383;226;170;63;5;63;38;77;58;493;270;223;207;38;25;26;105;52;58;11;64;47;86;134;66;Salta;66021;Cafayate;660210316;;779;224;-26,06794;-65,967118;0,562402041
660210303;993;294;52;35;135;72;699;184;379;90;46;504;139;27;18;62;32;365;90;199;50;26;489;155;25;17;73;40;334;94;180;40;20;19;557;280;156;55;12;59;46;68;51;648;437;211;354;62;21;35;133;72;72;19;72;77;110;183;66;Salta;66021;Cafayate;660210303;;993;303;-26,065229;-65,98576;0,173625021
660210301;1140;465;56;40;202;167;675;235;368;54;18;609;242;29;18;101;94;367;106;222;31;8;531;223;27;22;101;73;308;129;146;23;10;17;484;404;252;16;1;16;66;27;55;620;297;323;254;36;7;39;192;149;166;42;139;162;239;301;66;Salta;66021;Cafayate;660210301;;1140;277;-26,065958;-65,996568;0,373281345
660210306;1053;337;71;33;141;92;716;186;374;100;56;543;165;32;18;76;39;378;89;199;56;34;510;172;39;15;65;53;338;97;175;44;22;29;580;234;239;70;12;70;37;79;82;634;438;196;326;66;46;32;141;87;91;25;65;91;119;194;66;Salta;66021;Cafayate;660210306;;1053;306;-26,06628;-65,980859;0,244716447
660210302;1330;542;76;42;205;219;788;296;431;48;13;706;275;42;21;111;101;431;143;253;27;8;624;267;34;21;94;118;357;153;178;21;5;26;577;518;235;16;0;16;73;19;63;725;349;376;300;40;9;41;204;202;219;57;163;225;318;415;66;Salta;66021;Cafayate;660210302;;1330;314;-26,06637;-65,990813;0,287103465
660210314;874;234;39;11;117;67;640;176;276;105;83;431;109;12;9;55;33;322;86;137;53;46;443;125;27;2;62;34;318;90;139;52;37;12;452;255;167;96;14;97;52;113;79;561;340;221;251;54;35;11;117;64;67;15;72;63;94;159;66;Salta;66021;Cafayate;660210314;;874;263;-26,06836;-65,977505;0,2413602
660210305;1228;297;53;38;120;86;931;239;434;149;109;633;146;25;24;57;40;487;116;210;93;68;595;151;28;14;63;46;444;123;224;56;41;15;643;341;244;141;22;143;54;163;94;837;518;319;390;106;22;38;118;83;85;36;103;103;151;222;66;Salta;66021;Cafayate;660210305;;1228;343;-26,068097;-65,984015;0,100211907
660210315;1007;289;50;32;131;76;718;185;329;125;79;505;127;25;11;64;27;378;101;164;69;44;502;162;25;21;67;49;340;84;165;56;35;14;517;274;216;106;19;106;54;118;61;657;432;225;309;71;52;32;130;73;76;28;62;88;116;172;66;Salta;66021;Cafayate;660210315;;1007;318;-26,0699;-65,973478;0,365637938
660210304;1334;420;77;45;178;120;914;246;418;181;69;670;201;45;21;86;49;469;124;201;107;37;664;219;32;24;92;71;445;122;217;74;32;15;655;391;288;96;12;100;69;128;111;803;433;370;353;59;21;44;174;107;120;34;117;109;172;259;66;Salta;66021;Cafayate;660210304;;1334;341;-26,068714;-65,986652;0,143364375
660210307;739;193;38;12;94;49;546;144;256;81;65;388;92;22;6;44;20;296;80;140;43;33;351;101;16;6;50;29;250;64;116;38;32;14;328;210;201;76;10;77;30;87;53;493;329;164;234;71;24;11;94;43;48;26;55;56;77;126;66;Salta;66021;Cafayate;660210307;;739;225;-26,070206;-65,981558;0,135341359
660210309;1155;374;73;37;164;100;781;296;350;102;33;626;198;41;18;87;52;428;157;193;58;20;529;176;32;19;77;48;353;139;157;44;13;18;491;393;271;43;2;43;82;59;87;694;371;323;319;38;14;37;161;94;100;41;145;108;182;284;66;Salta;66021;Cafayate;660210309;;1155;269;-26,070688;-65,992935;0,297654235
660210308;1137;311;40;37;149;85;826;238;340;144;104;587;163;22;20;81;40;424;110;175;75;64;550;148;18;17;68;45;402;128;165;69;40;15;555;313;269;110;16;113;69;144;80;746;430;316;348;53;29;36;142;80;85;26;103;86;141;209;66;Salta;66021;Cafayate;660210308;;1137;351;-26,072142;-65,984152;0,233170644
660210310;630;210;38;24;93;55;420;117;235;52;16;344;118;23;12;51;32;226;66;125;29;6;286;92;15;12;42;23;194;51;110;23;10;16;358;135;137;21;2;21;22;28;27;393;292;101;183;69;40;24;92;51;55;9;48;50;74;111;66;Salta;66021;Cafayate;660210310;;630;205;-26,074456;-65,993577;0,35536631
660210313;730;184;37;27;75;45;546;101;261;105;79;374;94;20;15;38;21;280;52;120;59;49;356;90;17;12;37;24;266;49;141;46;30;8;493;99;138;94;19;94;47;106;35;511;398;113;257;77;64;27;75;45;45;13;33;50;61;97;66;Salta;66021;Cafayate;660210313;;730;263;-26,074531;-65,97348;0,351331534
660210311;1187;332;42;37;156;97;855;227;406;151;71;593;157;18;20;75;44;436;110;206;81;39;594;175;24;17;81;53;419;117;200;70;32;16;640;294;253;90;11;91;76;109;74;781;468;313;358;74;36;36;154;91;97;24;82;94;141;227;66;Salta;66021;Cafayate;660210311;;1187;337;-26,075527;-65,986169;0,553958216
661400308;25;2;0;0;1;1;23;4;5;8;6;8;1;0;0;0;1;7;0;1;3;3;17;1;0;0;1;0;16;4;4;5;3;0;7;1;17;6;0;6;6;10;17;6;0;6;0;0;0;0;1;1;1;0;4;1;5;5;66;Salta;66140;Rosario de la Frontera;661400308;;25;12;-26,135026;-64,774222;220,0980187
660210312;676;180;24;13;98;45;496;118;228;79;71;359;90;11;6;53;20;269;69;118;41;41;317;90;13;7;45;25;227;49;110;38;30;7;403;124;149;81;15;83;34;95;35;461;317;144;212;59;46;13;97;45;45;20;37;52;59;102;66;Salta;66021;Cafayate;660210312;;676;216;-26,07845;-65,975769;0,626509378
660840107;618;206;38;23;83;62;412;113;197;65;37;301;86;19;7;32;28;215;61;105;32;17;317;120;19;16;51;34;197;52;92;33;20;20;360;8;250;51;5;51;57;60;60;352;197;155;154;33;10;23;83;57;62;7;35;53;81;135;66;Salta;66084;La Candelaria;660840107;;618;176;-26,077798;-65,390451;0,278509557
660840106;656;208;35;23;91;59;448;163;166;86;33;317;93;13;10;45;25;224;81;87;41;15;339;115;22;13;46;34;224;82;79;45;18;5;322;13;321;49;8;49;55;57;55;393;212;181;161;44;7;18;80;47;58;8;50;43;79;158;66;Salta;66084;La Candelaria;660840106;;656;195;-26,078863;-65,394507;0,2188247
660210105;166;37;6;5;18;8;129;22;58;25;24;77;19;1;4;11;3;58;9;24;12;13;89;18;5;1;7;5;71;13;34;13;11;0;105;20;41;26;3;26;9;35;21;108;57;51;24;11;22;5;18;6;8;1;12;5;13;18;66;Salta;66021;Cafayate;660210105;;166;60;-26,145536;-65,977862;140,9745938
660840204;144;44;12;5;16;11;100;18;45;24;13;69;25;9;4;7;5;44;9;19;8;8;75;19;3;1;9;6;56;9;26;16;5;0;79;0;65;18;1;18;18;22;11;89;41;48;34;3;4;4;16;8;11;1;10;9;16;19;66;Salta;66084;La Candelaria;660840204;;144;53;-26,195328;-65,060085;303,996249
661400313;391;117;13;13;60;31;274;88;107;45;34;181;53;5;7;26;15;128;38;53;19;18;210;64;8;6;34;16;146;50;54;26;16;1;139;29;223;42;2;42;41;46;76;198;74;124;58;12;4;13;59;28;30;4;45;25;56;91;66;Salta;66140;Rosario de la Frontera;661400313;;391;127;-26,105761;-64,654096;0,550152207
660840108;1091;249;38;37;103;71;842;215;326;177;124;542;130;25;23;43;39;412;86;163;95;68;549;119;13;14;60;32;430;129;163;82;56;4;620;34;437;149;29;151;83;171;108;734;460;274;325;97;38;35;100;66;71;21;58;69;102;210;66;Salta;66084;La Candelaria;660840108;;1091;369;-26,110212;-65,278059;0,600166515
660840109;982;247;47;25;106;69;735;244;272;139;80;512;128;27;9;56;36;384;134;130;80;40;470;119;20;16;50;33;351;110;142;59;40;8;499;14;469;110;12;111;104;122;113;622;386;236;278;86;22;23;90;59;66;8;67;54;99;221;66;Salta;66084;La Candelaria;660840109;;982;285;-26,11143;-65,272742;0,420868824
660840203;165;42;4;5;12;21;123;38;47;20;18;77;21;1;1;6;13;56;18;21;6;11;88;21;3;4;6;8;67;20;26;14;7;0;66;11;88;23;3;23;27;29;22;101;39;62;39;0;0;4;10;15;20;6;12;17;25;45;66;Salta;66084;La Candelaria;660840203;;165;50;-26,159253;-64,944124;72,28670794
660840110;922;262;39;27;107;89;660;206;299;101;54;455;115;18;11;41;45;340;109;149;50;32;467;147;21;16;66;44;320;97;150;51;22;7;430;74;418;77;11;78;84;87;75;585;366;219;254;100;12;26;99;81;86;14;61;71;111;224;66;Salta;66084;La Candelaria;660840110;;922;255;-26,116357;-65,277917;0,335567905
661400312;657;178;34;20;71;53;479;120;210;99;50;321;83;18;11;32;22;238;61;106;45;26;336;95;16;9;39;31;241;59;104;54;24;5;381;61;215;59;10;63;50;78;74;405;211;194;159;42;10;19;69;49;53;7;40;45;69;117;66;Salta;66140;Rosario de la Frontera;661400312;;657;203;-26,119422;-64,594146;0,592745944
660840205;807;264;42;27;112;83;543;178;251;77;37;432;152;24;18;62;48;280;88;125;43;24;375;112;18;9;50;35;263;90;126;34;13;0;382;34;391;50;7;51;88;57;63;480;250;230;191;49;10;23;109;70;80;22;82;79;128;203;66;Salta;66084;La Candelaria;660840205;;807;230;-26,126968;-65,04976;1,417863049
661400306;10;2;1;1;0;0;8;2;5;0;1;3;0;0;0;0;0;3;1;2;0;0;7;2;1;1;0;0;5;1;3;0;1;0;4;1;5;1;0;1;1;1;0;8;2;6;2;0;0;1;0;0;0;0;1;0;0;1;66;Salta;66140;Rosario de la Frontera;661400306;;10;5;-26,16169;-64,522638;105,1454583
661400307;61;12;0;3;5;4;49;8;18;15;8;32;8;0;2;5;1;24;3;9;9;3;29;4;0;1;0;3;25;5;9;6;5;0;29;0;32;12;1;12;10;18;19;30;7;23;4;3;0;3;5;4;4;1;5;4;6;8;66;Salta;66140;Rosario de la Frontera;661400307;;61;27;-26,198313;-64,675869;195,6113056
661400309;24;3;0;1;1;1;21;2;10;5;4;10;1;0;0;1;0;9;1;3;3;2;14;2;0;1;0;1;12;1;7;2;2;0;4;1;19;3;0;3;8;4;10;11;2;9;2;0;0;1;1;1;1;0;2;1;2;2;66;Salta;66140;Rosario de la Frontera;661400309;;24;12;-26,232932;-64,883038;99,69267056
660210106;272;77;7;5;34;31;195;62;77;37;19;139;42;4;5;17;16;97;29;38;19;11;133;35;3;0;17;15;98;33;39;18;8;2;171;41;60;28;6;28;15;30;31;164;62;102;49;8;5;5;34;26;31;7;32;28;43;64;66;Salta;66021;Cafayate;660210106;;272;83;-26,256982;-65,847987;360,2929653
660910101;120;54;10;9;20;15;66;26;22;11;7;71;30;5;4;14;7;41;16;12;7;6;49;24;5;5;6;8;25;10;10;4;1;0;37;0;83;4;1;4;18;8;24;42;18;24;15;1;2;8;19;14;15;2;11;12;18;29;66;Salta;66091;La Poma;660910101;;120;32;-23,542929;-66,229696;132,6959251
