Código de radio.;Total de hogares;Hogares con al menos un indicador NBI;Hogares con computadora;Hogares con una o más personas de servicio doméstico sin retiro (con cama);Hogares con hacinamiento (más de 2 personas por cuarto);Hogares con hacinamiento crítico (más de 3 personas por cuarto);Hogares sin sistema de botón, cadena o mochila para limpieza del inodoro.;Hogares sin agua para beber y cocinar proveniente de red pública;Hogares sin cañería de agua en la vivienda;Hogares sin cloaca;Hogares con desagüe a hoyo o pozo ciego sin cámara;Hogares sin cobertura de techo tipo 1 (Membrana, baldosa, losa o teja);Hogares sin cielorraso;Hogares sin piso tipo 1 (cerámica, baldosa, mosaico, mármol, madera, alfombrado);Hogares con teléfono celular;Hogares con garrafa o leña como combustible usado principalmente para cocinar;Hogares propietarios de la vivienda;Hogares inquilinos de la vivienda;Hogares ni propietarios ni inquilinos;Hogares con jefatura femenina;Hogares con jefe nacido en país limítrofe + Perú;Hogares con jefes con primaria completa o secundaria incompleto;Hogares con jefes con secundaria completa o superior incompleto;Hogares con jefes con secundaria completa o más;Hogares con jefes con terciaria completa;Hogares con jefes con universitaria completa;Hogares con cónyugues con secundaria completa o más;Hogares de parejas solas;Hogares de parejas con hijos;Hogares con hijos monoparentales;Hogares de parejas con hijos con otros integrantes;Hogares con hijos monoparentales con otros integrantes;Hogares multipersonales no familiares;Hogares de personas solas;Hogares de 1 persona;Hogares de 2 personas;Hogares de 3 personas;Hogares de 4 personas;Hogares de 5 o más personas;Código de provincia;Nombre de provincia;Código de departamento;Nombre de departamento;Código de radio;Nombre de radio;Población total;Total de hogares;Latitud del centroide;Longitud del centroide;Superficie en km2
660561514;269;64;25;0;94;40;159;1;159;186;169;266;212;176;148;235;254;2;13;147;0;139;64;66;2;0;41;6;130;52;21;21;10;29;29;19;31;48;142;66;Salta;66056;General José de San Martín;660561514;;1183;269;-22,536841;-63,788752;0,11282818
660561509;329;47;81;0;63;21;82;4;82;132;100;317;190;183;254;274;278;14;37;175;2;143;106;119;10;3;56;9;127;77;15;37;20;44;44;47;58;62;118;66;Salta;66056;General José de San Martín;660561509;;1216;329;-22,538155;-63,795258;0,280634888
660561504;272;55;161;0;6;1;8;10;8;8;3;86;73;37;253;38;208;41;23;134;6;79;104;165;34;27;83;25;89;42;29;32;14;41;40;64;60;46;62;66;Salta;66056;General José de San Martín;660561504;;875;272;-22,539194;-63,80076;0,228837081
660561512;326;60;80;0;66;24;67;17;67;54;39;284;221;143;247;125;266;16;44;173;2;153;79;94;11;4;44;14;84;47;51;59;38;33;33;40;55;52;146;66;Salta;66056;General José de San Martín;660561512;;1355;326;-22,538743;-63,791035;0,156582968
660561502;335;122;226;0;17;2;4;6;4;13;0;184;60;18;322;3;251;51;33;179;1;54;167;264;60;37;147;28;146;66;16;23;4;52;52;56;101;74;52;66;Salta;66056;General José de San Martín;660561502;;1050;335;-22,541462;-63,808779;0,570538228
660561503;320;162;175;0;31;10;43;11;43;32;27;232;95;52;290;61;248;42;30;177;4;96;131;179;35;13;96;20;123;68;18;27;20;44;44;61;73;62;80;66;Salta;66056;General José de San Martín;660561503;;1064;320;-22,542263;-63,799737;0,233524
660561511;364;87;141;0;63;14;67;18;67;100;73;246;206;157;301;178;270;44;50;179;3;150;115;149;24;10;90;14;125;76;44;47;18;40;40;51;78;78;117;66;Salta;66056;General José de San Martín;660561511;;1381;364;-22,542055;-63,79011;0,204524731
660561510;387;181;164;0;62;21;67;9;67;51;44;244;175;86;320;138;321;37;29;203;1;154;117;169;31;21;89;27;132;78;41;41;22;46;46;78;68;66;129;66;Salta;66056;General José de San Martín;660561510;;1392;387;-22,54189;-63,795052;0,138156495
660560412;34;3;26;0;1;0;0;1;0;7;1;12;6;1;33;3;22;9;3;16;0;6;15;26;7;4;14;4;10;3;3;1;4;9;9;10;7;4;4;66;Salta;66056;General José de San Martín;660560412;;96;34;-22,551309;-63,807116;1,435576961
660560403;101;43;13;0;40;20;60;34;60;61;44;89;73;77;48;93;82;2;17;48;0;41;16;19;1;2;13;5;38;21;10;13;2;12;12;15;14;13;47;66;Salta;66056;General José de San Martín;660560403;;436;101;-22,711404;-63,74783;425,010191
660560405;133;61;60;0;17;10;29;8;29;36;17;117;46;43;110;41;108;13;12;61;2;38;57;71;10;4;42;6;54;22;19;9;9;14;14;19;30;26;44;66;Salta;66056;General José de San Martín;660560405;;538;133;-22,545535;-63,799773;0,251368859
660560413;34;0;30;1;0;0;0;2;0;28;3;19;2;2;32;16;25;8;1;15;0;1;7;33;6;20;23;7;21;4;0;1;0;1;1;7;10;6;10;66;Salta;66056;General José de San Martín;660560413;;121;34;-22,554115;-63,800814;0,744451795
660560415;79;19;34;0;5;3;10;4;10;68;46;73;13;22;63;70;56;8;15;37;1;33;19;26;7;0;16;7;24;4;12;8;9;15;15;14;14;16;20;66;Salta;66056;General José de San Martín;660560415;;263;79;-22,572313;-63,805697;1,623130853
660700102;23;2;12;0;2;0;20;22;20;22;22;23;11;20;12;22;23;0;0;10;0;7;3;7;3;1;1;0;6;3;3;4;4;3;3;4;6;4;6;66;Salta;66070;Iruya;660700102;;85;23;-22,605512;-65,250605;27,15722614
660560414;13;5;0;0;9;4;10;9;10;11;9;11;10;11;5;13;9;1;3;5;0;6;3;4;1;0;1;1;6;1;0;3;1;1;1;1;6;3;2;66;Salta;66056;General José de San Martín;660560414;;45;13;-22,572711;-63,800419;1,145066647
660700104;75;8;23;1;4;0;15;52;15;64;43;52;62;47;44;71;58;16;1;39;1;25;13;27;12;2;9;2;26;8;8;6;11;14;14;14;14;13;20;66;Salta;66070;Iruya;660700104;;259;75;-22,632826;-65,201691;73,7957902
660560406;23;1;20;0;0;0;0;2;0;3;0;15;3;1;22;3;15;2;6;8;0;3;10;18;2;6;8;3;8;2;3;2;1;4;4;5;6;2;6;66;Salta;66056;General José de San Martín;660560406;;71;23;-22,58346;-63,857258;0,285128182
660560407;26;4;20;0;0;0;0;0;0;8;3;19;8;2;22;6;20;3;3;13;0;8;10;17;3;4;14;2;11;2;3;4;1;3;3;3;6;10;4;66;Salta;66056;General José de San Martín;660560407;;95;26;-22,585986;-63,860446;0,357221088
660561606;256;43;82;0;30;12;70;18;70;129;81;245;127;119;182;175;196;30;30;114;3;123;58;70;11;1;39;27;69;36;32;33;14;45;45;47;44;43;77;66;Salta;66056;General José de San Martín;660561606;;867;256;-22,588506;-63,803857;0,712527169
660561605;277;33;75;0;48;22;73;11;73;113;62;264;156;128;208;178;218;19;40;155;2;130;63;85;14;8;57;25;85;44;39;30;16;38;38;57;39;57;86;66;Salta;66056;General José de San Martín;660561605;;996;277;-22,588386;-63,809769;0,259755465
660561604;191;18;55;0;31;11;51;1;51;110;76;185;114;87;155;97;160;10;21;105;1;92;57;63;5;1;34;13;64;40;24;17;13;20;20;41;34;37;59;66;Salta;66056;General José de San Martín;660561604;;704;191;-22,587156;-63,814268;0,576624015
660283509;200;16;153;0;9;3;9;69;9;113;11;109;59;48;190;51;162;9;29;76;0;26;87;166;18;61;99;26;75;18;15;10;16;40;40;45;35;43;37;66;Salta;66028;Capital;660283509;;607;200;-24,829605;-65,470227;4,535694248
660283712;368;28;156;0;31;11;52;6;52;12;7;244;252;126;309;164;237;43;88;188;31;160;123;153;20;10;74;12;90;72;58;46;28;62;62;61;58;71;116;66;Salta;66028;Capital;660283712;;1307;368;-24,821098;-65,392513;0,165154102
660284304;213;9;151;0;7;4;0;3;0;5;0;39;86;15;195;40;131;59;23;110;3;47;98;151;25;28;80;25;66;36;18;15;16;37;37;54;47;41;34;66;Salta;66028;Capital;660284304;;642;213;-24,822731;-65,414406;0,23384254
660283901;281;24;105;1;38;9;33;0;33;2;0;238;114;77;244;83;171;33;77;163;13;120;95;111;12;4;34;9;66;45;39;56;31;35;35;42;38;48;118;66;Salta;66028;Capital;660283901;;1112;281;-24,823212;-65,404371;0,083957856
660283907;416;59;162;1;60;24;43;3;43;7;1;315;188;101;347;154;289;52;75;220;24;191;123;141;12;6;56;30;88;72;50;65;47;64;63;76;66;77;134;66;Salta;66028;Capital;660283907;;1509;416;-24,823595;-65,400878;0,159891893
660070413;159;26;50;0;23;8;21;10;21;153;56;138;78;55;129;154;122;13;24;69;1;55;31;46;11;4;27;12;60;19;21;11;15;21;21;28;31;31;48;66;Salta;66007;Anta;660070413;;561;159;-24,819742;-64,17914;0,779399344
660283801;495;55;131;0;75;36;84;4;84;40;27;343;358;246;391;171;394;35;66;286;22;236;136;162;22;4;83;26;152;87;63;79;26;62;62;63;68;89;213;66;Salta;66028;Capital;660283801;;2001;495;-24,825274;-65,383302;0,291358685
660283910;211;48;34;0;61;26;129;15;129;130;101;193;177;106;160;187;169;14;28;134;12;121;46;53;2;5;36;13;73;62;15;23;6;19;19;33;37;46;76;66;Salta;66028;Capital;660283910;;803;211;-24,825636;-65,390744;0,327982103
660284208;249;29;135;0;21;7;5;2;5;11;3;147;126;87;224;235;180;39;30;98;14;86;114;144;22;8;87;15;112;44;28;15;11;24;24;35;56;61;73;66;Salta;66028;Capital;660284208;;931;249;-24,826495;-65,41164;0,238697783
660284207;252;39;109;0;32;10;30;21;30;66;13;153;144;89;217;191;160;55;37;126;17;99;109;133;18;6;66;14;81;42;33;22;17;43;43;35;53;52;69;66;Salta;66028;Capital;660284207;;858;252;-24,827325;-65,4149;0,267979001
660283511;273;25;176;0;21;8;12;38;12;67;24;116;112;54;260;129;192;48;33;115;6;52;151;213;37;25;130;23;107;48;22;9;18;46;46;58;46;68;55;66;Salta;66028;Capital;660283511;;872;273;-24,828033;-65,451167;0,248393426
660283909;306;45;119;1;54;23;41;5;41;8;5;170;223;118;254;118;246;22;38;152;16;143;78;96;7;11;67;13;96;45;44;56;20;32;31;30;65;65;115;66;Salta;66028;Capital;660283909;;1244;306;-24,826975;-65,395693;0,097307916
660283908;410;67;170;2;56;18;43;5;43;19;0;180;282;150;358;124;306;52;52;196;17;188;145;171;16;10;84;17;94;55;79;72;38;55;55;54;70;72;159;66;Salta;66028;Capital;660283908;;1644;410;-24,826766;-65,398304;0,130067114
660283902;346;67;89;1;72;25;59;3;59;7;2;271;285;191;289;207;286;13;47;215;29;184;88;107;15;4;40;12;106;63;45;64;34;22;20;53;58;71;144;66;Salta;66028;Capital;660283902;;1417;346;-24,826029;-65,404547;0,094603758
660284305;274;30;170;0;20;9;8;5;8;10;1;125;141;40;256;54;177;49;48;130;14;93;101;139;25;13;71;22;73;46;32;39;15;47;47;47;64;46;70;66;Salta;66028;Capital;660284305;;926;274;-24,826189;-65,421514;0,087588126
660284308;305;30;181;0;15;4;5;4;5;3;0;133;142;62;281;70;181;82;42;154;12;99;129;169;21;19;75;14;83;46;43;40;28;51;50;57;63;55;80;66;Salta;66028;Capital;660284308;;1045;305;-24,82693;-65,419687;0,085824722
660283903;465;94;145;0;94;43;93;6;93;12;4;335;362;231;360;245;360;37;68;252;41;239;109;127;7;11;79;17;141;92;63;67;35;50;49;65;99;81;171;66;Salta;66028;Capital;660283903;;1830;465;-24,826549;-65,407867;0,121320522
660283506;298;10;278;0;2;0;5;145;5;285;21;127;30;6;286;3;255;28;15;99;1;10;95;272;19;158;202;31;170;34;8;8;5;42;42;54;50;97;55;66;Salta;66028;Capital;660283506;;983;298;-24,8309;-65,487854;0,826283981
660283906;233;27;78;0;33;19;22;1;22;11;3;132;134;48;177;96;167;35;31;125;18;95;78;88;8;2;43;9;71;39;24;49;17;24;24;33;41;42;93;66;Salta;66028;Capital;660283906;;925;233;-24,826316;-65,40119;0,058962989
660284206;226;20;144;0;21;9;6;10;6;4;1;121;102;30;209;73;147;44;35;114;10;85;93;120;20;7;67;20;72;32;34;23;14;31;31;41;32;45;77;66;Salta;66028;Capital;660284206;;841;226;-24,828267;-65,417718;0,073443307
660284306;354;10;230;0;6;2;5;5;5;7;1;41;144;12;323;11;233;82;39;206;8;74;167;262;55;40;101;33;78;62;23;28;32;98;98;98;55;46;57;66;Salta;66028;Capital;660284306;;964;354;-24,82841;-65,425794;0,094284078
660283904;446;62;187;0;85;37;19;1;19;4;2;140;263;151;395;139;318;44;84;260;15;248;101;123;17;5;71;15;109;82;87;73;37;43;43;63;89;85;166;66;Salta;66028;Capital;660283904;;1789;446;-24,828524;-65,403878;0,104089535
660283905;294;30;115;0;35;13;23;3;23;8;0;88;195;86;272;78;180;35;79;158;9;131;109;131;10;12;58;13;60;49;49;57;31;35;33;44;56;61;100;66;Salta;66028;Capital;660283905;;1166;294;-24,828309;-65,400806;0,076944545
660283802;398;28;157;0;43;15;13;5;13;2;0;265;270;141;337;84;315;23;60;222;15;209;106;116;7;3;55;17;91;56;67;78;43;46;46;54;78;73;147;66;Salta;66028;Capital;660283802;;1550;398;-24,827901;-65,384508;0,146696229
660284309;274;30;170;1;28;9;16;2;16;5;2;147;155;66;247;97;166;41;67;133;12;109;100;133;23;10;53;24;67;37;35;42;19;50;49;52;42;41;90;66;Salta;66028;Capital;660284309;;988;274;-24,829829;-65,420425;0,131293525
660283804;419;47;163;0;57;20;56;3;56;7;3;263;284;173;351;152;333;27;59;239;32;189;115;129;11;3;51;24;92;71;59;80;45;48;48;78;76;72;145;66;Salta;66028;Capital;660283804;;1566;419;-24,829142;-65,390436;0,104831013
660280613;429;21;273;0;25;10;5;11;5;5;0;214;79;30;404;21;294;60;75;234;4;165;183;224;28;13;99;36;91;61;61;82;47;51;51;85;75;80;138;66;Salta;66028;Capital;660280613;;1600;429;-24,729375;-65,40128;0,089194761
660280103;128;27;30;0;19;10;59;70;59;109;61;110;99;83;74;120;115;2;11;50;2;63;33;45;8;4;22;9;32;25;10;13;14;25;25;28;23;13;39;66;Salta;66028;Capital;660280103;;407;128;-24,77134;-65,559147;52,63660318
660280806;338;27;205;1;22;3;7;8;7;8;1;77;151;38;303;62;202;79;57;176;16;108;155;204;31;18;86;12;102;61;32;51;30;50;50;54;72;70;92;66;Salta;66028;Capital;660280806;;1185;338;-24,730724;-65,398837;0,117302117
660280805;437;67;269;0;49;19;35;16;35;47;22;263;203;105;401;242;263;99;75;215;15;119;209;274;37;28;130;21;135;70;55;52;29;75;75;62;85;79;136;66;Salta;66028;Capital;660280805;;1523;437;-24,732075;-65,396719;0,168609304
660070804;366;85;122;0;61;25;23;9;23;8;4;271;223;114;307;226;251;49;66;175;3;142;80;110;23;7;57;18;123;61;55;49;32;28;28;51;79;75;133;66;Salta;66007;Anta;660070804;;1461;366;-24,72257;-64,196076;0,193035204
660070803;178;43;69;0;36;13;11;13;11;22;12;148;102;71;148;153;132;28;18;92;0;70;39;57;5;13;32;3;75;20;34;28;8;10;10;14;24;40;90;66;Salta;66007;Anta;660070803;;801;178;-24,722394;-64,199477;0,144177175
660280901;442;28;312;1;24;6;11;14;11;9;1;219;186;94;406;19;242;133;67;254;5;92;220;312;41;51;107;26;82;67;56;62;65;84;83;92;78;85;104;66;Salta;66028;Capital;660280901;;1460;442;-24,732031;-65,408686;0,240024832
660280804;357;53;167;1;53;25;49;8;49;51;27;249;228;150;331;285;272;58;27;202;22;144;149;178;22;7;99;22;131;88;31;32;17;36;36;70;64;76;111;66;Salta;66028;Capital;660280804;;1301;357;-24,732257;-65,394102;0,111127813
660070802;226;57;58;0;45;14;32;8;32;78;36;214;134;102;174;201;176;32;18;114;2;102;42;54;12;0;42;7;82;36;32;33;14;22;21;28;37;45;95;66;Salta;66007;Anta;660070802;;932;226;-24,725048;-64,203301;0,338335222
660280902;302;34;189;0;26;11;7;3;7;2;0;232;51;61;281;33;224;48;30;153;2;110;137;162;16;9;56;13;53;43;54;47;48;44;44;54;64;38;102;66;Salta;66028;Capital;660280902;;1160;302;-24,73191;-65,404707;0,070015197
660280904;374;22;261;0;20;6;7;12;7;8;3;105;165;27;347;28;243;82;49;215;3;107;197;251;40;14;79;20;77;62;41;55;35;84;84;65;67;67;91;66;Salta;66028;Capital;660280904;;1204;374;-24,732655;-65,40232;0,125699958
660070806;336;53;132;0;51;9;35;9;35;63;43;286;165;100;277;260;236;32;68;173;3;123;80;120;30;10;73;14;118;46;52;40;23;43;43;41;57;70;125;66;Salta;66007;Anta;660070806;;1317;336;-24,726283;-64,190885;0,433370898
660285007;269;11;229;3;7;2;1;8;1;204;42;88;69;22;253;28;199;38;32;111;1;26;76;235;16;143;153;49;99;34;22;13;10;42;40;70;40;65;54;66;Salta;66028;Capital;660285007;;871;269;-24,736933;-65,49517;1,223411117
660070508;42;9;10;0;6;2;42;42;42;41;40;42;42;42;10;42;41;0;1;10;0;14;4;4;0;0;0;1;17;6;3;3;7;5;5;7;6;5;19;66;Salta;66007;Anta;660070508;;158;42;-24,851608;-63,332321;932,6387972
660285006;445;46;266;1;50;17;55;4;55;344;125;254;178;127;393;195;327;69;49;231;9;125;142;284;33;109;148;37;156;61;36;40;26;89;89;78;77;93;108;66;Salta;66028;Capital;660285006;;1492;445;-24,737013;-65,482553;0,657716444
660070809;324;57;143;1;35;13;21;3;21;22;10;198;118;80;286;189;231;37;56;167;3;118;78;120;34;8;75;22;106;51;49;32;27;37;36;60;60;68;100;66;Salta;66007;Anta;660070809;;1195;324;-24,725783;-64,200472;0,181179541
660280807;409;39;239;0;32;9;30;12;30;56;41;136;202;105;359;124;295;58;56;232;14;111;179;268;38;51;103;27;99;63;30;56;55;79;79;93;77;65;95;66;Salta;66028;Capital;660280807;;1320;409;-24,739007;-65,393162;0,681151441
660490304;95;14;34;0;13;5;6;6;6;92;37;86;74;52;79;93;82;4;9;40;5;44;22;26;2;2;21;3;36;8;15;14;4;15;15;9;17;16;38;66;Salta;66049;General Güemes;660490304;;362;95;-24,736836;-65,084018;0,179470589
660280208;166;24;55;0;18;4;19;9;19;146;58;147;130;87;125;153;133;13;20;100;3;81;40;47;6;1;27;12;45;28;11;22;18;30;30;26;24;34;52;66;Salta;66028;Capital;660280208;;596;166;-24,737816;-65,085403;0,268921902
660280203;350;3;329;0;2;0;0;5;0;2;0;64;67;9;347;4;268;57;25;167;4;10;95;340;22;223;212;30;179;60;10;13;8;50;50;60;78;97;65;66;Salta;66028;Capital;660280203;;1137;350;-24,735996;-65,389677;0,245035006
660280903;251;8;176;0;9;3;3;2;3;1;0;56;121;28;234;15;151;76;24;146;11;55;141;184;29;14;69;21;51;45;23;36;30;45;45;63;55;50;38;66;Salta;66028;Capital;660280903;;755;251;-24,733883;-65,405335;0,036162988
660070808;345;72;136;0;50;15;27;14;27;40;22;284;134;62;286;238;211;86;48;189;2;111;98;155;36;21;61;18;95;56;37;42;36;61;61;62;62;78;82;66;Salta;66007;Anta;660070808;;1165;345;-24,728877;-64,195156;0,386479388
660280905;390;9;334;0;4;0;1;3;1;6;0;40;119;12;376;6;278;78;34;207;9;49;203;331;37;91;154;36;114;68;32;29;39;72;72;89;84;73;72;66;Salta;66028;Capital;660280905;;1195;390;-24,735036;-65,407286;0,170927495
660490207;6;1;1;0;0;0;1;2;1;5;0;4;2;2;4;6;0;1;5;1;0;1;1;1;0;0;1;0;2;1;1;0;0;2;2;0;1;0;3;66;Salta;66049;General Güemes;660490207;;22;6;-24,804143;-64,906013;159,7980572
660280808;297;13;212;1;8;2;4;6;4;6;3;47;107;11;277;7;180;77;40;154;3;61;151;220;29;40;80;21;58;40;37;34;40;67;67;63;63;43;61;66;Salta;66028;Capital;660280808;;916;297;-24,735899;-65,399091;0,089449182
660070307;13;6;7;0;0;0;6;8;6;8;5;11;11;9;4;11;6;2;5;4;0;4;2;3;0;1;2;1;1;1;0;2;2;6;6;1;5;1;0;66;Salta;66007;Anta;660070307;;27;13;-24,864626;-64,706843;271,7545818
660280810;282;13;222;0;13;3;3;7;3;4;0;17;85;5;264;4;186;52;44;148;4;42;135;233;36;62;109;27;80;54;25;25;33;38;38;73;69;46;56;66;Salta;66028;Capital;660280810;;890;282;-24,737005;-65,401918;0,094309933
660280906;261;13;223;0;2;2;1;8;1;6;1;29;69;12;250;7;170;67;24;138;9;31;116;228;28;84;104;34;61;46;25;21;17;57;57;76;52;43;33;66;Salta;66028;Capital;660280906;;712;261;-24,736756;-65,410074;0,130835759
660560201;38;10;0;0;14;6;37;23;37;34;32;38;36;30;20;38;31;0;7;12;3;20;8;10;2;0;6;1;14;1;6;3;2;11;11;2;8;2;15;66;Salta;66056;General José de San Martín;660560201;;141;38;-22,070035;-63,878012;155,8604173
660560101;40;9;4;0;8;3;35;29;35;28;27;40;33;39;11;40;39;0;1;17;0;24;7;7;0;0;2;1;14;8;1;5;3;8;8;5;4;9;14;66;Salta;66056;General José de San Martín;660560101;;136;40;-22,025109;-63,832651;60,23212718
660560102;709;146;168;0;158;58;377;191;377;500;437;608;532;425;545;562;569;36;104;285;82;273;192;241;36;13;131;49;268;117;50;52;45;128;128;109;135;135;202;66;Salta;66056;General José de San Martín;660560102;;2397;709;-22,052847;-63,740242;109,1539944
660560103;150;26;15;0;40;18;120;102;120;139;129;147;123;108;85;145;127;0;23;47;28;57;18;21;0;3;15;10;52;21;13;12;15;27;27;28;27;25;43;66;Salta;66056;General José de San Martín;660560103;;519;150;-22,103985;-63,658017;133,8283538
660560104;23;8;0;0;6;3;13;23;13;19;16;23;18;19;8;23;23;0;0;5;1;14;3;3;0;0;1;3;7;2;1;2;3;5;5;6;2;3;7;66;Salta;66056;General José de San Martín;660560104;;70;23;-22,105976;-63,587919;186,555791
660560207;42;7;13;0;3;3;11;33;11;36;29;36;20;36;30;42;20;0;22;4;1;16;13;14;0;1;0;1;0;3;3;1;4;30;30;5;3;2;2;66;Salta;66056;General José de San Martín;660560207;;71;42;-22,085386;-63,368878;764,2172149
661330101;622;378;5;0;329;186;578;417;578;442;430;610;581;583;66;599;592;12;18;234;0;254;67;97;22;8;44;27;262;147;35;46;30;75;75;99;117;99;232;66;Salta;66133;Rivadavia;661330101;;2327;622;-22,100787;-62,964782;758,5809964
660560801;259;52;66;0;53;17;96;8;96;140;99;250;176;155;225;202;210;18;31;110;46;95;68;90;16;6;56;13;89;56;26;24;20;31;31;47;49;50;82;66;Salta;66056;General José de San Martín;660560801;;931;259;-22,043531;-63,69058;0,363911472
660560803;268;48;67;0;64;26;79;5;79;79;51;252;186;150;223;250;223;19;26;150;23;111;64;74;5;5;37;15;79;60;37;31;18;28;28;35;53;46;106;66;Salta;66056;General José de San Martín;660560803;;1089;268;-22,044736;-63,690115;0,101478811
660560802;231;48;98;1;41;17;44;4;44;67;51;207;115;53;193;186;184;30;17;111;41;91;67;87;14;6;54;13;76;25;40;31;14;32;32;32;31;39;97;66;Salta;66056;General José de San Martín;660560802;;903;231;-22,04621;-63,686732;0,12621601
660560813;245;51;19;0;47;20;122;10;122;230;184;242;217;108;159;236;200;25;20;115;30;79;51;56;1;4;30;6;72;42;33;40;21;31;31;31;45;47;91;66;Salta;66056;General José de San Martín;660560813;;915;245;-22,053667;-63,678187;1,093360976
660560804;243;18;110;1;32;9;11;7;11;16;6;201;111;111;217;137;179;49;15;113;18;92;78;102;17;7;53;17;66;31;37;31;25;36;36;40;45;44;78;66;Salta;66056;General José de San Martín;660560804;;904;243;-22,047124;-63,691741;0,163702899
660560805;343;57;157;2;57;17;42;20;42;47;32;181;161;107;263;163;284;36;23;180;13;138;102;160;46;12;104;18;135;56;37;45;17;35;35;47;53;65;143;66;Salta;66056;General José de San Martín;660560805;;1346;343;-22,04873;-63,699049;0,39124175
660560807;360;45;184;1;26;10;21;12;21;23;9;243;81;53;322;143;195;113;52;161;18;113;143;212;51;18;112;18;116;54;36;34;21;81;81;60;74;70;75;66;Salta;66056;General José de San Martín;660560807;;1123;360;-22,050007;-63,690057;0,35363741
660560812;372;64;135;1;61;23;81;13;81;179;142;309;221;100;321;255;274;54;44;216;55;124;113;150;18;19;60;11;103;70;42;51;28;67;66;51;77;57;121;66;Salta;66056;General José de San Martín;660560812;;1329;372;-22,053058;-63,68518;0,381083512
660560806;277;75;134;0;16;4;15;5;15;36;23;180;103;53;244;78;201;45;31;129;9;85;95;149;38;16;68;17;77;42;33;39;22;47;47;55;61;54;60;66;Salta;66056;General José de San Martín;660560806;;888;277;-22,051781;-63,697265;0,269612724
660560808;179;24;88;0;16;4;8;6;8;7;4;132;54;33;147;62;116;38;25;85;10;63;70;95;15;10;40;15;35;19;25;27;17;41;41;32;25;35;46;66;Salta;66056;General José de San Martín;660560808;;574;179;-22,053222;-63,690455;0,096319808
660560809;335;46;137;0;35;8;35;7;35;49;38;273;159;117;287;181;257;42;36;147;8;121;109;147;29;9;70;27;100;52;39;46;25;46;45;57;64;61;108;66;Salta;66056;General José de San Martín;660560809;;1235;335;-22,055085;-63,694677;0,235532839
660560810;184;38;70;2;39;21;43;9;43;47;38;172;102;67;150;127;127;34;23;97;8;68;49;68;13;6;29;9;52;27;24;23;19;30;28;27;32;31;66;66;Salta;66056;General José de San Martín;660560810;;678;184;-22,056654;-63,690787;0,198520416
660560811;362;44;146;1;49;13;72;20;72;121;100;294;164;120;316;229;233;80;49;172;49;121;112;182;43;27;76;25;83;63;36;44;35;76;74;79;59;59;91;66;Salta;66056;General José de San Martín;660560811;;1169;362;-22,05895;-63,686013;0,400105282
660560902;206;23;81;0;26;11;38;2;38;46;38;189;104;74;166;157;175;18;13;97;16;89;58;66;5;3;34;7;67;39;24;25;16;28;28;27;30;47;74;66;Salta;66056;General José de San Martín;660560902;;774;206;-22,058509;-63,695757;0,14984506
660560901;181;25;59;0;24;4;46;83;46;14;12;169;109;77;140;151;151;15;15;96;23;66;53;65;10;2;40;7;63;43;22;16;10;20;20;20;37;34;70;66;Salta;66056;General José de San Martín;660560901;;706;181;-22,059111;-63,698874;0,091057806
660560903;343;30;124;1;31;12;31;2;31;21;13;321;147;133;267;231;274;45;24;187;12;132;107;137;20;10;72;17;85;53;46;59;33;50;50;46;68;56;123;66;Salta;66056;General José de San Martín;660560903;;1278;343;-22,061662;-63,68933;0,260217807
660560905;310;21;89;0;40;7;62;25;62;18;11;280;186;139;219;281;251;32;27;146;28;119;77;88;7;4;40;13;109;46;35;34;21;52;52;37;62;54;105;66;Salta;66056;General José de San Martín;660560905;;1129;310;-22,061069;-63,696838;0,115215749
660560904;242;36;68;0;34;13;49;6;49;43;32;233;160;110;180;220;203;17;22;133;20;86;67;79;10;2;28;17;71;44;23;33;18;36;36;35;53;43;75;66;Salta;66056;General José de San Martín;660560904;;859;242;-22,062879;-63,6917;0,151171724
660560910;299;62;77;0;54;23;76;5;76;82;72;277;212;199;232;287;247;22;30;132;12;135;79;96;14;3;46;17;105;68;30;28;22;29;29;61;54;51;104;66;Salta;66056;General José de San Martín;660560910;;1112;299;-22,067272;-63,6873;0,526839236
660560906;237;21;56;0;34;13;55;23;55;60;45;216;172;72;200;230;205;12;20;116;16;95;68;79;10;1;51;12;101;51;19;16;11;27;27;35;40;53;82;66;Salta;66056;General José de San Martín;660560906;;888;237;-22,063061;-63,697152;0,133159228
660560909;296;83;37;0;90;43;168;43;168;227;210;283;229;190;233;287;237;16;43;153;19;131;70;74;2;2;39;19;123;53;20;33;12;36;36;43;58;59;100;66;Salta;66056;General José de San Martín;660560909;;1100;296;-22,076019;-63,693517;1,104728508
660560908;143;29;9;0;48;25;82;1;82;141;104;142;120;104;110;142;127;2;14;51;6;71;34;43;7;2;38;5;71;25;6;7;2;27;27;17;30;26;43;66;Salta;66056;General José de San Martín;660560908;;492;143;-22,070196;-63,695377;0,227685251
660560911;273;69;37;0;76;34;100;66;100;79;64;252;197;173;176;260;237;13;23;138;14;121;42;48;4;2;25;8;95;51;31;41;24;23;23;31;46;50;123;66;Salta;66056;General José de San Martín;660560911;;1125;273;-22,077489;-63,686711;1,062901963
660560907;173;46;19;0;52;24;121;6;121;156;134;171;154;123;122;171;164;1;8;75;9;79;48;54;3;3;39;11;71;38;9;6;5;33;33;29;31;42;38;66;Salta;66056;General José de San Martín;660560907;;550;173;-22,070725;-63,69828;0,126312353
661610102;225;65;42;0;35;15;151;220;151;212;186;222;207;166;61;225;189;29;7;80;1;63;22;53;25;6;19;18;89;30;37;17;8;26;26;30;50;39;80;66;Salta;66161;Santa Victoria;661610102;;833;225;-22,143115;-65,036665;148,0474776
661610101;49;8;0;1;6;1;48;36;48;48;48;49;48;45;1;49;47;0;2;16;2;12;8;10;1;1;5;7;13;7;6;3;6;7;7;13;11;10;8;66;Salta;66161;Santa Victoria;661610101;;149;49;-22,15832;-65,147369;193,7082729
660560912;192;58;19;0;70;32;125;15;125;147;127;185;158;129;119;188;178;8;6;67;22;88;38;50;5;7;28;9;88;32;15;9;11;28;28;21;37;34;72;66;Salta;66056;General José de San Martín;660560912;;734;192;-22,083978;-63,69026;0,515969711
660560202;137;41;0;1;9;2;81;54;81;126;98;137;102;98;8;135;131;1;5;60;13;51;20;28;8;0;13;15;52;16;8;3;7;36;36;27;24;25;25;66;Salta;66056;General José de San Martín;660560202;;396;137;-22,195339;-63,931838;368,2236395
660560203;246;71;22;0;55;25;130;51;130;203;153;237;159;122;129;242;223;3;20;131;1;118;44;61;14;3;35;9;83;26;44;43;18;23;23;30;26;37;130;66;Salta;66056;General José de San Martín;660560203;;1100;246;-22,17633;-63,774233;176,9863419
661610103;241;44;17;0;25;10;171;182;171;227;193;233;217;193;45;238;213;19;9;89;2;70;10;30;18;2;14;25;72;28;39;15;13;49;49;48;38;38;68;66;Salta;66161;Santa Victoria;661610103;;801;241;-22,175699;-64,904823;205,1505282
660560206;55;24;11;0;6;1;26;53;26;51;47;54;31;49;34;54;21;1;33;6;1;28;5;6;1;0;0;1;6;7;1;0;6;34;34;9;8;2;2;66;Salta;66056;General José de San Martín;660560206;;94;55;-22,235071;-63,324414;799,9393721
660560210;230;78;16;0;57;24;87;6;87;175;101;225;151;147;143;228;210;3;17;124;12;91;47;62;9;6;41;23;95;30;21;20;9;32;32;35;36;52;75;66;Salta;66056;General José de San Martín;660560210;;827;230;-22,145558;-63,70747;3,706577208
660560205;126;32;28;0;25;13;51;42;51;119;73;118;79;68;82;125;110;2;14;55;4;63;29;32;2;1;21;5;51;15;16;20;7;12;12;13;18;23;60;66;Salta;66056;General José de San Martín;660560205;;531;126;-22,303677;-63,639378;358,3790865
661330108;251;158;23;0;123;86;219;6;219;163;154;248;229;241;26;243;240;10;1;136;0;78;25;39;13;1;18;12;95;80;8;12;9;35;35;52;38;41;85;66;Salta;66133;Rivadavia;661330108;;862;251;-22,156713;-62,814864;1,927902876
661330109;166;100;8;0;100;66;150;98;150;146;140;166;161;165;14;165;157;2;7;57;0;63;13;16;3;0;12;10;64;51;13;5;7;16;16;30;25;31;64;66;Salta;66133;Rivadavia;661330109;;613;166;-22,160916;-62,806022;1,195731798
661610106;125;26;34;1;19;5;64;57;64;110;94;116;99;97;50;116;110;10;5;52;0;32;19;28;7;2;12;9;31;13;21;15;25;11;10;28;17;29;41;66;Salta;66161;Santa Victoria;661610106;;462;125;-22,226996;-65,040358;61,4554799
661610201;96;8;14;0;5;1;15;16;15;92;49;46;48;47;61;95;88;4;4;40;16;36;11;13;1;1;10;13;28;14;6;4;5;26;26;21;21;11;17;66;Salta;66161;Santa Victoria;661610201;;263;96;-22,211189;-64,653842;32,89714978
661610202;185;28;45;1;5;0;50;50;50;155;74;90;160;130;100;181;180;2;3;63;3;55;20;28;5;3;16;29;44;19;18;3;12;60;59;46;21;23;36;66;Salta;66161;Santa Victoria;661610202;;495;185;-22,314428;-64,70851;393,5253725
661330103;95;35;1;0;40;20;84;56;84;72;66;87;93;95;13;94;92;0;3;26;0;31;2;6;4;0;2;4;35;25;5;3;3;20;20;13;13;15;34;66;Salta;66133;Rivadavia;661330103;;333;95;-22,372599;-62,981459;1168,057039
661610104;39;3;1;0;4;1;31;31;31;38;31;39;30;37;8;39;35;0;4;9;0;16;1;3;0;2;1;12;11;6;3;0;2;5;5;17;5;8;4;66;Salta;66161;Santa Victoria;661610104;;108;39;-22,286989;-64,847046;257,5183981
661330102;690;461;2;0;406;259;672;410;672;373;363;688;663;681;100;662;649;2;39;247;0;225;32;49;7;10;14;33;267;173;28;51;39;99;98;124;126;112;230;66;Salta;66133;Rivadavia;661330102;;2430;690;-22,327443;-62,737598;603,7499387
660560208;199;75;30;0;58;32;120;8;120;162;143;196;160;147;112;194;181;0;18;74;8;94;29;34;2;3;23;10;75;37;21;21;12;23;23;28;26;34;88;66;Salta;66056;General José de San Martín;660560208;;803;199;-22,200458;-63,669469;3,412224578
661610109;52;11;0;1;8;2;51;52;51;47;47;52;52;52;1;49;47;2;3;22;3;23;2;2;0;0;5;10;7;7;9;4;7;8;8;14;11;6;13;66;Salta;66161;Santa Victoria;661610109;;166;52;-22,286931;-65,188909;135,5900697
661610108;33;4;1;0;4;2;29;23;29;33;30;33;31;28;8;33;33;0;0;11;0;15;5;5;0;0;0;4;10;5;2;4;1;7;6;7;6;4;10;66;Salta;66161;Santa Victoria;661610108;;104;33;-22,340639;-65,168332;179,0791235
661610203;8;0;1;0;0;0;6;6;6;8;7;6;7;8;4;8;5;2;1;3;0;2;1;3;2;0;2;1;1;0;0;1;2;3;3;2;3;0;0;66;Salta;66161;Santa Victoria;661610203;;16;8;-22,387359;-64,597009;261,8278956
661610107;46;10;0;0;5;4;33;46;33;40;37;46;46;45;0;43;35;1;10;24;0;16;0;2;2;0;0;4;7;7;7;3;0;18;18;9;8;5;6;66;Salta;66161;Santa Victoria;661610107;;111;46;-22,31934;-65,061892;92,40753181
660561001;205;35;74;0;34;15;61;9;61;68;59;195;126;115;155;89;164;18;23;101;3;88;60;74;13;1;40;14;72;51;17;16;13;22;22;47;36;37;63;66;Salta;66056;General José de San Martín;660561001;;723;205;-22,235617;-63,740309;0,631187559
660561004;309;71;119;0;39;16;50;6;50;56;33;268;132;116;247;132;250;29;30;162;17;116;102;137;24;11;69;18;107;77;13;26;21;47;47;64;54;71;73;66;Salta;66056;General José de San Martín;660561004;;1029;309;-22,235091;-63,727523;1,018304453
660561002;276;108;143;0;23;4;10;7;10;6;2;111;96;50;241;27;210;25;41;127;5;96;107;146;32;7;80;12;91;41;46;34;18;34;34;41;57;53;91;66;Salta;66056;General José de San Martín;660561002;;1013;276;-22,232946;-63,734356;0,15764645
661610205;198;10;71;0;7;1;16;19;16;192;70;60;86;56;139;193;166;14;18;87;6;50;39;76;28;9;39;21;69;33;17;10;4;44;44;36;43;36;39;66;Salta;66161;Santa Victoria;661610205;;601;198;-22,26708;-64,696838;3,429248151
661610105;112;15;0;0;17;3;94;111;94;93;92;110;100;109;0;110;99;1;12;60;0;40;2;2;0;0;3;15;33;16;10;7;7;24;24;28;14;13;33;66;Salta;66161;Santa Victoria;661610105;;353;112;-22,347262;-64,929453;249,7856814
660561003;265;20;163;0;11;3;6;8;6;23;2;121;44;27;245;27;168;60;37;96;2;61;128;179;36;15;105;26;95;32;30;25;11;46;46;49;54;50;66;66;Salta;66056;General José de San Martín;660561003;;861;265;-22,237524;-63,735133;0,30424622
661610111;218;43;126;0;36;16;12;23;12;38;26;169;132;93;190;212;126;62;30;95;1;69;67;110;35;8;37;11;59;41;24;19;18;46;46;40;41;42;49;66;Salta;66161;Santa Victoria;661610111;;689;218;-22,251027;-64,964668;0,236599886
661610110;210;44;82;1;33;13;42;21;42;51;31;140;140;91;165;209;140;51;19;94;3;68;65;89;20;4;40;17;59;32;12;18;18;54;54;46;45;31;34;66;Salta;66161;Santa Victoria;661610110;;599;210;-22,250064;-64,968687;0,245931844
660561011;141;13;58;0;22;7;17;2;17;40;34;137;64;51;125;47;98;17;26;64;1;68;42;56;11;3;27;11;39;24;14;12;13;28;28;27;23;31;32;66;Salta;66056;General José de San Martín;660561011;;445;141;-22,242167;-63,7427;0,565317003
660561010;268;35;136;0;24;6;27;24;27;25;18;228;77;71;229;61;166;63;39;118;5;99;83;130;33;14;68;26;63;36;32;19;23;69;69;61;39;48;51;66;Salta;66056;General José de San Martín;660561010;;783;268;-22,242095;-63,735475;0,188923858
660561007;204;17;107;0;12;2;8;9;8;30;16;179;52;40;167;54;126;43;35;117;4;62;84;114;21;9;47;22;49;32;16;18;15;52;52;48;38;35;31;66;Salta;66056;General José de San Martín;660561007;;581;204;-22,243533;-63,731594;0,149276611
660561006;313;40;170;0;20;5;9;12;9;12;4;163;97;40;270;44;218;49;46;143;6;89;123;193;56;14;119;37;108;55;26;16;17;54;54;81;58;59;61;66;Salta;66056;General José de San Martín;660561006;;960;313;-22,242214;-63,73003;0,222437579
660561005;269;42;49;0;51;14;106;15;106;122;102;264;158;147;209;151;245;10;14;131;12;117;57;73;14;2;38;16;108;39;27;27;15;37;37;35;58;57;82;66;Salta;66056;General José de San Martín;660561005;;971;269;-22,244262;-63,725721;0,481262529
660560204;196;59;6;0;51;27;157;33;157;171;151;190;181;172;47;195;185;6;5;116;2;97;40;49;9;0;23;4;67;40;14;17;24;30;30;29;27;53;57;66;Salta;66056;General José de San Martín;660560204;;712;196;-22,295425;-63,782149;96,86405856
660561013;353;79;92;1;92;45;72;4;72;64;52;335;202;171;248;170;314;21;18;209;3;169;96;107;7;4;59;16;126;71;42;42;21;35;35;50;65;62;141;66;Salta;66056;General José de San Martín;660561013;;1376;353;-22,248338;-63,743617;0,57130128
660561012;147;32;50;0;28;15;42;4;42;41;31;132;69;59;110;57;119;12;16;80;5;59;44;63;17;2;36;15;54;21;10;14;5;28;28;28;28;24;39;66;Salta;66056;General José de San Martín;660561012;;473;147;-22,246064;-63,740208;0,236072634
660561009;243;42;112;0;13;2;8;7;8;9;4;165;63;33;197;32;158;42;43;115;4;78;89;135;35;11;58;26;60;46;18;19;17;57;57;59;44;33;50;66;Salta;66056;General José de San Martín;660561009;;718;243;-22,24773;-63,735102;0,284636834
660561008;203;18;78;0;35;6;28;1;28;55;37;175;95;71;158;66;168;8;27;100;11;70;68;84;11;5;47;12;59;33;31;22;15;31;31;40;35;31;66;66;Salta;66056;General José de San Martín;660561008;;720;203;-22,247777;-63,73036;0,340573579
661610206;156;18;68;0;7;3;16;2;16;149;38;49;89;58;126;155;127;14;15;55;8;51;21;46;21;4;36;17;64;25;11;6;4;29;29;29;38;32;28;66;Salta;66161;Santa Victoria;661610206;;495;156;-22,274326;-64,692373;2,101435868
661610112;16;1;0;0;2;0;14;15;14;16;16;16;15;16;0;16;15;1;0;13;0;5;4;5;1;0;2;0;7;3;1;1;0;4;4;1;4;2;5;66;Salta;66161;Santa Victoria;661610112;;53;16;-22,2609;-65,161167;0,238820143
660561014;277;97;17;0;119;59;208;176;208;205;184;273;227;207;125;231;257;1;19;163;1;124;35;38;0;3;13;6;86;44;41;45;28;27;27;33;39;31;147;66;Salta;66056;General José de San Martín;660561014;;1234;277;-22,252613;-63,75106;0,386056945
660560401;75;12;0;0;21;8;73;75;73;74;73;75;74;72;48;75;63;0;12;21;6;25;9;10;1;0;8;2;41;11;7;4;1;9;9;6;17;17;26;66;Salta;66056;General José de San Martín;660560401;;277;75;-22,576655;-64,062427;1497,919924
660560303;91;29;5;0;18;9;90;89;90;80;56;91;64;90;7;89;83;0;8;24;0;26;8;10;1;1;5;12;27;11;4;5;4;28;28;22;17;7;17;66;Salta;66056;General José de San Martín;660560303;;250;91;-22,531215;-63,320033;1585,663411
660560402;75;8;29;0;14;8;25;9;25;61;40;74;38;39;54;63;53;9;13;25;1;31;22;26;3;1;20;12;29;10;4;7;2;11;11;19;12;12;21;66;Salta;66056;General José de San Martín;660560402;;253;75;-22,434043;-63,894964;447,5550503
661330110;197;75;75;0;43;21;66;20;66;185;104;172;100;96;180;166;154;28;15;103;2;77;42;84;29;13;40;9;60;41;21;14;15;37;37;33;34;39;54;66;Salta;66133;Rivadavia;661330110;;687;197;-22,270538;-62,711333;0,816779788
661330111;225;75;62;1;59;41;100;41;100;218;122;211;142;131;153;222;193;15;17;112;9;70;44;79;17;18;39;16;73;47;15;29;17;28;27;43;45;37;73;66;Salta;66133;Rivadavia;661330111;;801;225;-22,273699;-62,711081;0,413892475
661330112;300;78;86;0;69;37;142;35;142;289;209;289;192;210;215;291;248;40;12;142;4;116;61;109;40;8;55;18;104;59;31;24;16;48;48;51;69;44;88;66;Salta;66133;Rivadavia;661330112;;1020;300;-22,276974;-62,713351;0,492893188
661330113;197;42;61;0;33;15;130;8;130;185;148;186;154;116;152;188;170;20;7;118;1;71;51;89;32;6;31;8;77;45;5;8;12;42;42;38;38;46;33;66;Salta;66133;Rivadavia;661330113;;593;197;-22,28492;-62,71387;1,289305173
660560209;206;66;38;0;53;20;138;67;138;175;129;205;164;83;158;203;172;2;32;114;3;91;46;64;15;3;27;8;79;48;13;21;12;25;25;35;41;39;66;66;Salta;66056;General José de San Martín;660560209;;739;206;-22,32463;-63,751849;1,101369457
661330106;331;209;4;0;208;134;324;210;324;198;196;331;320;325;24;331;325;1;5;115;0;146;20;26;4;2;7;15;159;76;19;28;7;27;27;42;69;40;153;66;Salta;66133;Rivadavia;661330106;;1360;331;-22,437013;-62,51902;389,4872073
660560302;368;117;33;1;129;55;264;51;264;298;266;355;297;266;170;353;320;11;37;190;19;155;52;67;9;6;35;20;131;70;33;28;14;72;71;49;65;55;128;66;Salta;66056;General José de San Martín;660560302;;1305;368;-22,424233;-63,685374;287,3980345
661610303;38;11;0;0;2;1;35;38;35;31;28;38;38;38;0;37;36;0;2;25;0;13;1;1;0;0;3;5;10;6;2;2;1;12;12;9;7;3;7;66;Salta;66161;Santa Victoria;661610303;;98;38;-22,407851;-64,956259;103,7806115
661610302;32;2;0;0;1;0;29;31;29;30;29;32;32;32;3;31;30;0;2;9;0;9;3;3;0;0;0;5;1;5;4;1;1;15;15;7;5;1;4;66;Salta;66161;Santa Victoria;661610302;;70;32;-22,467308;-64,975996;305,972036
660560301;327;77;88;0;84;33;166;52;166;211;182;310;204;189;252;232;260;15;52;146;12;122;100;128;22;6;77;23;125;61;24;16;10;68;68;55;68;44;92;66;Salta;66056;General José de San Martín;660560301;;1102;327;-22,448827;-63,820259;125,5548317
660560305;177;51;38;0;63;32;141;24;141;155;139;175;122;136;116;177;171;0;6;82;1;86;25;32;7;0;15;3;56;27;38;34;13;6;6;14;16;25;116;66;Salta;66056;General José de San Martín;660560305;;976;177;-22,367525;-63,769011;0,419644889
660560306;216;82;20;0;98;56;185;14;185;201;184;214;166;124;135;215;207;3;6;80;1;120;33;44;10;1;27;7;104;19;29;27;18;12;12;15;38;26;125;66;Salta;66056;General José de San Martín;660560306;;1123;216;-22,366744;-63,764647;0,402345178
661610301;28;6;0;0;0;0;27;27;27;22;22;28;28;28;0;27;27;0;1;13;0;8;0;0;0;0;0;5;2;7;2;1;3;8;8;13;3;2;2;66;Salta;66161;Santa Victoria;661610301;;61;28;-22,489749;-65,247649;230,2036865
661610304;172;35;61;0;20;10;65;55;65;91;67;144;147;123;96;170;138;9;25;85;0;56;25;35;9;1;14;18;49;29;10;18;18;30;29;38;33;25;47;66;Salta;66161;Santa Victoria;661610304;;558;172;-22,522023;-65,014559;243,7579962
661610204;42;10;0;0;5;4;5;26;5;40;20;42;32;31;0;42;38;1;3;15;1;12;2;4;2;0;1;3;11;7;4;3;3;11;11;9;4;3;15;66;Salta;66161;Santa Victoria;661610204;;135;42;-22,583371;-64,662593;821,033396
661330114;224;93;22;0;94;53;201;58;201;199;192;223;202;208;62;218;204;11;9;100;0;101;32;46;12;2;19;11;88;42;27;31;11;14;14;30;26;35;119;66;Salta;66133;Rivadavia;661330114;;990;224;-22,381167;-62,513692;0,907271439
660560312;160;37;11;0;53;17;109;5;109;151;134;159;101;75;102;156;151;2;7;92;5;73;28;33;5;0;12;1;66;30;22;19;9;13;13;14;27;23;83;66;Salta;66056;General José de San Martín;660560312;;686;160;-22,405776;-63,774707;0,565346313
660560304;410;155;17;0;168;86;364;140;364;389;363;405;344;341;135;399;348;3;59;165;2;145;73;82;8;1;37;33;160;74;23;24;21;75;75;64;70;65;136;66;Salta;66056;General José de San Martín;660560304;;1477;410;-22,549472;-63,558596;818,8691779
660560314;99;19;18;0;13;6;48;27;48;91;70;98;66;54;63;98;94;0;5;54;4;47;16;20;3;1;17;6;37;14;9;13;4;16;16;15;18;21;29;66;Salta;66056;General José de San Martín;660560314;;348;99;-22,430038;-63,792121;1,225115414
661610308;115;18;50;0;15;3;31;29;31;32;26;108;105;83;73;113;100;11;4;73;0;42;12;23;10;1;10;14;34;32;11;9;4;11;11;28;26;19;31;66;Salta;66161;Santa Victoria;661610308;;384;115;-22,457696;-65,081328;0,79904774
660700403;8;1;0;0;0;0;8;8;8;8;8;8;8;8;1;8;8;0;0;3;0;2;0;0;0;0;0;1;3;1;0;0;0;3;3;2;2;1;0;66;Salta;66070;Iruya;660700403;;17;8;-22,615582;-64,808033;185,1451148
661330105;37;9;1;0;8;2;35;36;35;32;31;36;22;36;1;37;34;0;3;16;0;15;1;3;1;1;1;2;12;10;2;2;3;6;6;7;8;4;12;66;Salta;66133;Rivadavia;661330105;;128;37;-22,542591;-62,599856;195,5709187
661610305;60;9;10;0;6;3;42;51;42;46;43;59;56;57;21;52;53;2;5;26;0;26;0;4;3;1;5;9;19;9;7;2;3;11;11;15;10;10;14;66;Salta;66161;Santa Victoria;661610305;;189;60;-22,549152;-65,135864;135,1906459
660560313;147;24;15;0;34;16;86;6;86;139;99;147;125;62;120;140;135;5;7;84;2;81;24;28;2;2;15;8;58;36;12;11;7;15;15;19;28;38;47;66;Salta;66056;General José de San Martín;660560313;;553;147;-22,46709;-63,791448;0,361866654
661260101;26;0;0;0;1;0;26;26;26;26;4;26;26;4;25;26;22;2;2;13;0;5;1;1;0;0;0;0;6;8;0;0;1;11;11;2;8;4;1;66;Salta;66126;Orán;661260101;;60;26;-22,631917;-64,466146;254,6420994
661610309;139;21;45;1;12;4;31;40;31;39;27;120;121;93;96;136;124;8;7;68;2;45;14;25;9;2;16;7;46;30;13;17;8;18;17;23;34;31;34;66;Salta;66161;Santa Victoria;661610309;;476;139;-22,500028;-65,09931;0,365525388
661330104;173;118;0;0;67;31;120;168;120;121;119;173;103;169;0;173;166;0;7;50;0;43;4;9;3;2;4;17;91;30;9;7;5;14;14;32;33;32;62;66;Salta;66133;Rivadavia;661330104;;662;173;-22,612857;-62,862435;1082,166058
661610306;150;35;93;0;29;14;16;12;16;7;6;95;87;62;132;143;97;34;19;80;1;52;30;63;23;10;26;9;41;34;25;13;7;21;21;30;26;31;42;66;Salta;66161;Santa Victoria;661610306;;577;150;-22,508619;-65,10259;0,113544102
660561101;331;65;64;0;76;30;228;172;228;192;168;309;248;218;224;289;298;12;21;202;3;168;59;72;9;4;36;23;113;75;25;22;12;61;61;56;73;58;83;66;Salta;66056;General José de San Martín;660561101;;1076;331;-22,498542;-63,806189;0,33026474
661610307;163;31;83;0;24;11;8;11;8;8;7;117;107;57;135;159;123;27;13;74;1;56;35;65;24;6;25;18;46;22;24;14;10;29;29;30;30;30;44;66;Salta;66161;Santa Victoria;661610307;;565;163;-22,511785;-65,101922;0,152931533
660561201;315;108;143;0;33;13;40;19;40;48;40;156;150;82;282;108;243;29;43;176;4;103;137;187;37;13;98;15;139;72;23;19;10;37;37;46;77;78;77;66;Salta;66056;General José de San Martín;660561201;;1085;315;-22,499944;-63,799233;0,218776996
660561104;359;65;43;1;72;30;245;132;245;219;189;332;295;260;206;298;337;3;19;191;6;154;60;70;9;1;31;16;100;76;39;34;19;75;74;66;48;71;100;66;Salta;66056;General José de San Martín;660561104;;1214;359;-22,503216;-63,810353;0,720188123
660561102;347;41;98;1;50;14;87;14;87;86;75;324;188;130;223;130;298;8;41;174;4;165;87;103;15;1;51;16;112;64;34;48;27;46;46;62;52;70;117;66;Salta;66056;General José de San Martín;660561102;;1278;347;-22,503566;-63,804141;0,225631693
660561203;271;152;110;0;49;17;77;9;77;76;68;267;106;124;219;104;220;21;30;123;7;88;104;138;28;6;92;10;135;59;22;9;6;30;30;34;61;67;79;66;Salta;66056;General José de San Martín;660561203;;988;271;-22,503122;-63,787708;0,4202155
660561202;225;127;115;0;11;1;3;4;3;2;1;221;52;75;208;14;176;24;25;117;0;74;96;135;30;9;78;11;104;57;13;13;10;17;17;38;48;66;56;66;Salta;66056;General José de San Martín;660561202;;806;225;-22,501662;-63,790938;0,156326332
660561206;321;90;125;0;46;16;55;6;55;41;21;207;172;98;266;76;269;18;34;182;9;120;105;136;22;9;62;14;102;49;43;41;34;38;38;55;44;61;123;66;Salta;66056;General José de San Martín;660561206;;1222;321;-22,502721;-63,801735;0,131724995
660561205;314;70;176;0;23;9;14;2;14;9;4;213;110;72;288;25;256;28;30;168;4;128;108;155;34;13;89;16;124;58;30;37;18;31;31;42;79;75;87;66;Salta;66056;General José de San Martín;660561205;;1131;314;-22,503186;-63,798992;0,14411442
660561204;361;129;186;0;27;7;9;13;9;6;0;210;104;49;318;11;281;37;43;188;8;127;144;186;34;8;107;34;110;62;41;44;27;43;43;82;84;64;88;66;Salta;66056;General José de San Martín;660561204;;1233;361;-22,504309;-63,795685;0,170271394
660561103;364;53;140;0;42;17;75;11;75;71;50;324;139;113;306;125;233;60;71;179;3;144;132;167;24;11;82;28;87;57;45;34;20;93;93;67;50;56;98;66;Salta;66056;General José de San Martín;660561103;;1162;364;-22,507993;-63,805884;0,258647754
660561105;272;77;31;0;89;46;197;117;197;158;147;268;223;191;136;207;260;4;8;148;0;122;35;39;3;1;14;10;92;72;24;21;10;43;43;35;37;54;103;66;Salta;66056;General José de San Martín;660561105;;1016;272;-22,506431;-63,815203;0,206078662
660561207;250;87;82;0;48;13;65;7;65;36;30;227;108;85;196;99;196;22;32;127;3;110;61;73;8;4;43;11;90;44;28;18;20;39;39;35;49;48;79;66;Salta;66056;General José de San Martín;660561207;;926;250;-22,505892;-63,800165;0,093250308
660561210;281;41;91;0;38;13;61;2;61;41;29;268;164;155;204;152;235;21;25;147;5;132;58;74;13;3;41;27;81;55;28;29;21;40;40;58;52;42;89;66;Salta;66056;General José de San Martín;660561210;;992;281;-22,506086;-63,790888;0,149964667
660561106;240;34;55;0;40;11;81;20;81;81;67;230;158;129;151;84;201;12;27;121;10;104;51;60;8;1;36;10;76;43;35;35;10;31;30;36;44;34;96;66;Salta;66056;General José de San Martín;660561106;;928;240;-22,509421;-63,811334;0,174656973
660561211;236;60;21;0;73;31;131;8;131;150;125;234;185;157;162;228;204;6;26;128;3;98;58;67;5;4;30;16;92;43;19;21;13;32;32;35;42;60;67;66;Salta;66056;General José de San Martín;660561211;;820;236;-22,508752;-63,788169;0,484130381
660560309;120;45;5;1;52;33;108;12;108;110;98;118;98;94;33;117;112;0;8;59;4;53;16;18;0;2;11;9;45;17;16;10;8;15;14;19;17;21;49;66;Salta;66056;General José de San Martín;660560309;;479;120;-22,509365;-63,759885;0,620631946
660561301;355;65;62;0;74;30;132;21;132;105;91;345;226;194;249;117;303;12;40;190;5;149;86;100;10;4;41;23;104;66;40;48;25;49;49;55;60;66;125;66;Salta;66056;General José de San Martín;660561301;;1342;355;-22,509556;-63,816341;0,18048172
660561209;327;40;137;2;38;13;36;9;36;24;18;299;148;114;273;132;249;30;48;161;5;132;90;126;25;11;63;23;91;43;52;43;26;49;49;59;63;63;93;66;Salta;66056;General José de San Martín;660561209;;1139;327;-22,509197;-63,795175;0,195313711
660561208;217;33;117;0;21;4;17;4;17;13;4;196;65;39;195;46;130;48;39;111;5;84;76;100;18;6;59;15;71;40;22;24;15;30;30;39;48;48;52;66;Salta;66056;General José de San Martín;660561208;;757;217;-22,507792;-63,799802;0,147609457
660560308;205;119;6;0;83;55;178;46;178;186;177;197;162;161;51;201;187;2;16;94;1;67;24;24;0;0;13;10;87;38;29;17;12;12;12;27;29;35;102;66;Salta;66056;General José de San Martín;660560308;;892;205;-22,511913;-63,773953;0,900438795
660560311;207;116;6;0;110;53;195;55;195;197;137;200;196;204;57;207;198;0;9;91;0;76;16;17;1;0;10;9;69;46;25;30;10;18;18;22;30;19;118;66;Salta;66056;General José de San Martín;660560311;;964;207;-22,513068;-63,751473;0,617390818
660561109;320;34;143;2;22;11;28;13;28;19;14;198;93;43;258;64;191;70;59;168;7;102;110;174;35;29;60;30;57;49;32;38;27;87;87;75;48;42;68;66;Salta;66056;General José de San Martín;660561109;;944;320;-22,510132;-63,79962;0,151219886
660561315;261;53;31;1;74;23;107;2;107;128;86;259;168;150;176;143;226;6;29;137;2;124;32;39;4;3;27;6;87;43;39;35;19;32;32;20;45;52;112;66;Salta;66056;General José de San Martín;660561315;;1045;261;-22,512195;-63,788031;0,144713514
660561302;368;76;94;0;59;27;79;10;79;66;55;324;217;183;290;90;305;15;48;199;7;179;98;109;8;3;58;17;122;81;36;51;16;45;45;52;81;73;117;66;Salta;66056;General José de San Martín;660561302;;1358;368;-22,511735;-63,816928;0,149956511
660561107;358;32;206;0;15;3;17;8;17;19;8;265;109;58;320;71;190;78;90;160;8;118;134;210;49;27;104;39;81;53;27;44;24;90;90;79;79;60;50;66;Salta;66056;General José de San Martín;660561107;;1000;358;-22,511351;-63,805157;0,185829108
660561304;340;34;135;0;26;7;49;13;49;65;40;297;139;102;283;81;221;42;77;163;8;135;124;153;22;7;77;27;92;61;36;37;28;59;59;74;62;70;75;66;Salta;66056;General José de San Martín;660561304;;1092;340;-22,51503;-63,809553;0,279125666
660560307;227;66;8;0;82;40;194;10;194;197;189;223;195;185;111;213;214;2;11;102;3;99;37;44;2;5;22;28;79;32;23;20;13;32;32;41;30;45;79;66;Salta;66056;General José de San Martín;660560307;;827;227;-22,513195;-63,781901;0,309917108
660561314;278;33;51;0;41;18;64;9;64;57;45;268;149;140;208;107;251;14;13;136;6;124;54;65;10;1;35;15;79;53;49;40;14;28;28;45;52;57;96;66;Salta;66056;General José de San Martín;660561314;;1035;278;-22,51341;-63,790816;0,204687868
660561313;263;33;109;0;19;6;16;6;16;12;6;214;95;77;218;91;168;57;38;135;4;90;87;121;22;12;46;23;58;39;26;38;19;60;60;53;49;50;51;66;Salta;66056;General José de San Martín;660561313;;800;263;-22,513617;-63,794971;0,150656196
660561312;373;32;211;0;13;3;9;13;9;7;2;250;88;51;338;50;207;121;45;171;4;96;151;240;46;43;113;50;85;41;29;31;36;101;101;101;62;53;56;66;Salta;66056;General José de San Martín;660561312;;1018;373;-22,513509;-63,798259;0,173094246
660561108;148;10;82;0;4;3;4;6;4;3;2;94;23;14;130;24;95;32;21;72;5;41;72;93;12;9;42;19;31;21;12;12;13;40;40;34;29;26;19;66;Salta;66056;General José de San Martín;660561108;;405;148;-22,513105;-63,801089;0,086003471
660561316;224;45;23;0;56;30;120;3;120;213;164;223;163;155;120;131;194;11;19;118;5;96;27;31;3;1;16;9;80;49;24;23;15;24;24;39;42;48;71;66;Salta;66056;General José de San Martín;660561316;;815;224;-22,512971;-63,785176;0,09775929
660561303;341;16;138;0;26;7;32;8;32;38;23;303;130;109;271;90;255;30;56;165;5;151;118;149;21;10;84;19;108;70;33;35;30;46;46;70;68;85;72;66;Salta;66056;General José de San Martín;660561303;;1122;341;-22,51466;-63,812073;0,176559931
660561401;135;29;88;0;12;0;2;18;2;6;0;92;16;5;123;8;66;21;48;49;0;27;85;100;3;12;72;7;80;24;5;5;1;13;13;19;32;44;27;66;Salta;66056;General José de San Martín;660561401;;471;135;-22,521431;-63,814878;1,579158678
660561305;236;20;155;0;9;4;9;14;9;8;5;156;51;19;208;26;124;78;34;97;4;55;102;168;31;35;77;25;57;23;18;16;20;77;77;53;38;39;29;66;Salta;66056;General José de San Martín;660561305;;623;236;-22,513913;-63,804987;0,144582536
660700101;19;8;0;0;3;3;17;18;17;14;14;19;18;12;3;18;19;0;0;10;0;6;1;3;1;1;1;2;5;0;2;2;4;4;4;6;1;4;4;66;Salta;66070;Iruya;660700101;;68;19;-22,566119;-65,292247;38,90412348
660561311;130;18;78;0;4;0;5;5;5;2;1;82;41;17;117;13;70;47;13;71;4;36;57;84;8;19;36;11;25;21;14;9;16;34;34;37;22;15;22;66;Salta;66056;General José de San Martín;660561311;;368;130;-22,516462;-63,800849;0,08606107
660561306;373;39;229;0;19;4;46;21;46;40;28;230;110;75;337;57;208;110;55;191;5;75;151;264;47;66;100;42;84;47;29;38;25;108;108;85;68;59;53;66;Salta;66056;General José de San Martín;660561306;;1038;373;-22,516709;-63,804795;0,216634871
660560310;279;112;14;0;131;57;225;98;225;251;220;274;235;224;172;269;243;5;31;136;11;131;53;59;6;0;37;13;113;47;31;19;20;36;36;28;63;52;100;66;Salta;66056;General José de San Martín;660560310;;1073;279;-22,52075;-63,774407;0,965015697
660561407;408;76;158;0;65;23;107;21;107;131;90;283;233;133;311;230;322;37;49;197;9;145;122;166;26;18;103;29;149;71;35;39;23;62;62;72;84;71;119;66;Salta;66056;General José de San Martín;660561407;;1418;408;-22,517376;-63,788424;0,375886352
660561310;275;26;143;0;18;8;27;5;27;23;12;200;84;60;250;93;188;44;43;139;11;92;97;146;14;35;69;23;70;50;22;30;17;63;63;62;54;45;51;66;Salta;66056;General José de San Martín;660561310;;812;275;-22,517145;-63,795772;0,209103441
660561408;369;103;152;0;62;25;95;27;95;177;139;233;215;129;305;207;285;55;29;165;16;131;140;190;34;16;109;30;143;67;28;27;11;63;63;64;79;79;84;66;Salta;66056;General José de San Martín;660561408;;1210;369;-22,518085;-63,781516;0,269844748
660561309;254;22;158;0;7;2;10;16;10;10;4;141;60;16;225;25;134;80;40;120;2;67;106;177;33;38;86;31;59;31;20;21;26;66;66;64;54;40;30;66;Salta;66056;General José de San Martín;660561309;;684;254;-22,519044;-63,79632;0,112973249
660561308;228;14;153;0;9;2;6;3;6;5;3;129;50;17;199;14;132;64;32;100;9;36;105;180;25;50;82;28;60;33;14;16;28;49;49;65;45;36;33;66;Salta;66056;General José de San Martín;660561308;;642;228;-22,519313;-63,800642;0,119829104
660561307;156;5;120;1;3;0;6;7;6;11;5;100;18;17;148;15;85;42;29;64;3;24;58;123;16;49;63;19;48;20;11;14;7;37;36;44;27;21;28;66;Salta;66056;General José de San Martín;660561307;;445;156;-22,519591;-63,805131;0,121592135
660561406;434;82;120;0;88;29;79;14;79;58;44;407;235;230;334;383;361;33;40;212;6;173;96;117;19;2;74;19;158;80;47;60;18;52;52;62;79;73;168;66;Salta;66056;General José de San Martín;660561406;;1687;434;-22,521253;-63,790708;0,256272991
660561409;297;46;72;0;62;18;98;24;98;100;72;289;168;162;216;279;252;16;29;137;5;122;76;91;10;5;46;10;134;52;23;28;14;36;36;36;44;52;129;66;Salta;66056;General José de San Martín;660561409;;1173;297;-22,523165;-63,785582;0,395014641
660561405;344;38;171;0;23;6;18;9;18;15;11;292;107;83;305;62;213;78;53;175;3;108;122;182;34;26;95;38;90;53;42;28;24;69;69;88;67;45;75;66;Salta;66056;General José de San Martín;660561405;;1059;344;-22,521623;-63,795976;0,200495704
660561404;298;40;160;0;14;5;16;13;16;8;3;233;77;57;269;59;198;59;41;167;3;109;95;158;38;25;81;24;73;50;29;36;20;66;66;55;62;55;60;66;Salta;66056;General José de San Martín;660561404;;919;298;-22,523502;-63,800276;0,154183779
660561403;261;22;150;0;8;4;7;13;7;9;2;165;46;37;234;42;164;59;38;131;5;60;118;188;32;38;79;26;55;38;24;25;24;69;69;62;49;41;40;66;Salta;66056;General José de San Martín;660561403;;735;261;-22,52269;-63,803614;0,207577849
660561402;291;47;156;0;12;6;15;13;15;16;4;215;71;64;254;46;164;77;50;131;3;88;133;176;29;14;74;35;53;38;27;26;21;91;91;75;46;30;49;66;Salta;66056;General José de San Martín;660561402;;769;291;-22,524792;-63,807756;0,389799206
660561410;394;55;106;0;54;21;107;16;107;70;48;384;233;211;319;386;317;25;52;209;9;153;100;111;6;5;55;14;116;85;37;56;27;59;59;64;69;74;128;66;Salta;66056;General José de San Martín;660561410;;1422;394;-22,525458;-63,790067;0,251289987
661330107;72;38;0;0;28;12;64;57;64;66;52;72;48;72;1;72;69;1;2;23;1;32;1;2;1;0;2;1;29;22;5;4;2;9;8;10;16;7;31;66;Salta;66133;Rivadavia;661330107;;285;72;-22,636394;-62,459076;561,5873739
660561411;323;18;162;0;19;5;23;14;23;32;16;287;117;103;281;70;261;36;26;165;4;121;98;141;33;10;69;24;89;51;44;32;23;60;60;70;55;56;82;66;Salta;66056;General José de San Martín;660561411;;1062;323;-22,524543;-63,79632;0,215164508
660561414;315;38;137;0;28;14;20;11;20;16;9;262;77;69;267;76;175;81;59;142;3;98;132;193;39;22;84;17;79;40;45;30;26;78;78;53;52;56;76;66;Salta;66056;General José de San Martín;660561414;;1002;315;-22,527734;-63,804517;0,218023408
660561412;346;33;160;1;40;10;66;20;66;75;43;249;194;152;285;133;235;48;63;181;4;112;120;171;30;21;75;38;82;55;38;28;20;85;84;76;52;53;81;66;Salta;66056;General José de San Martín;660561412;;1104;346;-22,527877;-63,798347;0,322693758
660561516;286;46;55;0;59;22;99;3;99;88;77;258;183;150;209;245;243;19;24;151;3;126;58;78;16;4;37;17;73;55;47;42;8;44;44;43;46;51;102;66;Salta;66056;General José de San Martín;660561516;;1052;286;-22,530239;-63,790883;0,387545481
660561501;385;157;213;0;42;6;22;19;22;24;11;236;119;55;353;58;294;42;49;201;4;119;163;223;34;26;125;34;155;69;27;24;23;53;53;77;83;78;94;66;Salta;66056;General José de San Martín;660561501;;1277;385;-22,534523;-63,809203;1,026299504
660561413;286;56;147;0;21;6;13;16;13;10;3;157;125;90;251;32;209;37;40;141;7;98;103;147;28;16;78;22;81;50;27;36;21;49;49;60;65;46;66;66;Salta;66056;General José de San Martín;660561413;;936;286;-22,530125;-63,79616;0,131222011
660561515;189;48;39;0;38;11;107;5;107;108;94;180;140;108;145;151;171;8;10;104;1;73;63;73;9;1;24;13;59;48;12;20;6;31;31;29;36;40;53;66;Salta;66056;General José de San Martín;660561515;;651;189;-22,535176;-63,787572;0,304269212
660561508;396;49;158;0;37;17;36;10;36;21;8;364;165;130;318;77;305;35;56;195;9;163;123;161;26;12;85;29;109;58;70;56;28;46;46;72;85;78;115;66;Salta;66056;General José de San Martín;660561508;;1429;396;-22,532709;-63,796923;0,197773522
660561507;242;25;120;1;18;9;12;14;12;11;5;125;116;64;208;35;145;59;38;132;5;94;80;116;23;13;46;21;55;45;31;33;16;41;39;58;53;36;56;66;Salta;66056;General José de San Martín;660561507;;771;242;-22,531328;-63,802482;0,13335961
660561506;221;11;94;0;14;2;6;9;6;1;0;167;80;59;197;28;166;28;27;100;2;80;71;100;13;16;47;20;47;41;28;23;14;48;48;54;41;29;49;66;Salta;66056;General José de San Martín;660561506;;678;221;-22,533017;-63,801484;0,127716696
660700401;8;1;0;0;1;0;7;8;7;8;8;8;8;5;0;8;8;0;0;4;0;3;0;0;0;0;0;1;4;2;0;1;0;0;0;1;2;2;3;66;Salta;66070;Iruya;660700401;;33;8;-22,630202;-65,056188;151,3336946
660561513;318;55;57;0;63;23;97;7;97;73;60;312;236;160;191;176;296;4;18;164;1;145;76;87;10;1;30;12;83;64;33;50;43;33;33;51;52;57;125;66;Salta;66056;General José de San Martín;660561513;;1231;318;-22,535019;-63,792312;0,155723241
660561505;345;51;183;0;33;10;18;10;18;15;8;187;126;62;309;48;206;75;64;180;3;105;123;188;30;35;70;26;73;49;39;55;31;72;71;65;65;56;88;66;Salta;66056;General José de San Martín;660561505;;1138;345;-22,535756;-63,800747;0,258812784
660700402;13;3;0;0;0;0;13;13;13;11;11;13;13;13;0;13;13;0;0;5;0;2;0;1;1;0;2;4;1;2;2;1;0;3;3;5;0;2;3;66;Salta;66070;Iruya;660700402;;38;13;-22,636709;-64,919133;156,8433152
660561602;262;32;168;0;21;6;19;23;19;42;22;241;23;34;247;77;199;46;17;124;1;79;112;165;36;17;89;20;100;40;26;24;11;41;41;47;57;46;71;66;Salta;66056;General José de San Martín;660561602;;890;262;-22,590517;-63,82042;0,611993775
660560408;68;0;35;0;2;0;6;1;6;12;5;52;21;11;64;20;49;8;11;24;4;23;25;36;7;4;30;16;22;12;7;3;1;7;7;23;12;13;13;66;Salta;66056;General José de San Martín;660560408;;211;68;-22,591046;-63,860467;0,555937385
660561601;176;62;105;0;9;2;15;9;15;80;32;112;68;20;145;46;130;13;33;70;2;74;55;85;16;14;55;19;61;21;22;12;10;31;31;36;32;35;42;66;Salta;66056;General José de San Martín;660561601;;564;176;-22,593885;-63,830859;2,362809943
660561610;293;39;132;0;18;9;51;79;51;101;36;247;84;48;248;87;197;42;54;139;3;123;86;122;32;4;68;29;72;49;27;39;18;59;59;72;54;50;58;66;Salta;66056;General José de San Martín;660561610;;890;293;-22,595796;-63,814231;0,237476033
660561609;346;34;166;0;26;8;49;25;49;115;60;284;117;85;293;117;232;59;55;167;10;130;130;174;36;8;91;45;95;50;30;31;26;69;69;87;60;64;66;66;Salta;66056;General José de San Martín;660561609;;1044;346;-22,593206;-63,810621;0,242205936
660561608;315;21;166;0;12;3;30;23;30;87;37;251;82;61;276;79;217;36;62;151;0;114;120;160;23;17;70;32;67;61;32;32;28;63;63;85;57;46;64;66;Salta;66056;General José de San Martín;660561608;;950;315;-22,596672;-63,806326;0,523526799
660561603;246;23;164;0;11;5;4;5;4;3;1;207;14;20;228;19;187;38;21;112;3;68;106;157;38;13;83;36;86;41;15;14;13;41;41;70;55;48;32;66;Salta;66056;General José de San Martín;660561603;;713;246;-22,59413;-63,817873;0,128304627
660561607;209;37;42;0;54;26;138;34;138;169;129;205;160;137;135;176;183;5;21;100;4;97;40;45;5;0;29;14;80;41;25;16;15;18;18;37;35;29;90;66;Salta;66056;General José de San Martín;660561607;;837;209;-22,600782;-63,803778;0,892361332
660561617;138;16;49;0;5;2;33;14;33;77;37;124;58;52;109;49;98;25;15;74;4;66;35;52;12;5;21;13;32;24;5;16;10;38;38;30;27;23;20;66;Salta;66056;General José de San Martín;660561617;;378;138;-22,596596;-63,820494;0,363787207
660561611;196;20;80;0;11;1;34;41;34;87;40;175;62;38;163;50;112;29;55;103;2;79;77;104;18;9;48;17;45;30;11;24;20;49;49;46;39;27;35;66;Salta;66056;General José de San Martín;660561611;;556;196;-22,599508;-63,813434;0,168004937
660561612;194;20;81;0;13;2;32;25;32;90;49;177;68;35;146;79;120;33;41;98;0;62;70;100;21;9;39;10;61;25;16;24;19;39;39;36;42;36;41;66;Salta;66056;General José de San Martín;660561612;;606;194;-22,600171;-63,809748;0,208223073
660561616;370;94;111;0;42;4;121;34;121;215;124;353;195;138;297;288;308;30;32;209;1;187;100;110;8;2;57;19;138;94;26;26;21;46;46;66;70;76;112;66;Salta;66056;General José de San Martín;660561616;;1304;370;-22,600752;-63,820053;0,250354422
660561615;171;38;77;0;10;4;35;13;35;27;14;102;88;58;134;31;124;16;31;87;1;68;59;68;7;2;36;10;42;26;23;21;15;34;34;34;29;36;38;66;Salta;66056;General José de San Martín;660561615;;536;171;-22,602623;-63,817258;0,136787555
660561613;318;134;122;0;23;7;41;19;41;50;32;131;173;41;256;62;237;36;45;174;5;141;109;134;19;6;65;28;85;57;26;54;15;53;53;72;57;50;86;66;Salta;66056;General José de San Martín;660561613;;1072;318;-22,603959;-63,812733;0,241301435
660561614;285;136;102;0;40;14;111;153;111;148;88;185;140;93;242;182;220;19;46;143;1;123;99;128;21;8;85;22;133;68;18;16;1;27;27;53;56;61;88;66;Salta;66056;General José de San Martín;660561614;;1020;285;-22,605835;-63,819968;0,272456683
660700103;41;4;11;0;2;0;21;36;21;35;29;35;32;39;26;40;37;4;0;20;1;13;4;7;3;0;3;4;11;4;7;3;4;8;8;7;8;3;15;66;Salta;66070;Iruya;660700103;;155;41;-22,653719;-65,152381;22,81494547
660700106;28;6;4;0;1;0;26;27;26;28;28;28;27;28;8;28;26;0;2;18;0;12;3;3;0;0;1;0;8;9;1;5;2;3;3;6;6;8;5;66;Salta;66070;Iruya;660700106;;90;28;-22,691946;-65,228896;55,74117107
660560404;50;22;5;0;21;15;45;3;45;39;39;47;46;43;7;46;48;0;2;24;0;8;7;8;1;0;8;5;22;8;0;4;2;9;9;9;6;4;22;66;Salta;66056;General José de San Martín;660560404;;177;50;-22,764269;-64,006505;474,0174712
660700107;14;0;0;0;0;0;7;8;7;14;12;14;13;14;0;14;14;0;0;9;0;2;2;3;0;1;1;0;3;2;3;2;2;2;2;4;2;1;5;66;Salta;66070;Iruya;660700107;;45;14;-22,704163;-65,271024;45,72439921
660700405;9;3;2;0;0;0;6;7;6;7;7;8;8;6;4;8;6;1;2;3;0;4;1;2;1;0;0;0;2;1;2;1;1;2;2;0;3;2;2;66;Salta;66070;Iruya;660700405;;29;9;-22,757279;-64,921199;150,9040063
660700407;37;6;8;0;1;0;25;34;25;34;27;37;36;18;4;36;30;4;3;13;0;18;6;12;5;1;4;3;11;4;2;2;3;12;12;7;9;5;4;66;Salta;66070;Iruya;660700407;;93;37;-22,732539;-65,066052;133,8092168
660700502;1;1;0;0;0;0;1;1;1;0;0;1;1;1;0;1;1;0;0;0;0;0;1;1;0;0;0;0;0;0;0;0;0;1;1;0;0;0;0;66;Salta;66070;Iruya;660700502;;1;1;-22,808137;-64,618384;462,3234753
660700105;40;9;3;0;7;3;36;38;36;34;34;39;37;36;24;40;37;0;3;22;0;19;3;6;3;0;0;5;8;8;3;3;2;11;11;9;7;4;9;66;Salta;66070;Iruya;660700105;;113;40;-22,716518;-65,158967;61,90151579
660700406;7;5;1;1;2;1;6;7;6;3;3;7;7;7;1;7;7;0;0;4;0;0;3;4;1;0;1;0;1;2;2;1;0;1;1;1;2;1;2;66;Salta;66070;Iruya;660700406;;25;7;-22,740455;-64,990596;97,89588635
661260103;420;251;37;0;69;24;319;346;319;398;356;412;370;199;230;408;77;15;328;120;84;142;53;62;9;0;34;30;147;56;29;22;19;117;117;64;72;65;102;66;Salta;66126;Orán;661260103;;1282;420;-22,829086;-64,431695;376,5364891
660700404;0;0;0;0;0;0;0;0;0;0;0;0;0;0;0;0;0;0;0;0;0;0;0;0;0;0;0;0;0;0;0;0;0;0;0;0;0;0;0;66;Salta;66070;Iruya;660700404;;0;0;-22,767828;-64,829053;111,8696973
661260102;190;114;33;0;35;15;141;123;141;148;138;183;175;113;159;183;139;19;32;94;54;68;52;56;4;0;26;14;77;26;20;17;8;28;28;27;35;43;57;66;Salta;66126;Orán;661260102;;693;190;-22,764105;-64,371158;55,57336844
660560503;169;101;1;0;61;34;158;169;158;80;71;168;156;152;8;169;104;0;65;43;0;33;7;7;0;0;12;26;51;33;13;5;11;30;30;46;36;22;35;66;Salta;66056;General José de San Martín;660560503;;509;169;-22,881638;-63,400646;1946,367629
661330201;45;14;0;0;10;8;44;45;44;37;36;44;45;44;0;45;42;0;3;9;0;20;1;3;0;2;2;2;14;5;6;4;5;9;9;6;2;8;20;66;Salta;66133;Rivadavia;661330201;;165;45;-22,815351;-63,019893;504,4331574
661260105;390;138;98;0;73;36;105;25;105;151;110;260;260;83;367;381;267;61;62;183;70;148;106;135;21;8;73;18;139;70;57;47;26;33;33;54;75;92;136;66;Salta;66126;Orán;661260105;;1523;390;-22,734505;-64,355485;0,230179074
661330202;38;10;0;0;6;1;37;38;37;30;28;38;35;36;0;38;37;0;1;12;0;22;1;2;0;1;1;1;12;12;3;4;4;2;2;8;12;8;8;66;Salta;66133;Rivadavia;661330202;;127;38;-22,842435;-62,835133;426,1390162
661260106;401;145;112;0;60;18;93;31;93;129;84;270;291;134;350;391;212;141;48;204;79;118;99;117;11;7;62;12;117;76;55;47;29;65;65;64;79;81;112;66;Salta;66126;Orán;661260106;;1432;401;-22,736602;-64,352754;0,258055335
660700201;156;22;53;0;25;10;37;17;37;68;47;106;101;62;97;156;122;12;22;80;1;54;36;45;6;3;19;7;46;34;14;15;10;30;30;30;19;32;45;66;Salta;66070;Iruya;660700201;;513;156;-22,795422;-65,237269;67,44078912
661330203;213;98;9;0;72;33;211;190;211;131;130;212;212;212;19;213;211;0;2;44;0;98;5;6;1;0;6;12;95;38;13;13;11;31;31;33;40;34;75;66;Salta;66133;Rivadavia;661330203;;759;213;-22,918383;-62,523582;1676,92484
660560409;209;52;32;0;62;22;141;17;141;185;156;197;161;152;122;207;188;2;19;81;3;95;28;30;2;0;31;13;73;34;35;17;7;30;30;25;38;42;74;66;Salta;66056;General José de San Martín;660560409;;790;209;-22,740139;-63,825705;1,137785636
660560410;317;41;90;0;39;14;127;4;127;297;185;311;176;195;211;309;290;7;20;139;0;135;56;65;7;2;37;30;108;54;32;34;16;43;43;57;60;55;102;66;Salta;66056;General José de San Martín;660560410;;1143;317;-22,735471;-63,819546;0,337580354
660700202;8;4;0;0;2;0;8;8;8;8;8;8;8;8;0;8;8;0;0;3;0;3;0;0;0;0;2;2;2;0;2;2;0;0;0;2;1;0;5;66;Salta;66070;Iruya;660700202;;44;8;-22,780702;-65,152819;34,50568329
660700207;64;11;21;1;3;0;12;17;12;62;35;58;54;20;40;64;56;4;4;35;0;22;10;17;4;3;6;6;13;10;9;5;7;14;14;15;8;14;13;66;Salta;66070;Iruya;660700207;;195;64;-22,756439;-65,242492;0,418817581
660700301;18;6;1;0;2;1;15;17;15;13;11;18;18;17;2;17;15;0;3;12;1;3;0;1;1;0;0;1;4;3;1;2;1;6;6;3;3;1;5;66;Salta;66070;Iruya;660700301;;52;18;-22,857332;-65,101108;212,1412879
660560411;177;26;50;0;31;13;100;3;100;164;124;157;110;83;143;173;167;4;6;72;1;97;35;41;6;0;42;13;93;28;10;10;1;22;22;23;33;38;61;66;Salta;66056;General José de San Martín;660560411;;665;177;-22,74345;-63,82053;0,705313548
660700203;164;23;59;0;26;9;34;18;34;72;54;99;111;58;114;159;130;15;19;74;1;54;34;51;16;1;26;10;46;29;22;19;9;29;29;26;35;27;47;66;Salta;66070;Iruya;660700203;;575;164;-22,81086;-65,191254;42,20610446
661330209;268;88;77;0;63;34;181;183;181;213;140;264;219;201;151;264;231;22;15;107;3;114;39;70;27;4;43;23;102;52;18;17;11;45;45;55;54;48;66;66;Salta;66133;Rivadavia;661330209;;854;268;-22,734243;-62,498414;0,700610459
661330210;351;221;35;0;198;124;328;135;328;248;214;350;315;316;41;345;329;2;20;115;0;111;21;31;8;2;20;20;145;67;26;26;22;45;45;47;52;51;156;66;Salta;66133;Rivadavia;661330210;;1409;351;-22,743247;-62,496909;0,799619985
660700206;180;37;92;0;35;14;21;11;21;40;23;121;117;87;141;171;129;39;12;100;1;40;50;78;19;9;40;13;45;33;24;19;19;27;26;43;30;25;56;66;Salta;66070;Iruya;660700206;;632;180;-22,795609;-65,217447;0,21417624
660700205;134;31;63;0;23;6;6;16;6;23;10;62;59;34;110;129;81;25;28;74;0;40;30;63;21;12;31;13;30;17;22;15;12;25;25;26;26;20;37;66;Salta;66070;Iruya;660700205;;449;134;-22,792108;-65,219142;0,097875801
660700501;3;2;0;0;0;0;3;3;3;1;1;3;3;3;0;3;3;0;0;0;0;2;1;1;0;0;0;2;0;0;0;0;0;1;1;2;0;0;0;66;Salta;66070;Iruya;660700501;;5;3;-22,857218;-64,785937;82,74820883
660560501;6;2;0;0;1;1;2;3;2;6;4;5;5;2;5;6;3;0;3;0;0;1;1;1;0;0;1;0;4;0;0;0;0;2;2;0;2;1;1;66;Salta;66056;General José de San Martín;660560501;;19;6;-22,917589;-64,1353;631,7586346
660700302;4;4;0;0;2;0;4;4;4;0;0;4;4;4;0;4;4;0;0;1;0;1;0;0;0;0;0;1;2;0;0;0;0;1;1;1;0;0;2;66;Salta;66070;Iruya;660700302;;15;4;-22,883246;-64,96206;126,3315346
660700204;136;20;22;1;13;5;85;60;85;122;105;131;126;116;52;133;118;4;14;60;0;64;18;22;3;1;10;8;40;32;14;5;12;25;25;29;31;21;30;66;Salta;66070;Iruya;660700204;;422;136;-22,89572;-65,201026;69,21334272
660700208;66;13;13;0;13;5;31;10;31;57;48;64;54;61;22;65;59;1;6;40;0;27;6;17;4;7;6;4;13;8;11;5;9;16;16;17;9;4;20;66;Salta;66070;Iruya;660700208;;229;66;-22,83746;-65,219553;0,970934428
660700506;4;4;0;0;2;0;4;4;4;0;0;4;4;4;0;4;4;0;0;3;0;1;0;0;0;0;0;0;1;2;0;0;0;1;1;1;0;0;2;66;Salta;66070;Iruya;660700506;;13;4;-22,900222;-64,868596;125,9653942
660560502;32;14;9;0;9;4;23;25;23;14;10;31;25;21;17;30;22;0;10;10;0;10;6;7;1;0;2;3;9;4;2;1;1;12;12;5;6;7;2;66;Salta;66056;General José de San Martín;660560502;;82;32;-22,931948;-63,811608;532,7942639
660700505;3;0;0;0;0;0;2;2;2;3;3;3;3;3;1;3;3;0;0;1;0;2;1;1;0;0;0;1;1;0;0;0;0;1;1;1;0;1;0;66;Salta;66070;Iruya;660700505;;7;3;-22,975675;-64,863952;317,774963
660700507;197;18;68;0;27;8;50;15;50;185;134;183;152;87;145;190;144;28;25;101;1;66;56;70;12;2;37;14;48;27;26;20;18;44;44;34;28;30;61;66;Salta;66070;Iruya;660700507;;651;197;-22,896289;-64,664234;0,941969316
660700504;61;8;13;0;7;4;37;8;37;57;44;61;48;41;31;61;57;0;4;16;0;32;11;15;4;0;13;3;26;6;5;8;4;9;9;9;8;17;18;66;Salta;66070;Iruya;660700504;;221;61;-22,986143;-64,732597;145,3513305
660700509;149;48;36;0;25;7;78;95;78;136;108;140;122;47;109;139;86;11;52;64;14;50;26;38;7;5;15;5;46;22;24;8;8;36;36;16;24;25;48;66;Salta;66070;Iruya;660700509;;516;149;-22,899835;-64,66945;0,209733717
660700508;106;7;38;0;9;3;21;29;21;105;76;98;73;28;90;104;72;22;12;47;2;34;37;47;7;3;23;4;30;23;11;5;9;24;24;18;24;14;26;66;Salta;66070;Iruya;660700508;;324;106;-22,900755;-64,661496;0,332062548
660700503;71;10;2;0;10;2;45;40;45;64;64;69;62;49;23;67;64;1;6;26;0;38;10;12;1;1;11;5;22;11;5;4;2;22;22;14;12;9;14;66;Salta;66070;Iruya;660700503;;202;71;-22,995276;-64,620457;248,148525
661260104;160;58;8;0;25;10;121;138;121;129;113;143;134;128;70;155;99;6;55;54;25;58;18;26;1;7;17;15;51;19;15;10;6;44;44;29;24;20;43;66;Salta;66126;Orán;661260104;;499;160;-23,022847;-64,444865;517,2486183
661330206;62;36;1;0;22;12;61;62;61;29;29;62;62;62;1;62;59;0;3;20;0;23;0;1;1;0;2;8;28;9;2;1;1;13;13;12;11;9;17;66;Salta;66133;Rivadavia;661330206;;204;62;-23,082744;-62,977822;742,965355
660560504;288;95;51;0;91;51;167;74;167;216;164;267;181;193;157;269;224;10;54;141;1;117;40;48;4;4;30;18;98;44;47;34;9;38;38;42;45;52;111;66;Salta;66056;General José de San Martín;660560504;;1199;288;-22,93499;-63,860731;1,178342456
660560505;299;94;42;0;95;43;183;73;183;216;156;269;219;215;134;291;171;4;124;138;2;108;39;49;9;1;24;19;93;68;40;32;12;35;35;51;53;47;113;66;Salta;66056;General José de San Martín;660560505;;1174;299;-22,935062;-63,854838;1,037768527
661330207;60;3;1;0;5;0;55;55;55;58;54;59;54;57;9;60;52;1;7;23;1;32;2;6;4;0;3;12;10;14;3;2;2;17;17;21;14;3;5;66;Salta;66133;Rivadavia;661330207;;139;60;-23,185639;-63,120293;838,6048589
661330204;33;5;0;0;4;3;33;33;33;32;32;33;32;33;0;33;29;0;4;7;0;16;1;1;0;0;0;4;8;2;3;2;5;9;9;9;2;5;8;66;Salta;66133;Rivadavia;661330204;;98;33;-23,127639;-62,615956;505,4026106
660560601;8;4;0;0;4;2;6;3;6;5;5;7;5;5;4;6;8;0;0;3;0;2;2;3;1;0;3;1;3;2;1;0;0;1;1;1;1;2;3;66;Salta;66056;General José de San Martín;660560601;;29;8;-23,068852;-64,16216;436,076941
661330205;19;4;1;0;2;0;18;9;18;16;14;16;15;15;1;19;15;0;4;11;0;10;2;2;0;0;0;0;2;6;0;1;1;9;9;4;2;2;2;66;Salta;66133;Rivadavia;661330205;;41;19;-23,058697;-62,788629;437,1215331
660560603;43;23;1;0;13;9;28;29;28;35;25;39;37;39;12;40;28;0;15;11;0;15;7;9;1;1;4;3;18;5;1;2;1;13;13;4;10;7;9;66;Salta;66056;General José de San Martín;660560603;;129;43;-23,122873;-63,783493;774,4931588
660560602;40;12;17;0;2;1;15;33;15;30;23;26;21;22;27;30;11;1;28;6;0;14;6;7;1;0;1;2;1;1;0;2;2;32;32;5;1;0;2;66;Salta;66056;General José de San Martín;660560602;;62;40;-23,072994;-63,987259;215,1177752
661260201;104;13;0;0;7;1;66;91;66;91;85;104;94;93;4;104;97;2;5;57;1;26;12;19;4;3;4;12;18;17;6;6;9;36;36;28;19;10;11;66;Salta;66126;Orán;661260201;;256;104;-23,091163;-64,840219;460,345088
660560701;74;23;0;0;19;10;62;67;62;56;49;71;62;69;28;73;52;0;22;23;0;19;8;9;1;0;1;11;13;12;4;4;5;25;25;20;5;7;17;66;Salta;66056;General José de San Martín;660560701;;209;74;-23,159428;-63,425155;903,5753105
661260205;529;169;123;1;129;51;294;78;294;328;275;423;376;295;346;395;441;15;73;231;5;236;150;186;16;20;137;23;240;100;40;33;18;75;74;75;120;99;161;66;Salta;66126;Orán;661260205;;1887;529;-23,137775;-64,259621;161,5308131
661260204;30;10;14;1;5;4;18;21;18;21;11;18;18;19;18;23;17;5;8;10;2;13;8;10;1;1;3;0;6;4;1;2;3;14;13;4;7;3;3;66;Salta;66126;Orán;661260204;;69;30;-23,175865;-64,391232;181,2298927
660560607;89;13;6;0;13;4;58;39;58;80;60;78;76;61;57;84;81;0;8;40;1;37;17;18;0;1;9;4;35;17;9;9;3;12;12;11;15;15;36;66;Salta;66056;General José de San Martín;660560607;;334;89;-23,107294;-63,99615;0,757440696
661260202;46;10;6;0;6;2;19;18;19;42;36;45;33;15;4;40;40;0;6;17;0;17;10;17;7;0;7;9;10;2;5;5;6;9;9;12;4;7;14;66;Salta;66126;Orán;661260202;;151;46;-23,182404;-64,825426;501,2508694
661260206;317;57;58;0;78;35;166;1;166;306;214;274;237;116;224;299;295;14;8;198;22;129;55;72;10;7;44;11;117;61;48;36;23;21;21;28;38;58;172;66;Salta;66126;Orán;661260206;;1468;317;-23,114222;-64,327774;0,107055931
661260203;127;14;1;0;13;2;99;60;99;114;108;119;119;100;8;126;120;1;6;60;0;43;31;33;1;1;11;9;30;28;6;2;7;45;45;34;19;8;21;66;Salta;66126;Orán;661260203;;308;127;-23,274747;-64,697054;974,0823402
661260207;268;40;95;0;37;7;83;3;83;136;103;180;151;79;204;166;232;15;21;149;16;115;91;105;7;7;58;17;99;55;29;35;11;22;22;43;54;55;94;66;Salta;66126;Orán;661260207;;1019;268;-23,116236;-64,326079;0,108658516
661260701;367;72;61;0;88;35;110;8;110;119;93;332;215;222;241;297;277;13;77;198;19;146;74;88;9;5;34;13;105;65;53;74;31;26;26;41;60;59;181;66;Salta;66126;Orán;661260701;;1586;367;-23,118;-64,328722;0,148647617
661260702;345;70;224;0;30;10;12;2;12;7;5;114;96;35;309;51;251;47;47;174;3;83;138;235;71;26;127;28;141;56;37;27;18;38;38;66;71;75;95;66;Salta;66126;Orán;661260702;;1223;345;-23,118983;-64,323251;0,323194315
661260901;247;133;146;0;5;0;7;4;7;5;3;210;26;8;219;11;195;30;22;126;4;65;106;161;35;20;87;16;90;60;25;21;10;25;25;57;58;53;54;66;Salta;66126;Orán;661260901;;826;247;-23,119481;-64,317966;0,176743409
661260705;380;83;61;0;81;33;103;8;103;66;49;339;286;269;280;298;329;10;41;206;28;160;66;69;3;0;40;9;109;57;61;81;31;32;32;39;44;66;199;66;Salta;66126;Orán;661260705;;1725;380;-23,121896;-64,330288;0,119595513
661260704;284;53;52;1;52;29;57;11;57;30;25;258;197;136;190;203;248;6;30;155;13;127;42;51;7;2;26;6;75;48;51;38;29;37;37;27;50;42;128;66;Salta;66126;Orán;661260704;;1232;284;-23,121179;-64,32882;0,090524555
661260902;301;88;194;0;7;1;9;2;9;5;3;82;73;10;273;15;240;45;16;159;4;78;130;205;50;25;115;23;117;62;26;29;13;31;31;64;79;71;56;66;Salta;66126;Orán;661260902;;992;301;-23,12119;-64,31444;0,137721001
661260801;359;43;225;0;18;5;13;7;13;16;6;245;96;62;310;89;243;66;50;179;5;102;126;220;40;54;138;38;122;43;38;34;12;72;71;68;75;65;80;66;Salta;66126;Orán;661260801;;1143;359;-23,124608;-64,319308;0,335528027
661260703;384;68;166;0;42;16;41;8;41;72;48;318;203;86;331;210;275;50;59;188;10;165;119;154;28;7;69;17;114;54;47;57;31;64;64;52;78;68;122;66;Salta;66126;Orán;661260703;;1365;384;-23,12279;-64,324425;0,266834699
661260802;357;55;156;0;35;8;25;2;25;13;9;260;185;104;302;139;274;32;51;189;5;146;103;156;41;12;74;17;92;63;61;49;26;49;49;55;74;70;109;66;Salta;66126;Orán;661260802;;1267;357;-23,125223;-64,315919;0,163881655
661260706;408;59;102;1;72;30;82;8;82;32;26;359;283;160;300;274;339;29;40;237;21;177;75;94;16;3;36;17;106;66;49;66;60;44;44;70;49;69;176;66;Salta;66126;Orán;661260706;;1647;408;-23,125203;-64,33051;0,131353275
661260903;262;62;87;0;20;5;41;1;41;68;36;211;155;86;204;146;221;12;29;127;3;123;74;95;13;8;56;23;91;50;16;22;17;43;43;58;55;48;58;66;Salta;66126;Orán;661260903;;841;262;-23,125146;-64,313014;0,097974211
661260905;240;75;64;0;49;18;89;1;89;159;109;228;155;87;190;213;213;4;23;120;6;100;89;103;10;4;62;17;95;35;22;25;12;34;34;37;37;48;84;66;Salta;66126;Orán;661260905;;882;240;-23,124912;-64,308337;0,148672021
661260707;245;28;94;0;28;7;14;1;14;7;6;208;98;34;198;115;169;44;32;143;8;105;72;103;21;10;47;22;55;34;31;36;24;43;43;48;43;44;67;66;Salta;66126;Orán;661260707;;827;245;-23,125316;-64,324504;0,119840917
661260904;282;106;132;0;31;6;31;2;31;51;38;117;113;48;238;111;218;25;39;129;5;108;112;149;31;6;88;24;96;45;34;31;14;38;38;54;59;60;71;66;Salta;66126;Orán;661260904;;963;282;-23,126019;-64,309682;0,105918723
661260907;335;42;80;0;63;20;154;7;154;144;127;325;278;178;275;330;303;2;30;206;11;156;92;101;5;4;66;35;131;62;28;15;13;51;51;61;48;70;105;66;Salta;66126;Orán;661260907;;1192;335;-23,128977;-64,305977;0,130440537
661260908;391;86;40;1;110;45;282;34;282;316;273;377;335;220;296;379;350;6;35;225;9;181;133;142;8;1;77;19;185;93;17;15;11;51;50;57;95;91;98;66;Salta;66126;Orán;661260908;;1340;391;-23,12814;-64,30238;0,204606646
661260709;242;23;131;0;18;7;11;16;11;13;8;136;90;32;209;80;141;65;36;113;6;73;91;132;23;18;55;22;48;35;24;21;26;66;66;55;38;32;51;66;Salta;66126;Orán;661260709;;702;242;-23,127584;-64,327404;0,11416858
661260708;243;25;124;0;18;7;19;6;19;22;7;171;92;69;209;88;158;50;35;121;8;68;113;162;27;22;66;26;48;27;29;33;21;59;59;50;37;42;55;66;Salta;66126;Orán;661260708;;754;243;-23,128171;-64,324093;0,17980876
661260713;270;104;99;0;39;11;15;8;15;18;14;99;115;76;189;85;200;29;41;142;19;87;82;108;18;8;53;19;86;40;36;38;18;33;33;45;43;50;99;66;Salta;66126;Orán;661260713;;1022;270;-23,130471;-64,333809;0,341769261
661260712;287;49;66;0;51;16;50;11;50;31;23;226;180;97;211;202;222;23;42;179;17;113;93;108;11;4;38;14;80;53;31;38;24;47;47;43;49;49;99;66;Salta;66126;Orán;661260712;;1037;287;-23,130419;-64,330429;0,13891624
661260803;376;36;95;0;60;17;90;2;90;104;83;357;260;187;281;270;338;8;30;206;6;164;104;114;9;1;64;12;118;70;53;52;26;45;45;46;63;75;147;66;Salta;66126;Orán;661260803;;1459;376;-23,128076;-64,313485;0,167006628
660560604;135;18;74;0;10;3;15;14;15;21;18;90;57;18;115;52;116;7;12;75;1;36;48;72;23;1;39;6;49;40;13;7;4;16;16;36;27;23;33;66;Salta;66056;General José de San Martín;660560604;;439;135;-23,197848;-64,029761;84,27768734
661260906;359;40;83;0;37;15;52;2;52;39;35;341;237;154;254;345;316;10;33;206;8;155;80;92;9;3;44;17;107;81;42;48;18;46;46;49;69;78;117;66;Salta;66126;Orán;661260906;;1334;359;-23,129396;-64,308867;0,190239239
661260805;283;26;133;0;28;10;21;6;21;21;11;216;121;49;236;104;195;46;42;144;9;99;108;157;24;25;67;18;68;41;35;31;30;60;59;49;55;38;82;66;Salta;66126;Orán;661260805;;942;283;-23,129758;-64,318792;0,201263393
661260909;414;187;60;0;101;36;308;29;308;345;278;405;367;209;297;399;354;5;55;215;9;202;109;123;12;2;79;49;177;55;21;25;10;77;77;77;67;86;107;66;Salta;66126;Orán;661260909;;1369;414;-23,132249;-64,303025;0,315153474
661260710;286;29;168;0;13;5;6;4;6;8;5;145;52;15;268;46;142;106;38;144;4;60;106;206;52;48;87;35;60;21;25;28;20;97;97;64;48;31;46;66;Salta;66126;Orán;661260710;;759;286;-23,131064;-64,326061;0,194719557
661260804;237;22;103;0;22;6;13;2;13;5;3;221;133;77;190;95;188;15;34;119;6;95;78;92;8;6;42;21;45;53;31;40;18;29;29;56;34;51;67;66;Salta;66126;Orán;661260804;;855;237;-23,130615;-64,31402;0,078360391
661260810;267;21;69;0;52;12;57;4;57;43;28;256;220;114;219;223;248;0;19;171;7;138;67;77;8;2;37;9;110;57;23;33;15;20;20;29;45;46;127;66;Salta;66126;Orán;661260810;;1113;267;-23,131603;-64,310437;0,098020675
661260806;343;27;206;0;12;3;13;5;13;14;9;199;66;25;315;87;211;90;42;159;9;86;130;228;48;50;118;36;97;52;26;31;25;76;76;83;58;66;60;66;Salta;66126;Orán;661260806;;1021;343;-23,132369;-64,31864;0,238289404
661260711;322;12;232;2;5;1;4;7;4;5;4;122;62;26;301;30;136;149;37;161;11;52;137;255;33;85;110;44;80;42;15;9;24;108;107;87;57;48;23;66;Salta;66126;Orán;661260711;;770;322;-23,133549;-64,32658;0,194610054
661260809;189;14;97;0;8;4;8;7;8;6;2;121;66;18;155;49;143;17;29;96;2;71;61;90;14;15;43;16;48;27;29;21;16;32;32;46;34;36;41;66;Salta;66126;Orán;661260809;;594;189;-23,133955;-64,313339;0,118622341
661260811;359;60;147;0;43;11;50;5;50;15;11;276;205;114;299;192;266;62;31;194;8;132;112;147;21;14;74;23;89;68;47;54;35;43;43;75;65;51;125;66;Salta;66126;Orán;661260811;;1303;359;-23,135006;-64,30992;0,22226937
661261202;216;23;66;0;22;4;33;2;33;13;8;187;133;67;174;171;171;20;25;112;5;70;58;70;7;5;24;15;42;37;24;29;22;47;47;44;24;36;65;66;Salta;66126;Orán;661261202;;731;216;-23,135896;-64,33125;0,109692963
661261201;250;51;87;0;46;19;44;2;44;40;23;112;115;64;199;99;212;13;25;112;6;107;62;75;7;6;45;11;80;30;39;43;20;27;27;27;41;51;104;66;Salta;66126;Orán;661261201;;1011;250;-23,134954;-64,334663;0,191178731
661260807;315;16;199;0;10;3;10;8;10;9;2;184;57;28;284;80;214;60;41;140;10;62;132;217;40;45;98;27;80;40;36;33;30;69;69;68;61;52;65;66;Salta;66126;Orán;661260807;;959;315;-23,134833;-64,319174;0,235449806
661260911;328;82;85;0;60;17;166;7;166;207;181;277;266;139;232;259;297;3;28;178;8;161;68;79;8;3;46;21;117;62;36;32;24;36;36;49;66;49;128;66;Salta;66126;Orán;661260911;;1266;328;-23,139851;-64,303904;0,573333037
661260910;367;91;57;1;80;27;220;28;220;274;226;360;308;148;272;336;321;1;45;191;5;172;129;142;9;4;73;27;158;59;22;30;13;58;57;56;67;75;112;66;Salta;66126;Orán;661260910;;1299;367;-23,136128;-64,30351;0,222951508
661261203;331;35;174;0;25;7;18;6;18;16;4;249;116;59;294;104;196;89;46;183;6;97;121;187;35;31;84;34;71;55;35;35;19;82;82;80;63;41;65;66;Salta;66126;Orán;661261203;;964;331;-23,136928;-64,329381;0,149707041
661261204;190;20;124;0;13;8;6;7;6;11;3;78;35;33;175;57;101;53;36;79;8;57;75;108;16;17;55;26;46;36;17;9;13;43;43;59;38;24;26;66;Salta;66126;Orán;661261204;;527;190;-23,136086;-64,326051;0,099272077
661261001;209;37;141;2;7;2;3;4;3;1;1;92;53;13;191;35;100;79;30;108;6;39;96;151;28;27;48;15;47;37;12;14;18;66;65;55;36;29;24;66;Salta;66126;Orán;661261001;;540;209;-23,137206;-64,321989;0,13991794
661260808;254;7;112;0;8;3;12;19;12;9;6;68;101;27;208;46;194;31;29;114;2;91;88;129;21;20;62;17;50;49;36;37;19;46;46;49;59;39;61;66;Salta;66126;Orán;661260808;;829;254;-23,137138;-64,313992;0,080008216
661261004;240;41;130;0;20;5;15;11;15;7;6;144;72;38;216;74;156;49;35;112;9;60;99;141;24;18;73;19;69;27;32;35;17;41;41;44;53;47;55;66;Salta;66126;Orán;661261004;;797;240;-23,137524;-64,317897;0,105027442
661260812;351;79;205;0;17;5;11;18;11;6;3;27;114;23;324;25;275;31;45;173;3;120;124;189;40;25;105;42;90;55;45;44;21;54;54;78;70;68;81;66;Salta;66126;Orán;661260812;;1169;351;-23,138048;-64,310432;0,09900817
661261205;240;25;149;0;22;10;10;14;10;16;4;130;71;25;219;71;103;106;31;105;5;59;99;163;22;42;57;33;45;34;20;21;11;76;76;61;38;21;44;66;Salta;66126;Orán;661261205;;661;240;-23,138513;-64,326065;0,139047896
661261208;294;64;67;0;61;16;91;16;91;78;68;262;212;156;221;267;230;24;40;178;7;134;70;77;6;1;37;11;100;54;42;29;19;39;39;46;46;46;117;66;Salta;66126;Orán;661261208;;1110;294;-23,139873;-64,333405;0,172084799
661261005;314;28;99;1;28;9;34;3;34;9;5;246;160;84;232;171;243;19;52;163;10;123;80;101;14;7;62;16;96;52;48;41;25;36;36;51;57;63;107;66;Salta;66126;Orán;661261005;;1189;314;-23,140394;-64,315675;0,19737921
661261002;236;20;132;0;10;3;17;3;17;7;5;147;68;40;185;83;128;50;58;122;9;73;80;125;30;15;57;16;64;39;25;26;15;51;51;44;51;48;42;66;Salta;66126;Orán;661261002;;722;236;-23,139648;-64,322038;0,097211711
661261003;233;27;84;0;33;10;34;3;34;18;6;207;125;99;175;136;165;17;51;121;7;106;56;77;16;5;35;11;52;40;31;48;21;30;30;34;47;36;86;66;Salta;66126;Orán;661261003;;922;233;-23,140089;-64,318882;0,080725497
661261006;253;22;110;0;26;12;29;5;29;46;29;202;139;79;198;163;181;20;52;120;12;101;85;103;8;10;58;29;73;45;37;23;12;34;34;49;45;47;78;66;Salta;66126;Orán;661261006;;910;253;-23,14125;-64,312522;0,17806064
661261207;324;38;171;1;8;0;2;4;2;12;2;148;90;13;285;35;221;72;31;177;8;105;125;190;38;27;85;37;64;39;34;49;30;71;70;76;46;55;77;66;Salta;66126;Orán;661261207;;1032;324;-23,141294;-64,330264;0,11411888
661261007;235;26;95;0;33;9;25;2;25;20;10;190;119;67;192;105;184;17;34;140;20;86;79;96;14;3;35;19;68;37;31;42;14;24;24;48;37;40;86;66;Salta;66126;Orán;661261007;;911;235;-23,141319;-64,309487;0,119121034
661261206;322;41;160;1;24;7;16;2;16;7;3;142;160;48;268;94;232;36;54;175;5;100;128;177;32;17;68;21;64;63;37;42;21;74;73;54;53;50;92;66;Salta;66126;Orán;661261206;;1076;322;-23,141887;-64,326927;0,181227632
661261008;328;72;89;0;54;20;60;4;60;68;43;277;172;120;233;212;246;34;48;176;19;127;92;104;8;4;41;16;87;46;58;51;29;41;40;50;55;48;135;66;Salta;66126;Orán;661261008;;1307;328;-23,142704;-64,307616;0,138981347
661261013;209;14;110;3;12;1;7;3;7;5;3;156;56;22;175;34;145;42;22;118;2;65;68;112;26;18;45;12;54;34;21;35;27;26;24;45;46;50;44;66;Salta;66126;Orán;661261013;;692;209;-23,142666;-64,322634;0,195590987
661261012;229;20;87;0;24;7;33;10;33;19;10;192;111;101;163;156;187;15;27;139;6;96;62;74;7;5;26;5;57;37;23;48;30;29;29;32;38;38;92;66;Salta;66126;Orán;661261012;;893;229;-23,14318;-64,319354;0,101778973
661261209;284;53;74;0;58;15;118;7;118;149;122;258;215;147;215;247;238;21;25;183;10;107;87;97;8;2;39;11;87;64;34;33;15;40;40;33;56;48;107;66;Salta;66126;Orán;661261209;;1071;284;-23,144164;-64,333485;0,130470856
661261212;382;47;193;0;46;15;26;4;26;23;16;281;178;71;317;125;281;48;53;192;27;148;107;143;16;20;69;13;95;49;61;70;36;58;58;49;79;67;129;66;Salta;66126;Orán;661261212;;1421;382;-23,145642;-64,331143;0,150375659
661261011;430;80;157;0;40;13;29;2;29;20;7;326;206;138;335;186;323;41;66;211;19;183;116;143;18;9;91;22;116;65;59;69;37;62;62;67;74;78;149;66;Salta;66126;Orán;661261011;;1620;430;-23,144605;-64,3151;0,189835902
661261010;297;31;94;0;47;10;86;16;86;62;35;286;218;120;223;276;240;19;38;131;18;130;74;84;7;3;50;7;95;48;44;49;22;32;32;31;51;58;125;66;Salta;66126;Orán;661261010;;1207;297;-23,146436;-64,31069;0,179969836
661261213;165;7;92;0;2;1;1;13;1;1;0;34;50;6;142;16;80;48;37;84;5;28;78;129;31;20;71;14;57;25;16;16;7;30;30;37;44;29;25;66;Salta;66126;Orán;661261213;;490;165;-23,152011;-64,328912;0,786061918
661261015;233;17;118;0;21;10;14;5;14;12;7;170;81;57;190;98;140;56;37;113;13;82;73;116;30;13;49;26;47;40;22;38;23;37;37;53;54;30;59;66;Salta;66126;Orán;661261015;;768;233;-23,145707;-64,324038;0,085478919
661261210;301;46;52;1;59;17;133;16;133;198;154;267;219;161;229;255;257;6;38;136;19;135;101;113;8;4;57;16;115;63;21;26;13;47;46;50;45;72;88;66;Salta;66126;Orán;661261210;;1055;301;-23,150765;-64,334079;0,187258
661261009;269;53;60;0;39;9;92;5;92;96;74;219;181;156;195;218;238;9;22;134;7;130;64;76;10;2;52;28;97;46;30;32;14;22;22;56;52;44;95;66;Salta;66126;Orán;661261009;;1006;269;-23,147167;-64,307752;0,17532637
661261014;194;24;70;0;8;3;11;5;11;11;6;139;71;33;153;74;134;37;23;103;9;77;55;74;11;8;34;8;37;21;27;31;22;48;48;23;36;31;56;66;Salta;66126;Orán;661261014;;659;194;-23,146025;-64,321348;0,072239906
661261101;329;33;78;0;41;13;28;1;28;43;26;271;209;110;248;161;266;28;35;155;10;148;73;91;12;6;42;16;93;48;53;57;23;39;39;53;55;64;118;66;Salta;66126;Orán;661261101;;1266;329;-23,147035;-64,318929;0,106705115
661260208;188;36;12;0;53;21;151;28;151;159;141;183;167;118;139;177;177;1;10;108;2;103;48;51;2;1;38;11;89;35;14;10;8;21;21;30;36;28;73;66;Salta;66126;Orán;661260208;;701;188;-23,146417;-64,304689;0,078216988
661261102;393;56;193;0;24;6;22;2;22;35;23;165;172;84;345;156;294;57;42;170;12;128;127;196;46;23;107;43;116;61;43;45;15;70;70;83;84;62;94;66;Salta;66126;Orán;661261102;;1257;393;-23,147278;-64,314701;0,161222361
661261214;404;37;169;0;31;9;24;10;24;24;9;274;193;79;348;140;282;65;57;198;30;157;132;175;34;9;85;27;105;55;52;66;39;60;60;76;84;88;96;66;Salta;66126;Orán;661261214;;1346;404;-23,148352;-64,3233;0,159639774
661261211;405;50;157;0;34;13;54;40;54;30;14;260;218;102;319;161;305;25;75;196;27;150;128;165;21;16;75;21;107;65;42;56;31;83;83;67;69;76;110;66;Salta;66126;Orán;661261211;;1344;405;-23,152105;-64,332353;0,241862584
661261103;337;55;43;1;87;29;108;10;108;85;65;320;286;166;251;327;292;6;39;203;13;164;81;88;7;0;50;13;147;69;30;27;21;30;30;43;50;61;153;66;Salta;66126;Orán;661261103;;1390;337;-23,149647;-64,313435;0,149010437
661261108;259;22;96;0;23;6;32;7;32;63;46;212;140;91;207;231;210;18;31;120;12;115;72;90;14;4;59;16;93;33;21;22;17;57;57;36;51;36;79;66;Salta;66126;Orán;661261108;;852;259;-23,152027;-64,319831;0,204009991
661261215;341;30;169;0;35;11;19;5;19;3;2;225;125;94;275;136;256;40;45;160;20;147;101;124;12;11;75;16;82;50;58;49;36;50;50;59;62;56;114;66;Salta;66126;Orán;661261215;;1247;341;-23,150859;-64,323808;0,159994375
661261107;204;28;53;0;39;6;58;5;58;33;19;195;104;92;144;198;173;13;18;118;3;96;66;74;6;2;48;3;77;42;28;18;9;27;27;24;28;33;92;66;Salta;66126;Orán;661261107;;805;204;-23,150904;-64,316967;0,068559222
661261104;223;34;40;0;59;18;73;2;73;47;40;205;177;130;147;215;195;3;25;114;5;91;66;73;7;0;40;8;97;48;17;21;9;23;23;27;31;41;101;66;Salta;66126;Orán;661261104;;914;223;-23,151071;-64,313855;0,079035832
661261106;293;92;100;0;54;14;66;3;66;89;62;181;166;105;240;187;245;22;26;132;6;128;99;133;24;10;96;24;133;42;21;26;13;34;34;46;54;73;86;66;Salta;66126;Orán;661261106;;1052;293;-23,153698;-64,316056;0,231216957
661261216;338;79;136;0;30;17;23;3;23;20;11;226;185;90;277;132;242;41;55;161;22;132;84;122;21;17;69;25;82;55;41;54;28;53;53;58;68;60;99;66;Salta;66126;Orán;661261216;;1192;338;-23,153547;-64,324568;0,183928398
661261105;325;46;61;0;62;17;158;51;158;214;182;306;268;133;246;316;264;14;47;169;14;141;109;117;5;3;68;25;123;63;26;31;10;47;47;52;53;60;113;66;Salta;66126;Orán;661261105;;1203;325;-23,154238;-64,312555;0,148726873
661260209;173;27;40;1;32;5;81;37;81;159;139;165;139;75;124;166;151;0;22;88;3;84;60;66;4;2;38;5;69;37;10;9;6;37;36;18;45;30;44;66;Salta;66126;Orán;661260209;;576;173;-23,156128;-64,311712;0,126184092
661261217;304;96;170;1;41;5;9;1;9;11;10;81;104;36;273;36;260;17;27;153;2;68;150;208;31;27;123;18;132;52;27;36;10;29;29;33;61;75;106;66;Salta;66126;Orán;661261217;;1185;304;-23,156537;-64,324893;0,199000325
661261109;213;101;98;0;29;11;37;6;37;37;21;114;117;60;181;52;175;17;21;113;1;70;75;110;18;17;59;12;85;36;21;29;11;19;19;26;43;37;88;66;Salta;66126;Orán;661261109;;882;213;-23,156588;-64,320218;0,112589665
661261110;248;95;149;0;27;4;4;5;4;3;0;194;19;40;228;6;191;24;33;115;1;59;115;168;27;26;100;13;116;48;23;18;5;25;25;36;46;58;83;66;Salta;66126;Orán;661261110;;907;248;-23,158831;-64,322898;0,16677659
660560606;317;156;17;0;118;57;273;259;273;249;241;312;276;285;111;294;284;1;32;179;4;144;66;70;4;0;35;23;115;60;31;28;18;42;42;49;45;47;134;66;Salta;66056;General José de San Martín;660560606;;1248;317;-23,214396;-64,16204;84,88482404
661260210;146;17;1;0;17;6;106;43;106;134;99;144;124;89;1;146;139;1;6;70;1;50;33;40;6;1;14;18;37;25;3;5;3;55;55;32;22;21;16;66;Salta;66126;Orán;661260210;;351;146;-23,185852;-64,685669;1,006911001
661260501;3;0;2;0;0;0;0;0;0;2;1;3;1;1;3;3;1;1;1;1;0;1;1;1;0;0;0;1;0;0;1;0;0;1;1;1;0;1;0;66;Salta;66126;Orán;661260501;;7;3;-23,235393;-64,34854;56,77411007
660561702;371;95;80;0;96;38;219;43;219;259;229;344;247;189;269;289;329;4;38;203;4;133;144;169;22;3;89;13;161;94;23;25;10;45;45;54;80;86;106;66;Salta;66056;General José de San Martín;660561702;;1324;371;-23,196982;-64,094397;0,483236148
660561703;279;72;67;0;47;18;134;43;134;203;148;251;164;157;189;241;244;13;22;139;2;118;56;81;22;3;34;11;87;53;37;40;23;28;28;37;48;46;120;66;Salta;66056;General José de San Martín;660561703;;1127;279;-23,198539;-64,088023;0,252350534
661260502;68;6;32;0;8;1;1;0;1;1;0;5;12;1;56;9;67;0;1;32;0;24;31;42;10;1;35;3;35;15;8;3;0;4;4;10;17;18;19;66;Salta;66126;Orán;661260502;;255;68;-23,258683;-64,302487;86,0052435
660561701;413;45;169;0;49;19;66;10;66;124;95;329;102;99;322;184;316;30;67;207;2;146;127;197;53;17;96;21;127;79;35;45;41;65;65;76;92;69;111;66;Salta;66056;General José de San Martín;660561701;;1419;413;-23,20161;-64,096209;0,420668667
660561704;262;89;132;1;39;6;46;18;46;111;70;198;117;76;219;167;216;11;35;132;1;72;84;132;42;6;68;11;106;54;28;24;10;29;29;37;47;53;96;66;Salta;66056;General José de San Martín;660561704;;1005;262;-23,201342;-64,084962;0,121254755
660561801;227;60;21;0;61;29;194;98;194;198;171;222;200;186;133;215;189;5;33;109;3;65;24;34;8;2;20;10;75;45;20;30;17;30;30;32;35;33;97;66;Salta;66056;General José de San Martín;660561801;;878;227;-23,206882;-64,105147;0,991350447
660561706;218;22;62;0;27;9;76;3;76;202;125;204;121;97;173;207;176;10;32;99;6;81;48;61;13;0;31;14;70;35;25;38;6;30;30;29;40;40;79;66;Salta;66056;General José de San Martín;660561706;;836;218;-23,201087;-64,091028;0,124858447
660561710;320;77;70;0;70;30;162;12;162;271;213;309;218;171;203;306;263;7;50;170;4;130;71;97;24;2;65;11;129;61;35;26;16;42;42;48;68;56;106;66;Salta;66056;General José de San Martín;660561710;;1167;320;-23,205573;-64,083537;0,512312758
660561705;231;24;44;0;35;9;97;3;97;167;142;227;125;141;159;225;201;10;20;129;5;102;48;61;12;1;28;8;71;45;23;28;16;40;40;37;32;38;84;66;Salta;66056;General José de San Martín;660561705;;833;231;-23,203382;-64,087296;0,115625296
660561707;279;41;99;0;32;10;70;16;70;177;111;250;119;95;212;239;207;37;35;150;1;103;78;117;33;6;50;17;80;53;36;35;22;36;36;45;54;62;82;66;Salta;66056;General José de San Martín;660561707;;1000;279;-23,204234;-64,089818;0,162362817
660561802;162;29;32;0;35;11;104;17;104;156;139;160;142;109;82;157;156;1;5;96;1;60;24;27;3;0;12;11;50;28;22;14;10;27;27;24;22;23;66;66;Salta;66056;General José de San Martín;660561802;;626;162;-23,204106;-64,099323;0,128267739
660561709;234;11;139;0;13;2;14;6;14;58;39;187;67;47;200;137;167;33;34;123;4;67;84;146;43;19;72;27;60;34;18;25;14;56;56;47;44;40;47;66;Salta;66056;General José de San Martín;660561709;;707;234;-23,207361;-64,095102;0,216743001
660561708;240;17;130;0;18;10;10;1;10;26;13;193;55;59;202;156;166;38;36;122;3;69;83;143;46;14;60;16;67;35;18;42;15;47;47;46;52;38;57;66;Salta;66056;General José de San Martín;660561708;;759;240;-23,206795;-64,091503;0,17090836
660561803;176;7;104;0;6;3;3;22;3;13;11;85;44;20;153;48;124;28;24;88;0;38;65;126;49;12;59;21;45;26;15;18;11;40;40;43;36;35;22;66;Salta;66056;General José de San Martín;660561803;;506;176;-23,207855;-64,098996;0,142735379
660561711;285;45;100;0;38;11;69;4;69;216;118;270;152;116;220;203;229;17;39;138;2;103;88;126;33;5;60;16;90;51;26;32;21;49;49;49;47;47;93;66;Salta;66056;General José de San Martín;660561711;;1022;285;-23,209655;-64,083741;0,489125468
660561804;198;14;130;0;9;2;13;9;13;18;11;110;46;26;183;48;128;44;26;98;4;46;68;138;43;27;66;22;61;34;16;17;6;42;42;41;51;31;33;66;Salta;66056;General José de San Martín;660561804;;588;198;-23,210457;-64,09619;0,18018039
660561805;188;14;105;0;14;6;11;15;11;15;10;135;53;23;151;77;138;30;20;80;7;51;64;109;29;16;54;12;46;33;22;21;19;35;35;38;35;31;49;66;Salta;66056;General José de San Martín;660561805;;620;188;-23,211708;-64,099044;0,147373941
660561806;179;16;89;0;13;6;20;10;20;30;23;123;74;33;156;104;138;18;23;92;4;50;56;92;20;16;55;17;43;29;19;22;17;32;32;40;24;34;49;66;Salta;66056;General José de San Martín;660561806;;607;179;-23,212049;-64,100935;0,140614504
660561810;403;102;106;0;81;31;172;6;172;214;175;364;237;196;269;352;291;25;87;187;1;153;94;130;33;3;82;30;143;68;53;43;18;48;47;64;62;80;150;66;Salta;66056;General José de San Martín;660561810;;1558;403;-23,214041;-64,093569;0,501050829
661330208;73;23;2;0;14;9;64;72;64;58;51;73;70;72;10;73;66;1;6;17;0;26;3;9;4;2;1;10;13;17;4;4;5;20;19;21;14;8;11;66;Salta;66133;Rivadavia;661330208;;192;73;-23,363312;-62,80928;1068,196523
660561807;289;96;65;0;85;31;127;3;127;135;124;196;199;152;184;198;252;9;28;146;0;129;69;98;27;2;51;13;83;61;35;47;19;31;31;45;37;47;129;66;Salta;66056;General José de San Martín;660561807;;1154;289;-23,213591;-64,103659;0,154694017
660560605;387;139;47;1;138;60;256;10;256;325;244;350;309;301;157;350;350;6;31;162;4;153;66;81;11;4;43;13;141;82;44;51;25;31;31;56;47;66;187;66;Salta;66056;General José de San Martín;660560605;;1610;387;-23,272003;-64,013323;165,217731
660561808;354;97;76;0;81;30;186;4;186;270;212;341;260;238;245;330;306;15;33;189;5;153;97;117;18;2;65;16;134;74;32;44;20;34;34;59;62;66;133;66;Salta;66056;General José de San Martín;660561808;;1412;354;-23,21638;-64,101689;0,206456496
660561811;252;64;39;0;96;40;193;4;193;227;201;247;213;201;157;250;239;3;10;115;3;101;71;79;7;1;36;20;114;50;13;17;7;31;31;43;31;46;101;66;Salta;66056;General José de San Martín;660561811;;973;252;-23,218933;-64,093335;0,306922096
660561809;252;79;84;0;65;34;100;3;100;113;99;182;158;133;177;180;231;5;16;126;0;93;65;94;26;3;48;13;77;45;38;39;17;23;23;35;45;48;101;66;Salta;66056;General José de San Martín;660561809;;1026;252;-23,218812;-64,09991;0,154088196
660560706;184;142;0;0;100;64;178;26;178;85;83;179;173;161;19;184;175;3;6;50;0;44;8;10;1;1;4;8;85;40;15;11;8;17;17;22;29;37;79;66;Salta;66056;General José de San Martín;660560706;;755;184;-23,21704;-63,563816;1,140342764
660560705;118;12;32;0;11;3;51;18;51;112;77;104;82;74;95;116;106;3;9;58;0;54;22;35;12;1;20;13;34;17;9;12;9;24;24;25;26;20;23;66;Salta;66056;General José de San Martín;660560705;;355;118;-23,213177;-63,567708;1,104905563
660560608;245;74;45;1;71;40;214;13;214;222;197;237;227;216;118;235;218;4;23;120;0;105;39;51;12;0;24;14;96;55;15;21;14;30;30;36;51;37;91;66;Salta;66056;General José de San Martín;660560608;;909;245;-23,218228;-63,842332;0,901757383
660560703;158;78;11;0;70;33;149;101;149;125;124;156;143;145;32;155;121;6;31;57;0;61;14;16;2;0;10;8;68;22;12;15;11;22;22;21;23;23;69;66;Salta;66056;General José de San Martín;660560703;;621;158;-23,261159;-63,696806;205,5585632
661260503;7;7;3;0;2;0;5;5;5;6;5;7;6;4;2;4;0;7;0;5;0;2;1;1;0;0;1;1;0;1;0;1;2;2;2;2;3;0;0;66;Salta;66126;Orán;661260503;;15;7;-23,280532;-64,255124;90,0745463
660560704;36;21;1;0;14;8;33;2;33;16;8;26;35;19;10;30;34;0;2;15;1;15;2;2;0;0;7;4;10;4;5;2;5;6;6;8;5;7;10;66;Salta;66056;General José de San Martín;660560704;;137;36;-23,298594;-63,787649;225,0843188
661330301;146;53;13;0;58;30;130;117;130;116;108;146;107;140;47;143;142;1;3;41;0;75;17;21;4;0;12;14;63;34;3;6;4;22;22;29;22;33;40;66;Salta;66133;Rivadavia;661330301;;485;146;-23,413837;-62,529492;1174,019873
661261301;317;49;131;0;38;15;30;2;30;8;6;147;158;47;259;99;287;11;19;126;3;117;119;152;29;4;106;27;119;66;42;27;7;29;29;56;72;73;87;66;Salta;66126;Orán;661261301;;1143;317;-23,237784;-64,283122;0,196749001
661261304;212;5;105;0;4;1;5;2;5;5;3;70;41;2;185;16;168;11;33;114;3;74;72;120;40;8;52;20;51;31;25;28;19;38;38;51;38;33;52;66;Salta;66126;Orán;661261304;;667;212;-23,240674;-64,280844;0,13952674
661261303;212;7;109;0;7;1;1;0;1;4;0;59;57;6;182;14;174;13;25;104;2;64;89;125;32;4;67;16;64;32;32;27;14;27;27;37;44;47;57;66;Salta;66126;Orán;661261303;;757;212;-23,240457;-64,2823;0,112154738
660560710;70;36;10;0;27;12;61;19;61;63;57;60;53;52;26;68;50;3;17;47;1;37;11;18;7;0;13;7;25;12;7;13;2;4;4;14;6;12;34;66;Salta;66056;General José de San Martín;660560710;;294;70;-23,235486;-63,771562;0,422915211
661261302;248;24;118;0;31;7;25;0;25;6;2;84;138;43;213;58;208;10;30;109;1;117;71;93;17;5;59;16;79;33;46;29;21;24;24;35;50;38;101;66;Salta;66126;Orán;661261302;;972;248;-23,241213;-64,28556;0,11903193
661261305;321;26;138;0;26;6;22;0;22;2;1;176;120;47;257;118;233;23;65;172;9;123;115;159;33;11;76;22;76;66;42;39;35;41;41;72;76;52;80;66;Salta;66126;Orán;661261305;;1086;321;-23,242745;-64,279463;0,275315215
660560711;72;34;4;0;34;12;67;7;67;65;57;71;65;51;26;72;68;1;3;37;0;35;12;14;1;1;9;2;21;13;11;10;7;8;8;5;10;8;41;66;Salta;66056;General José de San Martín;660560711;;318;72;-23,236287;-63,767393;0,3475113
661261306;388;37;184;0;31;13;36;7;36;9;5;213;195;92;312;169;245;24;119;195;8;144;122;186;43;21;81;26;103;71;38;53;31;66;66;82;91;72;77;66;Salta;66126;Orán;661261306;;1218;388;-23,244782;-64,276328;0,36096227
661261308;331;65;109;1;44;14;68;22;68;43;24;263;183;124;242;214;184;41;106;154;2;134;88;119;20;11;56;25;83;47;38;42;28;68;67;67;58;58;81;66;Salta;66126;Orán;661261308;;1070;331;-23,246792;-64,269405;0,646565722
661261311;334;71;91;0;79;26;48;5;48;7;4;318;231;189;261;320;304;1;29;186;3;128;139;164;20;5;86;11;153;71;32;34;7;26;26;44;54;86;124;66;Salta;66126;Orán;661261311;;1320;334;-23,246013;-64,283384;0,161893856
661261307;390;67;124;1;65;19;49;10;49;36;13;285;237;99;298;225;276;33;81;204;9;141;127;164;22;15;81;22;105;65;42;47;40;69;68;66;75;70;111;66;Salta;66126;Orán;661261307;;1310;390;-23,24762;-64,273593;0,249763059
661261310;336;62;100;0;66;23;53;1;53;9;6;305;227;159;289;321;309;4;23;157;5;117;137;168;27;4;97;16;145;77;32;19;14;33;33;53;56;74;120;66;Salta;66126;Orán;661261310;;1278;336;-23,249201;-64,279027;0,168143155
661261309;290;106;79;0;52;15;73;1;73;14;8;276;209;132;225;280;266;0;24;168;2;121;96;131;25;10;75;16;124;61;20;22;14;33;33;39;65;62;91;66;Salta;66126;Orán;661261309;;1065;290;-23,252209;-64,274491;0,17021505
661260601;148;69;16;4;43;22;91;102;91;114;87;140;105;96;60;139;84;5;59;51;0;71;19;22;2;1;6;7;40;29;12;19;13;28;24;31;24;22;47;66;Salta;66126;Orán;661260601;;529;148;-23,326908;-64,202666;186,0185489
661260505;76;7;35;0;10;3;8;4;8;15;9;33;28;11;68;64;3;4;69;15;1;33;24;34;5;5;23;6;29;12;11;3;2;13;13;11;13;11;28;66;Salta;66126;Orán;661260505;;278;76;-23,25634;-64,24376;0,880474213
660560702;68;29;0;0;30;16;65;55;65;45;44;68;68;66;4;68;68;0;0;19;0;16;4;5;1;0;2;8;25;17;3;4;0;11;11;12;20;9;16;66;Salta;66056;General José de San Martín;660560702;;219;68;-23,399553;-63,409044;957,8436703
661260504;119;17;100;1;12;5;21;15;21;15;2;7;13;4;119;82;3;1;115;52;2;19;36;74;12;26;42;11;31;12;16;13;10;26;26;23;20;17;33;66;Salta;66126;Orán;661260504;;391;119;-23,254255;-64,246764;0,417343902
660560708;192;44;38;0;45;24;105;2;105;175;119;188;115;138;116;187;169;5;18;94;0;58;37;51;11;3;28;4;69;42;15;16;11;35;35;31;35;41;50;66;Salta;66056;General José de San Martín;660560708;;628;192;-23,248213;-63,342916;0,484876306
660560709;180;25;45;0;29;5;59;1;59;174;93;175;89;114;129;177;157;5;18;79;0;81;31;52;14;7;23;12;52;22;22;11;15;46;46;29;29;34;42;66;Salta;66056;General José de San Martín;660560709;;554;180;-23,24897;-63,337046;0,309885204
660560712;227;101;35;0;103;61;176;45;176;162;157;212;204;168;92;217;202;9;16;100;8;104;48;56;7;1;28;16;73;41;31;30;21;15;15;32;36;40;104;66;Salta;66056;General José de San Martín;660560712;;930;227;-23,260776;-63,739302;0,781304983
660560707;290;149;12;0;143;76;261;17;261;213;195;289;260;278;84;280;274;2;14;130;0;96;31;38;5;2;25;17;132;53;15;21;16;36;36;41;64;54;95;66;Salta;66056;General José de San Martín;660560707;;1050;290;-23,253666;-63,341691;0,951660473
661260401;95;46;26;0;29;12;58;49;58;72;58;85;76;42;71;91;22;9;64;27;22;48;11;18;6;1;10;1;41;10;15;6;7;15;15;6;16;25;33;66;Salta;66126;Orán;661260401;;358;95;-23,322261;-64,410063;67,57922953
661260301;167;89;46;0;45;14;110;39;110;148;107;167;139;97;148;163;121;9;37;77;5;82;45;50;4;1;29;5;82;29;17;13;4;17;17;18;29;29;74;66;Salta;66126;Orán;661260301;;658;167;-23,454274;-64,583814;804,1964556
661261401;118;32;16;0;27;11;59;49;59;93;67;108;83;69;72;113;90;6;22;32;5;46;24;27;2;1;13;8;43;15;8;5;8;31;31;17;18;17;35;66;Salta;66126;Orán;661261401;;386;118;-23,303296;-64,222223;1,036214015
661260602;49;13;1;1;5;1;44;46;44;42;38;49;45;40;16;47;40;0;9;16;3;17;3;4;1;0;2;5;11;6;3;5;7;12;11;16;7;4;11;66;Salta;66126;Orán;661260602;;144;49;-23,36325;-64,095488;148,6336464
661260603;191;28;3;0;17;6;164;190;164;179;155;176;189;168;34;185;156;1;34;58;0;92;12;14;0;2;13;19;51;25;21;17;12;46;46;43;33;28;41;66;Salta;66126;Orán;661260603;;577;191;-23,553937;-63,672282;1917,20047
661261405;263;109;24;0;81;27;165;142;165;154;127;261;173;121;162;195;240;1;22;174;4;124;60;64;1;3;32;5;119;47;29;32;16;15;15;21;35;58;134;66;Salta;66126;Orán;661261405;;1177;263;-23,309505;-64,207644;0,947931352
661261403;188;38;50;0;39;15;54;25;54;7;3;131;111;75;125;179;177;2;9;100;3;91;37;42;4;1;17;6;37;31;36;35;24;19;19;25;32;35;77;66;Salta;66126;Orán;661261403;;836;188;-23,309768;-64,217401;0,188007813
661261402;348;43;122;0;43;11;26;7;26;22;14;155;236;83;281;201;279;19;50;179;4;129;98;129;26;5;51;24;82;53;63;58;25;43;42;62;77;40;127;66;Salta;66126;Orán;661261402;;1282;348;-23,314236;-64,225274;0,651091546
661261404;257;47;34;0;68;22;155;53;155;131;120;235;210;126;172;255;227;2;28;172;8;124;37;44;6;1;26;5;99;37;33;45;27;11;11;23;36;59;128;66;Salta;66126;Orán;661261404;;1190;257;-23,311945;-64,216001;0,151779612
661261406;353;95;84;0;68;25;91;104;91;30;27;309;137;111;193;155;340;0;13;206;4;185;47;50;3;0;39;9;153;65;49;41;19;17;17;33;43;49;211;66;Salta;66126;Orán;661261406;;1690;353;-23,315576;-64,204481;0,14823546
661261410;252;64;45;0;67;32;69;45;69;18;15;234;212;161;172;251;228;1;23;150;11;112;49;55;6;0;21;5;56;48;49;60;27;7;7;26;39;43;137;66;Salta;66126;Orán;661261410;;1198;252;-23,314132;-64,219886;0,10489164
661261408;292;72;74;0;97;46;88;13;88;22;21;286;263;169;211;287;265;0;27;148;11;131;54;60;5;1;48;8;100;54;54;46;16;14;14;24;38;61;155;66;Salta;66126;Orán;661261408;;1378;292;-23,317506;-64,214839;0,790798662
661261409;161;50;28;0;44;16;85;5;85;21;17;155;133;84;98;157;144;0;17;77;2;72;26;30;3;1;17;1;55;34;23;26;11;11;11;15;23;29;83;66;Salta;66126;Orán;661261409;;767;161;-23,315518;-64,218549;0,087446848
661261407;235;98;38;0;72;33;171;123;171;138;127;212;180;105;164;193;217;0;18;136;4;106;62;68;4;2;32;10;90;58;17;18;14;28;28;30;43;43;91;66;Salta;66126;Orán;661261407;;903;235;-23,316262;-64,207542;0,30579974
661330310;145;62;1;0;56;26;136;64;136;100;71;142;72;101;17;145;138;3;4;32;0;43;11;12;1;0;4;3;65;29;10;14;4;20;20;14;17;32;62;66;Salta;66133;Rivadavia;661330310;;580;145;-23,489118;-63,200872;555,8649704
661261411;318;95;63;1;79;33;107;23;107;50;38;289;243;148;214;306;301;4;13;167;5;146;64;75;10;1;46;13;123;51;49;46;14;22;21;37;50;67;143;66;Salta;66126;Orán;661261411;;1396;318;-23,319196;-64,221866;0,122928343
661261412;323;51;154;0;34;11;30;9;30;22;15;257;149;86;251;195;244;35;44;141;6;125;87;128;31;10;66;20;93;42;43;36;37;52;52;58;66;60;87;66;Salta;66126;Orán;661261412;;1100;323;-23,319598;-64,224827;0,280158017
661261501;241;73;42;0;64;24;154;48;154;206;140;234;186;122;156;235;226;5;10;139;1;100;67;80;8;5;47;14;116;59;10;10;6;26;26;37;50;63;65;66;Salta;66126;Orán;661261501;;850;241;-23,320456;-64,233144;0,164876344
661261413;329;45;107;0;41;9;55;12;55;40;26;307;206;139;212;261;297;12;20;184;7;151;56;70;9;5;38;16;89;48;58;45;35;38;38;51;56;57;127;66;Salta;66126;Orán;661261413;;1252;329;-23,320372;-64,229367;0,182322981
661260406;151;47;39;0;32;13;84;27;84;101;68;102;135;63;101;147;124;6;21;81;4;64;30;37;4;3;19;9;57;24;20;22;11;8;8;22;31;29;61;66;Salta;66126;Orán;661260406;;613;151;-23,372871;-64,359435;88,32382211
661261506;313;92;112;0;40;6;42;6;42;32;19;272;170;105;244;231;251;23;39;159;5;114;84;119;30;5;58;21;91;48;48;38;20;47;47;53;63;57;93;66;Salta;66126;Orán;661261506;;1099;313;-23,323744;-64,220986;0,286956962
661261502;184;14;43;0;27;6;69;6;69;81;60;172;138;88;129;184;161;5;18;84;7;79;46;56;6;4;35;15;63;46;14;14;15;17;17;43;27;38;59;66;Salta;66126;Orán;661261502;;651;184;-23,324777;-64,234154;0,461776645
661261503;375;63;144;0;48;18;64;5;64;24;20;318;209;94;278;296;288;19;68;187;9;151;83;115;26;6;51;23;100;66;39;44;29;74;74;69;74;67;91;66;Salta;66126;Orán;661261503;;1238;375;-23,325906;-64,228882;0,389763455
661261507;231;22;142;0;12;3;12;8;12;1;0;41;106;27;217;36;197;12;22;116;0;93;78;118;33;7;75;17;84;45;39;26;6;14;14;43;53;52;69;66;Salta;66126;Orán;661261507;;858;231;-23,325318;-64,215856;0,25835383
661261504;224;47;84;0;18;4;17;4;17;7;3;192;100;66;175;198;171;16;37;99;5;96;59;80;14;7;37;18;54;38;27;17;17;53;53;46;32;36;57;66;Salta;66126;Orán;661261504;;699;224;-23,327769;-64,226475;0,176247853
661261505;234;26;133;0;15;3;14;4;14;4;2;97;110;34;201;111;200;23;11;100;8;81;72;114;34;8;52;22;68;35;26;33;18;32;32;51;39;45;67;66;Salta;66126;Orán;661261505;;805;234;-23,327789;-64,222641;0,152460024
661261509;198;30;48;0;38;13;53;4;53;37;34;147;105;96;125;171;164;11;23;100;2;88;40;50;8;2;29;9;72;33;28;15;14;27;27;25;36;37;73;66;Salta;66126;Orán;661261509;;749;198;-23,327795;-64,219045;0,128653647
661261508;262;64;85;0;52;14;90;8;90;71;55;216;142;83;210;167;231;10;21;138;2;97;75;108;29;4;61;18;106;60;20;10;9;39;39;54;49;46;74;66;Salta;66126;Orán;661261508;;887;262;-23,33093;-64,217987;0,284720695
661261511;191;44;66;0;26;11;8;1;8;3;2;122;92;53;152;84;179;3;9;96;3;69;58;79;16;5;47;9;63;37;28;25;10;19;19;27;33;41;71;66;Salta;66126;Orán;661261511;;752;191;-23,330786;-64,223191;0,104420153
661261510;211;14;72;0;21;1;17;1;17;13;6;121;134;35;181;104;179;12;20;108;3;93;53;64;10;1;29;16;61;38;26;31;15;24;24;44;31;29;83;66;Salta;66126;Orán;661261510;;784;211;-23,330887;-64,219522;0,114155221
661261512;199;25;81;0;18;7;30;13;30;11;7;188;121;92;143;161;180;8;11;85;2;75;41;50;8;1;24;15;63;32;17;15;10;47;47;33;33;33;53;66;Salta;66126;Orán;661261512;;633;199;-23,330414;-64,227802;0,110352729
661261513;278;31;64;0;40;11;54;2;54;28;22;252;220;125;198;269;264;1;13;164;3;147;64;79;13;2;54;10;112;68;15;15;14;44;43;48;69;49;69;66;Salta;66126;Orán;661261513;;906;278;-23,331803;-64,228858;0,124118071
661261515;380;109;59;0;81;28;223;5;223;149;135;377;327;185;304;367;358;1;21;199;6;160;139;156;15;2;70;18;166;97;8;12;10;69;68;61;101;66;84;66;Salta;66126;Orán;661261515;;1220;380;-23,334682;-64,231382;0,254657828
661261514;321;82;45;0;59;17;85;8;85;48;37;310;274;210;243;312;305;8;8;178;3;144;83;97;13;1;62;26;133;68;18;17;9;50;50;51;61;64;95;66;Salta;66126;Orán;661261514;;1111;321;-23,333907;-64,226408;0,15481422
661260605;83;20;5;0;10;3;74;81;74;74;59;81;76;70;35;82;69;1;13;30;1;43;6;8;1;1;9;9;12;18;2;10;12;20;20;23;17;10;13;66;Salta;66126;Orán;661260605;;231;83;-23,566167;-64,169985;534,9418457
661260402;130;32;11;0;38;11;112;116;112;127;109;125;114;88;100;127;14;5;111;24;19;47;18;20;0;2;9;10;55;14;15;12;9;15;15;19;22;29;45;66;Salta;66126;Orán;661260402;;485;130;-23,385772;-64,463548;13,06537936
661260410;185;74;34;0;57;23;145;103;145;128;88;184;125;110;78;179;171;2;12;104;3;79;12;14;2;0;13;3;75;23;22;37;19;6;5;12;21;31;116;66;Salta;66126;Orán;661260410;;921;185;-23,373733;-64,427314;0,453273954
661260408;192;75;19;0;43;16;148;5;148;164;121;186;176;113;114;186;168;5;19;102;9;70;27;30;1;2;15;9;65;30;25;25;16;22;22;23;28;37;82;66;Salta;66126;Orán;661260408;;781;192;-23,382563;-64,428037;0,10677266
661260409;263;115;63;0;49;21;145;15;145;214;116;253;227;155;177;250;225;11;27;162;4;100;51;58;5;2;30;14;85;42;37;49;18;18;16;36;31;48;132;66;Salta;66126;Orán;661260409;;1136;263;-23,382925;-64,425259;0,15142602
661260403;125;17;48;0;12;5;24;11;24;28;16;63;53;13;105;87;97;16;12;61;13;47;33;51;10;8;34;1;45;28;16;14;4;17;17;14;25;27;42;66;Salta;66126;Orán;661260403;;463;125;-23,396967;-64,441996;3,738290234
661330211;92;14;13;0;5;0;42;3;42;92;51;91;49;68;67;90;87;1;4;32;0;36;16;25;8;1;17;6;33;13;10;5;9;16;16;18;17;14;27;66;Salta;66133;Rivadavia;661330211;;301;92;-23,372278;-63,095341;1,345651038
661261603;320;72;57;0;58;17;77;8;77;14;9;277;217;166;209;306;279;15;26;181;7;121;53;65;12;0;29;6;99;57;46;63;28;21;21;37;55;66;141;66;Salta;66126;Orán;661261603;;1354;320;-23,390243;-64,421911;0,169849076
661261601;245;28;77;0;33;8;36;0;36;30;9;212;108;42;187;218;169;38;38;129;14;81;59;82;20;3;38;13;60;44;32;41;14;41;41;36;47;43;78;66;Salta;66126;Orán;661261601;;891;245;-23,391344;-64,427138;0,16659822
661261602;240;43;63;0;33;7;39;3;39;20;9;200;134;62;187;207;142;49;49;103;13;78;64;78;13;1;58;14;72;32;32;29;13;48;48;37;54;47;54;66;Salta;66126;Orán;661261602;;784;240;-23,392091;-64,425025;0,116466483
661261604;279;118;22;0;88;39;211;21;211;160;139;279;267;207;141;272;260;11;8;159;3;112;30;32;2;0;24;14;109;59;24;31;7;35;35;32;36;57;119;66;Salta;66126;Orán;661261604;;1104;279;-23,391067;-64,419265;0,094067323
661260604;64;13;13;0;10;2;46;59;46;59;56;63;50;43;31;61;51;0;13;25;0;26;8;9;1;0;1;2;14;17;4;3;13;11;11;17;16;7;13;66;Salta;66126;Orán;661260604;;192;64;-23,597756;-63,958132;1177,851182
661261614;196;29;66;0;20;5;24;9;24;26;9;160;75;44;162;155;143;29;24;98;27;74;52;68;16;0;41;17;60;26;24;27;11;31;31;39;38;30;58;66;Salta;66126;Orán;661261614;;653;196;-23,393924;-64,430684;0,105335511
661261605;239;39;50;0;42;13;80;2;80;48;38;229;178;108;165;221;206;16;17;133;12;101;55;63;8;0;37;11;74;50;31;39;12;22;22;30;47;36;104;66;Salta;66126;Orán;661261605;;952;239;-23,393864;-64,419457;0,23410612
661261613;179;46;85;0;21;4;3;10;3;2;0;109;35;16;162;137;104;43;32;78;11;56;45;76;22;9;65;17;69;19;21;12;17;24;24;39;45;28;43;66;Salta;66126;Orán;661261613;;593;179;-23,396984;-64,429953;0,271114217
661260405;231;69;41;0;61;28;191;82;191;199;162;227;212;157;135;220;205;4;22;128;8;103;51;56;1;4;38;13;91;41;29;30;14;13;13;28;49;63;78;66;Salta;66126;Orán;661260405;;888;231;-23,440762;-64,402425;58,09526162
661261607;289;42;87;1;37;16;47;6;47;26;18;231;176;95;212;222;222;38;29;147;24;106;56;84;22;6;55;17;76;44;30;29;22;71;71;44;37;47;90;66;Salta;66126;Orán;661261607;;983;289;-23,396637;-64,42382;0,256675429
661261606;315;105;50;1;83;36;78;3;78;45;38;298;215;188;198;273;295;0;20;183;13;128;41;47;5;1;39;6;89;42;60;59;34;25;25;30;49;50;161;66;Salta;66126;Orán;661261606;;1398;315;-23,396678;-64,417063;0,259566511
661260407;34;33;2;0;16;10;27;31;27;29;25;34;33;32;9;34;19;1;14;14;0;15;4;4;0;0;2;0;13;1;5;5;3;7;7;1;7;10;9;66;Salta;66126;Orán;661260407;;127;34;-23,448427;-64,333593;51,62074641
661261608;308;58;96;0;30;11;47;8;47;64;45;159;138;80;246;226;232;56;20;147;16;116;94;128;28;6;72;35;85;49;32;29;26;52;52;74;65;50;67;66;Salta;66126;Orán;661261608;;952;308;-23,400492;-64,426783;0,396000921
661261612;201;17;81;0;18;4;5;9;5;1;1;47;50;0;173;106;162;24;15;114;5;51;86;121;32;3;67;15;74;31;28;26;7;20;20;31;37;48;65;66;Salta;66126;Orán;661261612;;766;201;-23,402445;-64,433113;0,285780926
661330308;106;32;5;0;30;18;98;105;98;85;82;106;98;103;48;106;101;0;5;30;0;59;8;10;1;1;6;17;32;9;7;5;6;30;30;27;16;9;24;66;Salta;66133;Rivadavia;661330308;;297;106;-23,56546;-62,99669;701,6084761
661260404;41;14;6;0;10;1;21;39;21;39;16;36;37;12;28;38;4;1;36;18;9;14;5;7;1;1;3;2;9;5;9;9;4;3;3;4;7;7;20;66;Salta;66126;Orán;661260404;;164;41;-23,434251;-64,453597;27,23113351
661261610;301;29;98;0;28;5;64;10;64;109;83;156;195;104;249;206;259;19;23;153;16;123;78;103;22;3;70;33;94;51;35;40;13;35;35;61;64;66;75;66;Salta;66126;Orán;661261610;;1043;301;-23,404249;-64,425504;0,163789535
661261611;265;24;119;0;13;0;10;1;10;3;2;47;48;10;236;130;214;27;24;123;5;86;78;128;39;11;79;16;104;49;31;29;10;26;26;42;65;59;73;66;Salta;66126;Orán;661261611;;982;265;-23,404995;-64,429231;0,168727529
661261609;317;153;50;0;65;24;222;155;222;274;171;314;285;190;234;302;250;3;64;193;27;122;82;90;7;1;50;14;135;75;27;13;18;35;35;53;65;60;104;66;Salta;66126;Orán;661261609;;1136;317;-23,405051;-64,422365;0,131894387
660910102;34;5;16;0;5;2;8;11;8;33;30;34;24;13;21;31;24;6;4;21;0;16;6;11;5;0;5;2;10;5;5;4;4;4;4;7;5;1;17;66;Salta;66091;La Poma;660910102;;128;34;-23,632098;-66,122376;765,8327492
661330302;148;59;10;0;38;26;105;98;105;117;93;146;94;122;57;143;111;10;27;57;1;67;16;24;6;2;7;15;48;27;8;5;6;39;39;30;20;23;36;66;Salta;66133;Rivadavia;661330302;;441;148;-23,587201;-62,438248;540,1159562
661330501;141;28;70;0;24;8;39;3;39;134;51;139;62;69;111;131;128;3;10;85;0;37;43;79;31;5;35;6;49;40;9;8;11;18;18;27;33;32;31;66;Salta;66133;Rivadavia;661330501;;463;141;-23,463999;-62,890818;0,416601073
661330502;164;60;40;0;50;25;100;5;100;132;82;161;93;112;102;162;145;4;15;84;1;65;28;47;17;2;24;12;56;50;9;13;7;17;17;33;29;15;70;66;Salta;66133;Rivadavia;661330502;;620;164;-23,467869;-62,88137;0,295184171
661330504;280;65;135;0;29;12;58;10;58;272;82;273;94;134;227;265;210;38;32;131;2;83;82;135;47;6;70;17;79;48;29;25;21;61;61;45;52;53;69;66;Salta;66133;Rivadavia;661330504;;906;280;-23,46767;-62,889073;0,400955054
661330503;310;53;123;0;31;9;55;4;55;295;111;300;124;94;252;263;257;28;25;154;2;128;59;113;45;9;62;28;105;54;25;32;21;45;45;61;64;60;80;66;Salta;66133;Rivadavia;661330503;;1038;310;-23,471484;-62,883603;0,422599084
661330506;157;29;57;0;15;5;62;1;62;149;82;154;68;88;124;149;141;6;10;85;1;64;30;51;20;1;29;9;42;34;11;17;14;30;30;25;41;26;35;66;Salta;66133;Rivadavia;661330506;;496;157;-23,472518;-62,894051;0,315199344
661330505;117;22;59;0;15;6;29;0;29;109;30;109;38;51;96;111;76;13;28;61;1;41;30;55;20;5;22;9;33;15;7;9;15;29;29;31;15;14;28;66;Salta;66133;Rivadavia;661330505;;353;117;-23,471465;-62,891077;0,246280147
661330507;85;6;28;0;9;2;26;1;26;73;34;84;42;56;62;82;72;8;5;29;0;29;22;39;14;3;20;7;32;9;6;5;3;23;22;15;19;14;15;66;Salta;66133;Rivadavia;661330507;;246;85;-23,475395;-62,886132;0,318062526
661330509;125;52;22;0;36;21;66;4;66;104;66;124;57;64;63;120;118;3;4;64;0;53;18;24;5;1;12;3;43;38;6;10;5;20;20;17;21;23;44;66;Salta;66133;Rivadavia;661330509;;449;125;-23,475788;-62,895456;0,291085596
661330508;150;61;35;0;48;24;89;5;89;135;82;149;76;100;103;149;131;6;13;74;0;64;23;38;14;1;17;8;44;28;18;28;10;14;14;27;22;23;64;66;Salta;66133;Rivadavia;661330508;;593;150;-23,477825;-62,889309;0,201392395
661330510;158;99;15;0;89;54;138;15;138;112;97;157;110;117;51;153;131;2;25;82;0;40;10;12;2;0;9;8;66;29;20;14;11;10;10;20;16;22;90;66;Salta;66133;Rivadavia;661330510;;709;158;-23,479724;-62,892226;0,289582202
661330306;154;45;5;0;34;14;145;154;145;132;129;152;106;111;52;153;145;0;9;35;0;61;4;7;2;1;4;14;49;26;12;10;7;36;36;25;22;24;47;66;Salta;66133;Rivadavia;661330306;;536;154;-23,74878;-62,775;1165,538518
661260302;213;36;93;0;21;5;38;9;38;71;44;175;117;79;185;202;160;10;43;106;4;84;60;83;18;5;38;16;60;32;32;24;17;32;32;40;41;38;62;66;Salta;66126;Orán;661260302;;767;213;-23,554155;-64,402621;1,124232581
661330401;379;109;9;0;81;33;274;232;274;355;298;369;309;325;109;379;358;6;15;138;0;150;27;32;5;0;20;29;127;64;22;26;29;82;82;74;69;44;110;66;Salta;66133;Rivadavia;661330401;;1216;379;-23,761781;-63,269893;916,4353507
661260303;340;36;122;0;38;6;63;12;63;46;33;280;170;136;280;329;284;13;43;142;8;125;104;134;21;9;62;13;98;56;59;36;24;54;54;47;73;60;106;66;Salta;66126;Orán;661260303;;1225;340;-23,558265;-64,396027;0,380299517
661260304;244;28;58;0;49;13;60;80;60;44;38;229;176;111;204;233;215;7;22;108;3;122;52;63;11;0;38;12;88;29;46;28;21;20;20;35;34;49;106;66;Salta;66126;Orán;661260304;;1045;244;-23,562736;-64,399984;0,134082246
660910103;36;10;1;1;5;3;35;35;35;30;29;36;31;35;5;36;36;0;0;16;0;10;2;2;0;0;1;2;10;5;4;1;6;8;6;7;10;5;8;66;Salta;66091;La Poma;660910103;;112;36;-23,820929;-66,26161;599,981593
661330309;33;10;0;0;10;5;33;32;33;25;23;33;32;33;8;33;31;0;2;5;0;17;1;1;0;0;2;1;9;6;4;1;1;11;11;6;3;4;9;66;Salta;66133;Rivadavia;661330309;;95;33;-23,646485;-63,138763;184,128548
661330311;125;20;38;0;23;5;64;28;64;118;82;122;63;55;93;121;106;10;9;63;1;57;17;29;11;1;13;6;37;22;7;12;8;33;33;17;24;16;35;66;Salta;66133;Rivadavia;661330311;;397;125;-23,606777;-62,597665;0,459561647
661330312;142;34;31;0;39;22;86;5;86;128;80;127;82;105;73;136;134;6;2;70;0;59;10;20;10;0;11;11;43;30;10;8;9;31;31;31;28;23;29;66;Salta;66133;Rivadavia;661330312;;424;142;-23,610456;-62,598211;0,45980348
661330313;137;40;26;0;39;26;85;24;85;118;57;137;72;75;103;125;122;2;13;80;1;57;23;29;4;2;18;10;36;31;12;17;8;23;23;31;23;27;33;66;Salta;66133;Rivadavia;661330313;;442;137;-23,614067;-62,59302;0,35357393
660910105;50;7;20;0;10;5;17;1;17;48;22;50;49;43;34;14;45;5;0;33;0;19;13;20;6;1;5;2;12;16;6;1;3;10;10;12;8;5;15;66;Salta;66091;La Poma;660910105;;168;50;-23,650383;-66,287592;0,091201906
661330307;32;7;1;0;7;3;32;32;32;31;29;32;32;32;15;32;31;0;1;4;0;16;1;2;1;0;2;3;10;6;2;1;1;9;9;7;4;4;8;66;Salta;66133;Rivadavia;661330307;;92;32;-23,774483;-62,968509;263,2122587
661050201;7;1;0;0;0;0;4;1;4;6;6;7;6;6;3;3;3;3;1;0;0;4;2;2;0;0;1;2;1;1;1;1;0;1;1;3;1;1;1;66;Salta;66105;Los Andes;661050201;;19;7;-24,055059;-67,0741;1878,814412
661330303;34;11;0;0;2;1;33;34;33;34;33;34;32;33;6;34;34;0;0;7;0;14;1;1;0;0;1;7;7;5;0;1;3;11;11;13;4;2;4;66;Salta;66133;Rivadavia;661330303;;77;34;-23,820498;-62,484506;736,7773389
661260607;25;3;3;0;2;2;19;23;19;24;18;25;20;23;17;22;21;0;4;8;0;8;0;1;1;0;2;1;5;5;2;1;3;8;8;5;4;5;3;66;Salta;66126;Orán;661260607;;65;25;-23,869611;-63,787001;1093,751855
660910104;33;6;0;0;2;1;33;33;33;29;28;33;33;33;2;33;32;0;1;26;0;8;1;1;0;0;0;2;2;8;0;1;3;17;17;9;4;2;1;66;Salta;66091;La Poma;660910104;;60;33;-24,071705;-66,115862;759,0063803
661330404;261;102;16;0;75;35;211;128;211;225;200;259;197;213;96;255;244;5;12;80;1;105;20;28;7;1;21;21;93;46;17;13;10;61;61;37;49;40;74;66;Salta;66133;Rivadavia;661330404;;864;261;-23,963333;-62,98619;652,9567347
661260606;22;7;2;0;5;3;12;19;12;20;14;19;15;17;15;22;16;0;6;6;0;11;3;5;1;1;2;0;5;2;4;6;3;2;2;1;5;4;10;66;Salta;66126;Orán;661260606;;85;22;-24,009815;-64,083115;525,7354005
661330402;263;74;12;1;67;24;210;150;210;220;189;260;232;252;126;255;247;5;11;86;1;107;25;33;6;2;15;19;65;48;23;17;15;76;76;50;38;30;69;66;Salta;66133;Rivadavia;661330402;;796;263;-23,990685;-63,345702;1030,393177
661050203;54;10;1;0;4;2;51;51;51;46;45;53;53;53;6;54;47;0;7;23;0;11;0;1;1;0;0;9;7;2;2;2;5;27;27;12;5;5;5;66;Salta;66105;Los Andes;661050203;;114;54;-24,111312;-66,300988;724,1272627
661330409;211;45;64;0;31;13;57;11;57;122;79;203;115;122;180;207;160;19;32;106;0;89;52;84;23;9;43;8;63;50;12;23;8;47;47;28;40;44;52;66;Salta;66133;Rivadavia;661330409;;673;211;-23,893701;-63,193624;0,399398083
661330408;245;53;84;0;19;8;48;14;48;126;72;232;107;103;186;242;191;20;34;122;0;113;63;102;31;8;48;15;69;58;18;22;16;47;47;55;46;46;51;66;Salta;66133;Rivadavia;661330408;;753;245;-23,8966;-63,19815;0,444351671
661330410;194;78;37;0;45;15;61;7;61;109;75;193;108;115;129;189;173;13;8;101;1;85;34;57;17;6;28;8;79;42;10;9;12;34;34;34;25;41;60;66;Salta;66133;Rivadavia;661330410;;667;194;-23,900473;-63,195081;0,513796866
661330305;103;77;4;0;50;35;103;96;103;32;26;103;84;103;3;103;57;0;46;29;0;36;10;13;2;1;7;7;38;24;5;7;6;16;16;17;18;20;32;66;Salta;66133;Rivadavia;661330305;;347;103;-24,007431;-62,637134;463,9825288
661330304;73;14;2;0;14;4;71;73;71;66;63;73;72;71;0;73;72;0;1;22;0;23;5;6;1;0;3;7;23;9;10;7;5;12;12;14;11;5;31;66;Salta;66133;Rivadavia;661330304;;261;73;-24,014688;-62,436595;336,7238708
661260608;9;1;7;0;1;0;8;9;8;9;9;9;8;8;0;9;8;0;1;2;0;6;0;0;0;0;0;1;2;2;0;2;1;1;1;4;2;0;2;66;Salta;66126;Orán;661260608;;25;9;-24,067507;-63,748981;1185,669438
661470102;51;14;10;0;12;10;49;49;49;48;46;50;49;49;10;49;51;0;0;24;0;23;1;2;1;0;0;1;18;13;5;8;4;2;2;7;8;11;23;66;Salta;66147;Rosario de Lerma;661470102;;217;51;-24,116165;-65,869538;368,5776481
661470101;20;2;6;0;2;1;12;17;12;19;14;17;18;17;11;19;17;2;1;11;0;6;2;4;2;0;1;1;10;1;4;1;2;1;1;2;3;3;11;66;Salta;66147;Rosario de Lerma;661470101;;84;20;-24,180151;-65,999943;499,8036394
661050101;0;0;0;0;0;0;0;0;0;0;0;0;0;0;0;0;0;0;0;0;0;0;0;0;0;0;0;0;0;0;0;0;0;0;0;0;0;0;0;66;Salta;66105;Los Andes;661050101;;0;0;-24,376173;-67,474889;4327,630541
661330411;126;62;12;0;47;24;78;3;78;116;96;126;105;102;55;124;107;3;16;61;0;43;8;16;7;1;11;3;50;12;19;17;9;16;16;13;20;18;59;66;Salta;66133;Rivadavia;661330411;;532;126;-24,026067;-63,081927;1,843340872
661330405;159;82;9;0;63;28;129;59;129;101;89;159;134;138;70;151;149;3;7;74;0;71;19;20;1;0;4;7;60;30;7;12;6;37;37;24;22;27;49;66;Salta;66133;Rivadavia;661330405;;534;159;-24,187338;-62,970974;816,5029977
661470103;56;17;2;0;10;7;49;52;49;47;41;56;56;52;4;55;35;1;20;34;0;25;1;3;1;1;3;2;21;12;5;7;3;6;6;9;12;7;22;66;Salta;66147;Rosario de Lerma;661470103;;215;56;-24,28569;-65,792523;619,7664438
661330403;43;9;1;0;11;5;41;43;41;43;42;43;41;41;20;43;41;0;2;13;0;15;1;1;0;0;3;2;18;5;3;4;3;8;8;5;11;13;6;66;Salta;66133;Rivadavia;661330403;;133;43;-24,163424;-63,223903;621,5627023
661050202;76;9;21;0;16;5;48;19;48;70;61;76;61;64;52;74;48;11;17;34;0;39;14;18;4;0;10;4;20;16;5;4;6;21;21;15;12;9;19;66;Salta;66105;Los Andes;661050202;;226;76;-24,389371;-66,724926;1755,689111
661330406;331;124;11;0;97;45;322;328;322;317;307;326;292;306;19;328;313;2;16;96;0;143;11;21;8;2;17;28;128;59;13;21;16;66;66;66;48;51;100;66;Salta;66133;Rivadavia;661330406;;1082;331;-24,235017;-62,548221;1331,348639
661050216;52;7;23;0;7;3;20;1;20;52;44;51;42;36;45;14;42;3;7;28;0;30;9;11;1;1;7;2;25;10;2;5;2;6;6;6;7;13;20;66;Salta;66105;Los Andes;661050216;;199;52;-24,114073;-66,72057;0,855698006
660070104;103;38;7;0;41;10;67;26;67;87;77;101;74;63;40;90;84;2;17;53;0;38;10;10;0;0;6;5;43;17;11;14;9;4;4;9;20;20;50;66;Salta;66007;Anta;660070104;;432;103;-24,265695;-63,809124;723,1055821
660070101;182;122;6;2;77;41;121;165;121;170;146;182;166;154;81;173;51;0;131;42;94;74;19;23;1;3;21;8;90;33;10;12;15;14;14;39;31;45;53;66;Salta;66007;Anta;660070101;;640;182;-24,2111;-64,071606;195,0379231
660070105;61;20;2;0;12;2;40;61;40;49;29;61;51;60;29;58;28;0;33;14;0;22;4;5;1;0;3;10;11;13;1;2;7;17;17;24;7;5;8;66;Salta;66007;Anta;660070105;;147;61;-24,236117;-63,539982;358,9699643
661050204;15;6;2;0;5;3;13;6;13;15;14;15;13;12;12;14;13;0;2;8;0;4;1;1;0;0;1;1;2;5;3;0;2;2;2;4;0;4;5;66;Salta;66105;Los Andes;661050204;;55;15;-24,305761;-66,467162;769,4814196
661050209;196;30;75;0;48;20;92;18;92;96;91;193;173;120;163;104;173;12;11;115;0;78;46;49;2;1;19;6;57;49;20;36;11;17;17;19;31;38;91;66;Salta;66105;Los Andes;661050209;;856;196;-24,205511;-66,312734;1,212660642
661050210;234;35;92;0;34;16;45;22;45;64;45;226;190;68;186;90;172;25;37;135;0;84;60;87;25;2;34;11;59;46;31;33;23;31;31;32;33;35;103;66;Salta;66105;Los Andes;661050210;;937;234;-24,211256;-66,318319;1,017623272
661330412;196;61;46;0;37;12;93;4;93;118;68;189;109;127;144;192;169;13;14;99;0;89;36;67;26;5;33;11;69;43;13;12;10;38;38;35;39;38;46;66;Salta;66133;Rivadavia;661330412;;622;196;-24,180652;-62,884399;0,312456619
661330413;182;56;64;0;22;7;53;5;53;112;77;177;85;99;149;174;140;19;23;100;3;63;42;78;29;7;38;17;55;40;12;11;12;35;35;41;39;25;42;66;Salta;66133;Rivadavia;661330413;;564;182;-24,184447;-62,88878;0,402682356
661330414;139;36;50;1;26;11;50;9;50;66;42;133;84;88;120;130;107;13;19;62;3;64;38;52;12;2;27;8;51;24;9;9;5;33;32;19;28;24;36;66;Salta;66133;Rivadavia;661330414;;452;139;-24,186265;-62,886171;0,183572495
661050212;246;20;137;0;39;14;6;10;6;11;9;125;77;54;225;46;149;52;45;124;0;81;87;137;35;15;58;10;74;45;30;31;19;37;37;39;29;41;100;66;Salta;66105;Los Andes;661050212;;995;246;-24,220137;-66,31596;0,396449835
661330415;231;140;6;0;101;57;210;29;210;157;145;228;209;212;24;229;207;4;20;105;1;83;17;21;4;0;7;23;79;71;8;11;7;32;32;54;52;33;60;66;Salta;66133;Rivadavia;661330415;;754;231;-24,189383;-62,873874;1,176492594
661050211;224;40;118;1;39;15;38;20;38;37;33;208;150;54;198;78;121;59;44;115;0;63;66;109;27;16;36;10;48;40;27;32;21;46;46;35;36;36;71;66;Salta;66105;Los Andes;661050211;;812;224;-24,219594;-66,3218;0,240543667
661330416;201;52;19;1;50;20;125;4;125;145;113;198;151;141;111;192;174;12;15;99;0;83;37;61;22;2;23;16;71;48;10;15;6;35;35;41;47;29;49;66;Salta;66133;Rivadavia;661330416;;635;201;-24,189633;-62,886266;0,351161379
661050213;194;29;106;0;31;8;15;7;15;37;23;154;106;43;171;52;88;60;46;86;1;55;76;106;20;10;52;10;66;27;19;24;12;36;36;26;34;36;62;66;Salta;66105;Los Andes;661050213;;722;194;-24,226464;-66,318519;0,332047543
661050215;229;34;101;0;52;27;99;43;99;109;103;226;204;117;188;157;182;15;32;107;0;108;53;56;3;0;27;7;71;58;24;31;12;26;26;29;36;35;103;66;Salta;66105;Los Andes;661050215;;971;229;-24,22544;-66,322991;0,265071453
661050214;194;44;86;0;50;28;45;3;45;43;38;188;164;89;149;90;125;53;16;123;0;74;61;69;4;4;24;6;55;41;28;27;8;29;29;21;22;31;91;66;Salta;66105;Los Andes;661050214;;844;194;-24,225582;-66,32067;0,178732305
660070107;188;92;15;1;56;26;117;6;117;170;141;181;161;135;118;178;165;4;19;90;39;83;26;34;6;2;21;12;74;39;13;16;11;23;23;35;28;42;60;66;Salta;66007;Anta;660070107;;687;188;-24,223722;-63,987806;0,657685929
660070106;163;37;34;1;41;17;86;16;86;145;124;139;103;83;117;155;136;9;18;57;70;56;28;29;1;0;19;7;92;24;11;12;8;9;9;20;23;30;81;66;Salta;66007;Anta;660070106;;669;163;-24,223999;-63,995172;0,31168737
660070108;188;49;41;1;41;17;59;6;59;181;96;175;116;101;132;154;161;11;16;83;13;64;44;54;6;4;29;11;66;32;20;19;18;22;22;29;30;29;78;66;Salta;66007;Anta;660070108;;741;188;-24,228265;-63,986677;0,327751085
660070110;184;49;24;0;45;14;75;7;75;177;134;174;134;111;148;161;157;8;19;71;48;71;27;39;8;4;26;8;73;27;24;21;14;17;17;28;35;27;77;66;Salta;66007;Anta;660070110;;729;184;-24,230445;-63,994736;0,485538331
660070109;287;44;105;0;53;22;64;15;64;266;130;230;157;125;227;162;248;13;26;149;9;101;85;122;13;24;63;12;107;63;26;30;13;36;36;37;57;63;94;66;Salta;66007;Anta;660070109;;1079;287;-24,232217;-63,987178;0,512825244
660070502;28;11;2;0;5;3;27;27;27;19;19;27;27;27;2;28;27;1;0;6;0;8;0;1;1;0;3;3;11;1;1;3;5;4;4;6;5;8;5;66;Salta;66007;Anta;660070502;;88;28;-24,412371;-63,199132;863,914308
660910201;17;2;1;0;0;0;15;17;15;15;15;17;17;16;2;17;17;0;0;13;0;8;0;1;1;0;1;0;4;3;2;3;2;3;3;3;4;4;3;66;Salta;66091;La Poma;660910201;;52;17;-24,465465;-66,290104;602,6337149
660070102;40;16;4;0;9;4;21;38;21;40;30;39;29;30;13;27;18;1;21;9;0;18;6;9;0;3;8;5;8;10;2;9;3;3;3;14;5;10;8;66;Salta;66007;Anta;660070102;;132;40;-24,309675;-64,088947;248,958053
660070501;80;44;7;0;6;1;64;78;64;73;67;79;73;72;8;79;72;0;8;25;1;24;5;6;1;0;6;10;27;15;6;2;3;17;17;19;16;15;13;66;Salta;66007;Anta;660070501;;229;80;-24,436857;-63,526863;1201,45099
661470201;37;6;0;0;5;4;34;37;34;37;34;37;36;35;1;36;31;1;5;24;0;15;4;6;2;0;2;1;7;6;2;9;4;8;8;6;3;6;14;66;Salta;66147;Rosario de Lerma;661470201;;142;37;-24,344915;-66,090631;169,9562731
661330407;15;14;0;0;7;3;15;11;15;1;1;15;15;15;0;15;15;0;0;4;0;7;2;2;0;0;1;0;6;4;1;1;1;2;2;1;2;2;8;66;Salta;66133;Rivadavia;661330407;;58;15;-24,664583;-62,826952;3665,155866
661050102;0;0;0;0;0;0;0;0;0;0;0;0;0;0;0;0;0;0;0;0;0;0;0;0;0;0;0;0;0;0;0;0;0;0;0;0;0;0;0;66;Salta;66105;Los Andes;661050102;;0;0;-24,67116;-68,200566;3590,304022
660070206;19;4;1;0;1;1;17;17;17;15;15;18;17;17;3;19;16;0;3;5;0;3;2;3;1;0;1;1;4;1;1;0;2;10;10;3;2;2;2;66;Salta;66007;Anta;660070206;;40;19;-24,365846;-63,699466;109,145334
661470203;24;0;5;0;1;0;17;18;17;24;19;20;16;16;16;22;21;1;2;10;0;12;4;9;1;4;0;1;2;2;4;2;3;10;10;4;1;4;5;66;Salta;66147;Rosario de Lerma;661470203;;64;24;-24,568059;-66,075296;437,3450402
660070103;12;4;6;1;4;3;4;7;4;12;5;8;5;4;12;5;3;0;9;2;0;5;2;2;0;0;0;0;1;1;1;0;7;2;2;0;2;0;8;66;Salta;66007;Anta;660070103;;48;12;-24,392208;-64,128612;247,2320066
661470202;59;9;13;0;6;4;29;56;29;57;41;57;49;46;24;56;36;7;16;29;0;22;13;22;5;4;5;6;6;5;5;4;5;28;28;12;4;4;11;66;Salta;66147;Rosario de Lerma;661470202;;149;59;-24,454051;-65,946174;397,6437984
660070503;31;4;3;0;5;1;30;31;30;30;27;31;29;31;0;31;30;0;1;11;0;6;2;2;0;0;2;3;10;3;1;3;1;10;10;4;6;3;8;66;Salta;66007;Anta;660070503;;89;31;-24,550981;-63,023243;614,589667
661050206;17;3;2;0;4;1;8;1;8;13;9;16;13;13;12;9;9;3;5;8;0;7;4;5;0;1;3;2;5;3;0;2;3;2;2;5;2;3;5;66;Salta;66105;Los Andes;661050206;;55;17;-24,712795;-66,964473;1773,041081
660770101;24;20;0;0;5;3;24;24;24;4;4;24;24;24;1;24;19;0;5;7;0;9;3;3;0;0;1;2;4;3;2;6;3;4;4;4;6;5;5;66;Salta;66077;La Caldera;660770101;;78;24;-24,484383;-65,601118;185,8749101
660070205;265;62;64;1;40;15;68;64;68;93;78;179;137;132;175;251;198;21;46;112;16;93;52;73;20;1;49;18;75;41;28;30;21;52;49;44;50;43;79;66;Salta;66007;Anta;660070205;;912;265;-24,440488;-63,882;225,9696698
660070111;329;93;91;0;61;19;118;18;118;306;198;278;223;213;252;311;292;7;30;158;1;149;54;77;18;5;35;15;121;43;53;32;34;31;31;50;52;62;134;66;Salta;66007;Anta;660070111;;1298;329;-24,386961;-63,989956;0,670999852
661470104;28;2;4;0;2;0;22;25;22;26;20;25;22;25;4;25;14;1;13;11;0;18;2;5;2;1;3;5;2;3;2;2;8;6;6;10;5;3;4;66;Salta;66147;Rosario de Lerma;661470104;;79;28;-24,468396;-65,767466;256,0809081
660910202;30;6;2;0;4;2;21;30;21;27;25;29;27;25;11;30;14;4;12;14;0;16;5;5;0;0;2;1;7;6;1;2;3;10;10;8;2;3;7;66;Salta;66091;La Poma;660910202;;86;30;-24,610298;-66,285508;389,2445238
660070401;16;2;0;0;1;0;12;16;12;16;16;16;16;14;8;14;13;0;3;5;0;4;0;0;0;0;0;3;3;2;0;2;1;5;5;4;2;2;3;66;Salta;66007;Anta;660070401;;44;16;-24,579612;-63,874697;634,9001813
661050205;6;1;1;0;0;0;5;3;5;4;4;6;4;5;3;6;4;2;0;3;0;2;2;2;0;0;0;0;0;4;0;0;1;1;1;4;1;0;0;66;Salta;66105;Los Andes;661050205;;12;6;-24,651023;-66,526107;742,5067963
660070201;247;108;38;0;63;29;119;22;119;144;122;232;192;159;184;231;196;11;40;128;28;89;49;55;4;2;32;8;114;40;19;24;16;26;26;30;48;50;93;66;Salta;66007;Anta;660070201;;948;247;-24,447716;-64,227445;192,4357576
660770202;40;6;18;0;3;0;20;28;20;38;25;30;22;21;31;32;22;1;17;11;0;12;15;21;0;6;13;11;6;3;1;0;3;16;16;16;4;2;2;66;Salta;66077;La Caldera;660770202;;78;40;-24,499129;-65,407939;78,06256514
660770301;21;6;2;0;2;0;12;20;12;15;9;19;15;12;8;20;7;0;14;5;2;5;5;5;0;0;1;2;3;1;2;0;2;11;11;4;1;2;3;66;Salta;66077;La Caldera;660770301;;47;21;-24,509429;-65,283329;102,0946749
660770201;9;8;0;0;2;0;7;9;7;2;1;9;8;9;4;9;1;0;8;2;0;2;1;1;0;0;1;2;1;0;1;2;0;3;3;2;1;1;2;66;Salta;66077;La Caldera;660770201;;25;9;-24,5247;-65,488745;163,4694332
660070211;202;20;81;0;18;6;13;4;13;15;9;121;74;46;162;146;151;29;22;79;10;68;55;79;18;6;40;18;67;21;41;20;11;24;24;28;47;46;57;66;Salta;66007;Anta;660070211;;716;202;-24,429344;-63,990356;0,156817395
660070210;266;107;68;0;49;17;86;15;86;122;111;210;147;132;211;240;221;6;39;153;19;98;62;84;18;4;45;10;98;58;24;28;12;36;36;41;50;64;75;66;Salta;66007;Anta;660070210;;947;266;-24,43068;-63,992305;0,197163713
660070209;263;47;115;0;35;15;33;10;33;28;19;212;114;103;234;180;154;48;61;127;9;87;75;118;29;14;63;17;73;39;28;24;27;55;55;49;45;44;70;66;Salta;66007;Anta;660070209;;867;263;-24,429589;-63,995011;0,267476563
660070207;235;31;87;0;33;9;17;7;17;11;8;170;71;89;198;165;170;43;22;112;1;82;72;112;28;12;52;18;71;42;33;29;14;28;28;39;56;40;72;66;Salta;66007;Anta;660070207;;865;235;-24,430276;-64,0017;0,211483104
660070208;276;59;97;0;43;14;28;7;28;33;19;234;144;108;235;195;191;48;37;130;3;85;76;114;28;10;60;16;80;37;36;36;20;51;50;49;51;45;81;66;Salta;66007;Anta;660070208;;958;276;-24,430701;-63,998527;0,200381554
660070212;353;112;63;1;51;18;153;9;153;190;153;330;241;195;249;331;290;27;36;162;42;151;76;83;4;3;32;20;129;69;38;34;18;45;44;56;71;71;111;66;Salta;66007;Anta;660070212;;1258;353;-24,437752;-63,990914;0,51171076
660070213;272;63;112;0;38;17;35;6;35;23;17;227;96;107;237;212;190;38;44;143;21;92;77;104;22;5;38;18;81;50;34;26;21;42;42;48;53;55;74;66;Salta;66007;Anta;660070213;;949;272;-24,434279;-63,995765;0,159783747
660070214;355;77;113;2;65;21;67;16;67;49;33;296;187;179;303;287;273;39;43;174;23;142;91;116;21;4;70;10;125;48;57;44;24;47;44;50;63;59;139;66;Salta;66007;Anta;660070214;;1387;355;-24,438536;-63,996852;0,447046488
660070202;68;18;27;0;16;5;14;0;14;31;16;64;46;23;65;67;58;2;8;37;2;34;12;16;4;0;8;0;36;16;3;4;1;8;8;4;14;13;29;66;Salta;66007;Anta;660070202;;266;68;-24,516804;-64,270838;442,2673046
661050103;3;0;0;0;0;0;1;2;1;3;1;3;3;0;0;3;3;0;0;1;0;0;0;0;0;0;1;0;0;0;1;0;1;1;1;0;1;1;0;66;Salta;66105;Los Andes;661050103;;8;3;-24,922507;-67,670196;6335,318184
660070301;9;1;2;0;2;1;3;3;3;7;7;9;6;5;6;9;6;0;3;3;0;2;2;3;1;0;1;0;1;3;3;0;1;1;1;2;1;4;1;66;Salta;66007;Anta;660070301;;29;9;-24,589473;-64,383771;327,1849117
660070204;126;63;14;0;44;21;88;63;88;108;96;124;101;100;69;122;91;3;32;52;16;53;7;8;1;0;1;6;34;24;23;6;9;24;24;20;19;19;44;66;Salta;66007;Anta;660070204;;470;126;-24,515432;-63,998812;94,60493133
660490202;30;6;4;0;5;1;10;30;10;25;21;23;19;11;22;30;2;0;28;4;0;12;6;7;0;1;3;4;5;2;1;0;5;13;13;9;2;0;6;66;Salta;66049;General Güemes;660490202;;67;30;-24,597805;-64,787767;407,7757317
660490101;16;1;2;0;2;0;12;16;12;16;12;13;16;11;8;16;3;0;13;6;3;8;4;5;1;0;1;3;5;1;1;1;3;2;2;4;4;3;3;66;Salta;66049;General Güemes;660490101;;49;16;-24,535436;-65,123766;37,94780903
660770302;12;0;3;0;1;0;8;12;8;12;8;12;7;8;6;12;2;0;10;2;0;6;3;3;0;0;1;0;1;2;0;1;3;5;5;3;3;1;0;66;Salta;66077;La Caldera;660770302;;24;12;-24,561903;-65,273114;134,8570066
661470105;39;9;4;0;3;2;21;28;21;37;23;28;34;28;12;34;30;7;2;17;2;16;3;5;2;0;5;3;8;7;6;5;3;7;7;8;8;6;10;66;Salta;66147;Rosario de Lerma;661470105;;130;39;-24,583793;-65,771998;184,9689398
660070306;5;1;4;0;0;0;1;5;1;5;1;5;1;0;4;0;0;0;5;2;0;3;0;1;0;1;2;1;1;0;0;0;0;3;3;1;1;0;0;66;Salta;66007;Anta;660070306;;8;5;-24,66009;-64,598716;299,8948181
660490102;84;13;24;0;7;2;21;35;21;61;31;66;62;30;55;72;68;6;10;35;1;46;21;25;4;0;14;7;25;8;6;5;4;29;29;17;11;10;17;66;Salta;66049;General Güemes;660490102;;234;84;-24,590413;-65,177975;145,0677946
661470301;14;9;1;0;0;0;13;12;13;5;5;14;13;14;3;14;13;0;1;7;0;7;1;1;0;0;0;1;3;3;0;2;0;5;5;4;0;2;3;66;Salta;66147;Rosario de Lerma;661470301;;36;14;-24,594537;-65,69566;105,2511134
660070203;14;2;2;0;1;1;4;6;4;11;11;11;9;9;10;13;9;1;4;2;0;7;2;3;1;0;1;1;3;1;2;0;1;6;6;2;2;2;2;66;Salta;66007;Anta;660070203;;35;14;-24,593051;-64,080413;150,2008775
660770203;51;6;17;0;0;0;5;27;5;47;11;46;26;14;31;42;42;0;9;13;2;23;11;23;5;7;14;8;13;8;1;2;5;14;14;19;5;7;6;66;Salta;66077;La Caldera;660770203;;125;51;-24,600059;-65,422456;84,85237664
661470205;48;0;8;0;10;0;30;38;30;48;38;48;40;42;20;46;30;0;18;24;0;25;9;11;2;0;8;4;16;3;5;7;6;7;7;9;8;6;18;66;Salta;66147;Rosario de Lerma;661470205;;174;48;-24,679208;-65,884169;544,5337444
660070504;34;7;3;0;5;0;29;32;29;29;26;34;31;32;3;32;28;0;6;13;0;10;2;2;0;0;4;4;10;3;5;2;2;8;8;7;5;4;10;66;Salta;66007;Anta;660070504;;107;34;-24,63822;-63,270579;647,5935406
660070215;281;48;81;0;37;13;59;27;59;133;55;252;155;92;213;267;217;16;48;116;18;110;52;74;17;5;46;22;98;44;30;21;16;50;50;49;43;50;89;66;Salta;66007;Anta;660070215;;985;281;-24,541346;-64,099417;0,606661684
661470302;13;8;0;0;0;0;13;13;13;5;5;13;13;13;0;13;11;0;2;4;0;8;0;0;0;0;0;1;4;0;0;0;1;7;7;2;1;1;2;66;Salta;66147;Rosario de Lerma;661470302;;28;13;-24,638395;-65,627688;136,0229557
660770102;105;12;59;1;7;2;24;101;24;101;42;66;45;39;70;61;49;9;47;46;0;22;20;69;8;41;47;17;35;15;7;8;5;18;18;29;15;15;28;66;Salta;66077;La Caldera;660770102;;333;105;-24,625939;-65,529956;105,7832271
660490201;64;32;5;0;20;9;47;63;47;39;26;62;58;48;43;61;33;1;30;14;4;30;8;8;0;0;14;5;27;8;8;1;2;13;13;10;8;14;19;66;Salta;66049;General Güemes;660490201;;218;64;-24,589099;-65,006181;36,44070249
660070305;19;1;8;0;2;0;5;13;5;18;15;11;13;8;7;17;5;0;14;5;0;4;0;5;3;2;4;0;9;1;1;0;1;7;7;2;6;1;3;66;Salta;66007;Anta;660070305;;50;19;-24,692246;-64,358243;382,3732296
660490302;201;52;55;0;14;3;82;99;82;144;99;148;171;116;115;177;75;16;110;64;9;74;52;72;12;8;30;31;39;16;7;12;10;86;86;51;24;17;23;66;Salta;66049;General Güemes;660490302;;455;201;-24,649709;-65,055622;96,30814499
661050104;106;42;47;0;14;5;21;2;21;8;2;95;50;62;78;97;27;7;72;40;1;41;42;54;9;3;13;7;13;14;13;8;6;45;45;14;14;8;25;66;Salta;66105;Los Andes;661050104;;321;106;-24,589975;-67,391491;0,963353587
660770204;197;49;105;1;18;4;11;11;11;193;13;108;71;34;172;186;134;32;31;94;3;65;68;110;17;25;56;17;60;26;18;18;10;48;47;35;36;33;46;66;Salta;66077;La Caldera;660770204;;642;197;-24,600641;-65,37725;0,822777998
660490203;3;1;0;0;0;0;2;2;2;2;1;3;3;2;1;2;0;1;2;2;0;1;1;1;0;0;0;0;0;0;0;0;0;3;3;0;0;0;0;66;Salta;66049;General Güemes;660490203;;3;3;-24,696881;-64,872809;174,0629449
660770205;187;16;99;0;19;5;18;16;18;180;54;138;84;54;156;165;128;28;31;74;1;43;82;118;13;23;57;14;56;23;19;20;19;36;36;41;39;25;46;66;Salta;66077;La Caldera;660770205;;603;187;-24,6009;-65,383967;0,710282482
660490204;60;13;11;0;3;1;31;59;31;54;38;58;47;42;42;49;30;0;30;18;1;26;15;17;0;2;6;7;12;5;5;2;4;25;24;13;7;6;10;66;Salta;66049;General Güemes;660490204;;158;60;-24,62797;-64,955388;38,00708149
660770303;179;9;104;0;4;1;14;73;14;167;31;133;47;26;153;140;129;13;37;52;4;31;66;137;15;56;77;33;53;11;12;8;3;59;59;42;30;33;15;66;Salta;66077;La Caldera;660770303;;449;179;-24,644883;-65,323402;95,83612884
660490103;198;53;49;0;25;13;76;28;76;189;78;174;154;93;164;185;102;6;90;95;14;71;37;51;9;5;26;16;58;28;9;14;9;64;64;35;23;39;37;66;Salta;66049;General Güemes;660490103;;572;198;-24,638663;-65,112766;29,48426602
660070505;46;9;2;2;4;0;40;45;40;44;43;46;41;46;21;46;41;0;5;10;0;15;1;2;1;0;2;4;19;8;3;4;0;8;7;9;11;6;13;66;Salta;66007;Anta;660070505;;149;46;-24,808576;-63,572909;740,968688
660770206;212;30;113;0;33;9;27;28;27;198;35;133;80;52;188;190;156;23;33;116;3;55;71;137;29;37;59;13;68;48;19;18;9;37;37;39;39;41;56;66;Salta;66077;La Caldera;660770206;;720;212;-24,610949;-65,386853;0,45785416
660490301;129;27;44;0;19;8;39;39;39;115;60;93;96;67;94;107;49;13;67;51;14;56;29;37;7;1;18;6;41;13;9;17;12;31;31;21;20;25;32;66;Salta;66049;General Güemes;660490301;;411;129;-24,668864;-65,193085;108,6230873
660770207;349;52;134;0;59;22;42;34;42;298;51;235;172;104;289;327;293;21;35;209;5;115;148;184;26;10;78;17;107;70;44;47;23;41;41;67;56;70;115;66;Salta;66077;La Caldera;660770207;;1279;349;-24,612004;-65,383519;0,362415684
660070302;9;2;0;0;1;0;6;3;6;7;6;9;8;8;6;9;7;0;2;1;0;1;4;4;0;0;1;1;1;0;0;2;3;2;2;4;3;0;0;66;Salta;66007;Anta;660070302;;19;9;-24,66281;-64,148546;77,27689603
660770208;48;8;24;0;3;1;3;29;3;47;13;41;15;16;44;41;30;9;9;20;1;14;21;33;4;8;16;9;11;9;3;2;3;11;11;14;10;9;4;66;Salta;66077;La Caldera;660770208;;125;48;-24,620231;-65,391836;0,790623611
660770103;107;7;70;0;1;0;12;99;12;101;28;82;23;18;91;59;84;9;14;42;3;10;33;90;12;45;47;14;32;9;7;2;3;40;40;18;22;19;8;66;Salta;66077;La Caldera;660770103;;263;107;-24,66986;-65,448588;49,63417825
660770209;53;8;26;0;5;1;3;20;3;52;13;47;13;9;50;37;36;7;10;22;0;8;21;43;11;11;25;9;20;5;3;3;1;12;12;11;14;9;7;66;Salta;66077;La Caldera;660770209;;150;53;-24,632598;-65,398222;1,304149351
660070506;36;16;2;0;14;7;30;34;30;28;26;33;34;31;4;36;9;4;23;18;0;13;4;5;1;0;5;5;13;5;2;2;2;7;7;10;8;3;8;66;Salta;66007;Anta;660070506;;104;36;-24,79968;-63,748277;694,3239164
660490206;20;6;1;0;3;1;14;16;14;15;11;18;17;16;17;15;11;0;9;5;1;5;4;5;0;1;1;3;2;4;1;1;3;6;6;7;2;0;5;66;Salta;66049;General Güemes;660490206;;54;20;-24,677794;-64,954726;39,87248975
660280101;44;8;25;0;1;1;8;16;8;24;6;22;12;13;40;17;33;3;8;24;1;9;15;33;0;18;16;4;16;6;3;2;2;11;11;8;8;7;10;66;Salta;66028;Capital;660280101;;133;44;-24,692058;-65,538725;54,87725321
660490205;242;65;53;0;59;31;111;99;111;104;79;207;203;132;166;227;170;3;69;89;3;118;74;86;7;5;54;20;89;39;15;19;19;41;41;44;50;50;57;66;Salta;66049;General Güemes;660490205;;786;242;-24,686979;-65,020334;52,46984391
660490104;273;38;115;0;38;15;20;12;20;268;71;175;177;85;233;157;165;19;89;130;20;92;95;130;24;11;63;21;78;45;37;27;17;48;48;44;50;54;77;66;Salta;66049;General Güemes;660490104;;940;273;-24,657185;-65,104592;0,381747792
660490105;263;36;79;0;36;15;33;2;33;245;71;194;167;91;222;158;201;11;51;167;22;105;78;103;17;8;50;27;70;47;34;36;19;30;30;46;49;45;93;66;Salta;66049;General Güemes;660490105;;1029;263;-24,656295;-65,100258;0,222479158
660490601;177;29;54;0;33;15;48;9;48;156;79;149;129;74;137;163;136;23;18;82;12;76;59;68;8;1;37;16;81;32;8;10;7;23;23;30;31;41;52;66;Salta;66049;General Güemes;660490601;;611;177;-24,655777;-65,042493;0,179807197
660490404;240;26;73;0;43;15;45;3;45;154;124;170;181;105;169;213;163;38;39;138;13;101;64;73;8;1;30;14;70;50;28;31;17;30;30;44;41;47;78;66;Salta;66049;General Güemes;660490404;;898;240;-24,660133;-65,057397;0,252133911
660490602;204;14;117;0;22;5;1;4;1;15;2;101;71;47;189;30;167;15;22;118;6;67;92;120;20;8;59;10;68;52;17;24;11;22;22;39;41;56;46;66;Salta;66049;General Güemes;660490602;;695;204;-24,658233;-65,045853;0,080006964
660490606;257;44;60;0;77;32;62;6;62;118;92;239;225;127;197;196;230;2;25;138;11;140;57;60;3;0;41;10;102;53;38;24;15;15;15;33;42;49;118;66;Salta;66049;General Güemes;660490606;;1081;257;-24,660568;-65,030714;0,286698796
660490108;403;75;153;0;44;21;39;4;39;379;69;268;225;82;333;190;260;62;81;207;10;150;150;193;34;9;104;27;124;64;50;58;30;50;50;75;79;76;123;66;Salta;66049;General Güemes;660490108;;1499;403;-24,662707;-65,100376;0,321790436
660490106;244;40;102;0;32;15;23;2;23;239;39;129;130;59;219;89;171;29;44;128;15;93;65;84;16;3;51;19;68;40;27;44;19;27;27;43;40;52;82;66;Salta;66049;General Güemes;660490106;;904;244;-24,660612;-65,099813;0,188958862
660490405;193;20;65;0;25;8;21;0;21;142;30;123;130;87;139;148;144;16;33;94;14;70;53;62;6;3;34;11;53;31;22;32;23;21;21;30;46;35;61;66;Salta;66049;General Güemes;660490405;;725;193;-24,659812;-65,054626;0,096932061
660490603;248;9;152;0;7;2;7;2;7;25;14;38;93;9;233;23;175;26;47;137;2;67;87;152;61;4;74;14;84;51;26;30;10;33;33;38;55;53;69;66;Salta;66049;General Güemes;660490603;;859;248;-24,659853;-65,042851;0,12742776
660490110;233;37;97;0;34;14;24;11;24;222;42;179;140;61;188;134;153;14;66;138;8;70;80;114;24;10;47;12;64;36;28;29;25;39;39;36;38;46;74;66;Salta;66049;General Güemes;660490110;;858;233;-24,661598;-65,109096;0,300048777
660770304;100;12;77;0;3;0;5;76;5;93;17;78;19;19;95;59;81;4;15;29;1;13;29;84;17;38;50;16;40;7;2;1;3;31;31;24;23;15;7;66;Salta;66077;La Caldera;660770304;;244;100;-24,699145;-65,327139;60,18332931
661470304;3;0;0;0;0;0;1;3;1;3;3;3;3;3;0;3;0;0;3;0;0;1;0;0;0;0;0;1;0;0;1;0;0;1;1;1;1;0;0;66;Salta;66147;Rosario de Lerma;661470304;;6;3;-24,727127;-65,719653;63,97632392
660490607;251;90;55;0;87;46;156;77;156;101;87;197;210;162;202;194;220;1;30;172;5;113;88;99;9;2;54;12;121;59;15;14;6;24;24;33;46;64;84;66;Salta;66049;General Güemes;660490607;;944;251;-24,661105;-65,026776;0,104161992
660490502;312;37;151;0;34;14;34;4;34;217;96;217;190;85;252;158;230;40;42;149;13;126;109;139;23;7;76;16;118;58;32;32;20;36;36;48;67;62;99;66;Salta;66049;General Güemes;660490502;;1140;312;-24,663531;-65,043898;0,294760929
660490402;191;25;91;1;31;17;23;2;23;36;19;125;124;61;163;127;142;22;27;93;8;65;65;96;19;12;61;16;72;27;25;22;12;17;17;30;36;36;72;66;Salta;66049;General Güemes;660490402;;756;191;-24,663846;-65,061151;0,210522492
660490406;383;45;171;2;55;24;38;10;38;141;59;230;246;122;308;185;241;79;63;184;14;141;118;170;36;16;93;30;92;48;63;50;41;59;59;75;64;69;116;66;Salta;66049;General Güemes;660490406;;1364;383;-24,663557;-65,053744;0,226250497
660490107;276;39;78;1;53;18;60;1;60;269;89;226;221;128;224;240;226;16;34;139;51;99;68;76;4;4;50;13;113;63;32;18;15;22;22;28;59;65;102;66;Salta;66049;General Güemes;660490107;;1118;276;-24,661966;-65,096204;0,179350151
660490401;248;34;117;0;30;18;52;18;52;67;37;92;169;49;205;71;168;38;42;113;3;75;105;143;19;19;102;17;95;34;33;18;19;32;32;45;53;55;63;66;Salta;66049;General Güemes;660490401;;862;248;-24,662413;-65,065361;0,224244049
660490501;291;27;126;0;35;17;14;10;14;46;18;219;167;67;245;152;199;41;51;143;3;116;100;142;29;13;77;17;85;51;43;26;30;39;39;55;59;60;78;66;Salta;66049;General Güemes;660490501;;999;291;-24,664066;-65,048746;0,422380418
661470303;20;6;1;0;4;2;11;20;11;17;14;20;18;18;6;20;14;2;4;7;0;13;1;2;1;0;0;2;3;1;1;3;4;6;6;4;3;3;4;66;Salta;66147;Rosario de Lerma;661470303;;56;20;-24,734931;-65,650614;106,5934075
660490403;200;30;79;1;38;20;34;9;34;85;49;140;137;86;163;128;132;37;31;115;12;77;69;91;11;11;47;18;55;31;31;26;14;25;25;34;38;35;68;66;Salta;66049;General Güemes;660490403;;755;200;-24,66303;-65,059132;0,127202776
660490604;258;13;118;0;23;8;7;0;7;33;10;64;160;32;207;48;202;10;46;129;2;103;79;110;24;7;64;23;64;37;43;51;20;20;20;52;49;50;87;66;Salta;66049;General Güemes;660490604;;974;258;-24,6628;-65,0404;0,10727199
660490608;250;30;62;1;45;13;55;3;55;152;79;212;224;123;203;161;217;14;19;145;8;124;55;62;6;1;25;7;67;48;49;40;25;14;14;32;39;56;109;66;Salta;66049;General Güemes;660490608;;1061;250;-24,663075;-65,032657;0,094559622
660490609;231;13;126;0;36;7;4;2;4;1;0;14;79;4;213;18;192;8;31;95;2;86;102;131;17;12;112;7;147;34;19;10;3;11;11;21;46;70;83;66;Salta;66049;General Güemes;660490609;;944;231;-24,664509;-65,033128;0,104305979
660490109;182;25;89;0;13;8;6;3;6;165;19;82;60;24;153;53;119;24;39;93;7;58;66;98;25;7;59;9;50;34;32;24;11;22;22;36;42;35;47;66;Salta;66049;General Güemes;660490109;;619;182;-24,665789;-65,105401;0,305907425
660490605;382;25;155;0;43;14;33;16;33;55;36;127;267;107;299;97;310;20;52;211;6;166;109;144;25;10;80;15;95;51;68;80;30;43;43;53;79;68;139;66;Salta;66049;General Güemes;660490605;;1468;382;-24,666035;-65,038096;0,165119891
660770104;142;6;116;0;4;3;3;102;3;140;11;91;22;10;137;68;123;12;7;59;3;8;57;132;13;62;77;22;52;16;8;3;4;37;37;34;20;31;20;66;Salta;66077;La Caldera;660770104;;402;142;-24,673779;-65,42276;1,201727844
660490408;187;9;111;0;8;3;16;12;16;41;16;44;88;25;164;46;126;38;23;87;1;51;84;123;27;12;68;18;52;26;25;21;17;28;28;44;37;36;42;66;Salta;66049;General Güemes;660490408;;620;187;-24,667157;-65,062696;0,226544416
660490407;434;42;183;0;45;10;27;2;27;62;31;259;257;104;346;208;260;92;82;222;19;165;149;195;35;11;100;29;117;65;55;57;34;77;77;73;86;72;126;66;Salta;66049;General Güemes;660490407;;1500;434;-24,666936;-65,056885;0,196977223
660490505;373;40;208;0;44;20;20;6;20;43;19;193;181;78;309;141;236;90;47;188;7;133;124;189;44;21;90;34;97;53;44;44;25;76;76;72;69;61;95;66;Salta;66049;General Güemes;660490505;;1247;373;-24,668489;-65,050547;0,213444856
660490503;313;52;121;0;43;19;26;1;26;31;16;179;215;91;252;152;213;52;48;147;6;134;95;106;7;4;60;14;74;54;46;48;36;41;41;60;51;56;105;66;Salta;66049;General Güemes;660490503;;1163;313;-24,667589;-65,041448;0,149650469
660490504;265;23;117;0;24;8;33;1;33;32;11;213;136;67;227;150;148;42;75;146;1;113;97;139;30;12;66;22;56;40;40;35;20;52;52;55;46;47;65;66;Salta;66049;General Güemes;660490504;;868;265;-24,669061;-65,045081;0,183851324
660070402;3;0;0;0;0;0;0;3;0;3;2;3;3;0;2;3;3;0;0;0;0;3;0;0;0;0;1;1;1;0;0;0;1;0;0;2;0;0;1;66;Salta;66007;Anta;660070402;;9;3;-24,79462;-64,016619;722,8450063
660490409;366;52;105;0;48;15;43;3;43;47;23;246;241;182;282;239;227;61;78;161;31;142;99;119;16;4;74;18;103;48;62;45;41;49;49;62;56;73;126;66;Salta;66049;General Güemes;660490409;;1342;366;-24,670029;-65,059439;0,241426458
660490610;235;15;89;0;20;8;8;3;8;3;3;29;112;32;192;31;189;16;30;123;2;102;68;83;12;3;39;8;56;40;39;43;24;25;25;34;52;45;79;66;Salta;66049;General Güemes;660490610;;890;235;-24,671239;-65,036969;0,152874981
660490511;217;17;69;0;23;7;21;1;21;22;12;164;148;72;174;103;132;33;52;114;0;89;77;91;8;6;40;18;51;24;35;30;26;33;33;40;36;40;68;66;Salta;66049;General Güemes;660490511;;790;217;-24,671226;-65,040289;0,124798492
660490411;222;15;86;1;11;5;17;1;17;33;14;159;160;72;165;101;166;28;28;113;8;96;66;81;11;4;39;13;62;40;30;28;15;34;33;40;44;40;65;66;Salta;66049;General Güemes;660490411;;785;222;-24,670639;-65,056553;0,11992407
660490507;175;2;111;0;8;2;3;4;3;4;0;74;65;12;165;30;103;50;22;73;1;34;82;130;29;19;68;22;60;17;11;8;15;42;42;43;41;22;27;66;Salta;66049;General Güemes;660490507;;489;175;-24,671258;-65,047645;0,084153345
660490510;157;27;92;0;19;5;10;0;10;14;8;120;77;34;129;99;94;34;29;72;0;51;66;85;14;5;41;6;40;18;24;16;14;39;39;24;24;24;46;66;Salta;66049;General Güemes;660490510;;532;157;-24,672393;-65,042973;0,15525646
660490506;166;11;98;0;7;1;4;2;4;4;1;72;60;30;149;27;107;26;33;91;3;48;66;106;29;11;55;16;45;31;10;10;15;39;39;37;37;26;27;66;Salta;66049;General Güemes;660490506;;477;166;-24,671731;-65,050061;0,093947693
660490412;312;40;125;0;41;12;16;8;16;25;8;215;203;103;262;162;186;78;48;138;20;118;92;130;27;11;66;18;89;59;32;51;23;40;40;60;53;71;88;66;Salta;66049;General Güemes;660490412;;1118;312;-24,67193;-65,056117;0,122977835
660490211;202;13;100;0;24;5;15;3;15;6;1;38;96;25;178;193;146;23;33;94;3;73;82;113;28;3;68;14;81;31;20;20;4;32;32;29;42;39;60;66;Salta;66049;General Güemes;660490211;;702;202;-24,671842;-65,067858;0,089440027
660490413;307;15;148;0;27;7;18;1;18;32;18;187;174;69;266;142;199;52;56;134;8;111;104;134;19;11;73;15;95;47;54;35;28;33;33;47;73;55;99;66;Salta;66049;General Güemes;660490413;;1136;307;-24,674848;-65,053601;0,376989588
660490410;308;68;73;1;50;22;49;1;49;75;48;233;251;182;217;205;271;2;35;156;29;134;64;80;13;3;37;5;98;63;40;53;27;22;21;37;56;55;139;66;Salta;66049;General Güemes;660490410;;1277;308;-24,672767;-65,062472;0,082994815
660910203;18;2;3;0;1;0;3;5;3;12;1;17;9;6;7;18;16;0;2;10;0;7;6;7;1;0;1;0;5;7;0;0;2;4;4;5;4;4;1;66;Salta;66091;La Poma;660910203;;47;18;-24,756077;-66,282561;379,5298909
660490508;279;19;178;0;13;2;8;2;8;9;3;129;92;21;246;50;149;84;46;146;1;68;111;192;48;33;82;32;57;40;27;28;23;72;72;59;63;38;47;66;Salta;66049;General Güemes;660490508;;799;279;-24,674062;-65,047634;0,184285852
660490212;269;29;87;0;49;15;33;3;33;41;26;182;204;123;236;174;238;9;22;143;19;117;82;98;14;2;51;8;113;55;36;37;9;11;11;26;52;58;122;66;Salta;66049;General Güemes;660490212;;1163;269;-24,673776;-65,064415;0,164601844
660490512;261;25;100;0;41;10;14;4;14;26;11;200;165;89;204;156;179;39;43;125;2;106;98;123;17;8;58;16;74;39;37;37;20;38;38;45;55;49;74;66;Salta;66049;General Güemes;660490512;;932;261;-24,674043;-65,040096;0,139955646
660490306;278;24;103;1;26;11;25;2;25;80;32;202;201;82;210;212;199;16;63;139;30;104;73;88;11;4;42;13;89;42;34;35;14;51;50;29;54;56;89;66;Salta;66049;General Güemes;660490306;;1042;278;-24,675664;-65,103748;0,19813173
660490305;373;34;144;0;33;13;21;3;21;71;25;169;228;90;296;157;263;36;74;212;14;148;114;156;35;7;74;23;93;65;48;50;37;57;57;69;69;72;106;66;Salta;66049;General Güemes;660490305;;1317;373;-24,681145;-65,106888;0,514491916
660490509;309;21;184;1;19;7;10;2;10;24;10;175;139;47;262;92;181;75;53;127;2;103;137;180;29;14;94;31;76;50;36;29;20;67;67;69;58;55;60;66;Salta;66049;General Güemes;660490509;;934;309;-24,67656;-65,046457;0,181268821
660490513;232;16;110;1;27;8;15;5;15;22;12;128;141;54;200;111;149;38;45;110;0;103;79;98;9;10;53;21;61;28;28;30;18;46;45;44;43;35;65;66;Salta;66049;General Güemes;660490513;;798;232;-24,676766;-65,040924;0,092341541
660770105;195;18;121;0;6;1;39;116;39;185;65;150;76;33;164;96;162;12;21;90;1;43;61;138;17;60;79;31;53;24;23;5;10;49;49;50;40;33;23;66;Salta;66077;La Caldera;660770105;;541;195;-24,681329;-65,410637;1,027641561
660490514;251;23;117;0;28;14;27;4;27;69;48;166;156;64;197;100;190;22;39;122;3;93;95;125;19;11;64;20;77;23;28;38;30;35;35;46;40;53;77;66;Salta;66049;General Güemes;660490514;;911;251;-24,678729;-65,04278;0,13421964
660490307;257;20;132;0;19;9;5;3;5;54;14;68;144;49;231;76;201;21;35;132;7;92;84;122;29;9;55;11;56;47;42;42;23;36;36;44;45;43;89;66;Salta;66049;General Güemes;660490307;;963;257;-24,679233;-65,104193;0,12344474
660490515;267;23;140;0;15;2;13;2;13;10;8;140;145;25;227;65;193;50;24;130;9;69;95;140;29;16;69;13;71;34;39;33;28;49;49;41;54;56;67;66;Salta;66049;General Güemes;660490515;;904;267;-24,678831;-65,045932;0,098613434
660070315;243;81;64;1;48;15;71;5;71;231;157;215;167;120;166;235;206;6;31;106;2;109;35;51;12;4;29;12;92;40;34;22;23;20;20;42;49;47;85;66;Salta;66007;Anta;660070315;;899;243;-24,67509;-64,198996;0,639322228
660770106;124;12;93;0;3;1;5;17;5;118;19;82;37;19;122;53;93;14;17;49;4;16;54;104;12;38;64;19;43;16;11;1;6;28;28;31;25;22;18;66;Salta;66077;La Caldera;660770106;;346;124;-24,686182;-65,401875;1,024441315
660490308;264;17;146;0;18;5;10;5;10;29;12;63;125;20;225;78;194;36;34;133;7;92;79;144;52;13;85;20;69;42;35;35;16;47;47;50;53;50;64;66;Salta;66049;General Güemes;660490308;;879;264;-24,681869;-65,099778;0,291801491
660770107;174;7;140;0;4;1;8;57;8;171;35;102;31;10;167;54;133;23;18;80;3;13;67;151;18;66;103;25;74;15;17;4;6;33;33;35;36;34;36;66;Salta;66077;La Caldera;660770107;;538;174;-24,688492;-65,411997;0,831328367
660490309;317;43;141;0;44;16;22;7;22;120;43;212;173;75;255;159;196;42;79;161;10;114;103;151;32;16;109;17;123;48;36;31;22;40;40;48;55;72;102;66;Salta;66049;General Güemes;660490309;;1170;317;-24,686797;-65,099128;0,437013599
660770108;271;22;183;0;15;4;10;58;10;261;50;193;77;34;247;129;192;32;47;131;4;52;107;197;33;57;106;23;91;49;20;17;18;53;53;54;53;54;57;66;Salta;66077;La Caldera;660770108;;848;271;-24,690918;-65,415939;0,579529652
660770109;127;8;103;0;2;1;5;53;5;123;16;85;22;8;120;42;93;21;13;56;0;12;44;108;13;51;53;17;42;18;4;5;5;36;36;33;20;24;14;66;Salta;66077;La Caldera;660770109;;339;127;-24,69503;-65,404056;0,94555586
660770110;207;23;130;1;13;4;11;41;11;190;40;89;68;18;191;49;163;22;22;97;6;58;76;129;18;35;72;16;68;42;21;14;8;38;38;33;42;44;50;66;Salta;66077;La Caldera;660770110;;682;207;-24,700629;-65,398056;1,503145825
660490310;256;10;151;0;32;4;2;2;2;57;20;49;58;9;233;23;237;3;16;123;3;77;134;166;27;5;119;13;141;55;14;11;3;19;19;36;56;65;80;66;Salta;66049;General Güemes;660490310;;957;256;-24,690964;-65,10208;0,149640282
660770112;163;11;108;0;10;5;24;61;24;151;43;88;62;22;138;79;121;20;22;78;0;33;56;114;11;47;56;18;47;30;10;16;7;35;35;38;28;32;30;66;Salta;66077;La Caldera;660770112;;492;163;-24,695043;-65,416421;0,624237244
660285001;195;4;168;2;3;0;1;108;1;122;11;61;30;16;179;17;108;60;27;58;2;14;58;171;8;105;123;35;81;21;12;2;5;39;39;48;39;25;44;66;Salta;66028;Capital;660285001;;595;195;-24,70919;-65,481813;2,787811664
660770113;182;18;98;0;13;6;8;38;8;177;23;82;76;47;159;59;137;11;34;89;2;61;75;99;10;14;51;10;68;25;21;16;12;30;30;27;23;47;55;66;Salta;66077;La Caldera;660770113;;654;182;-24,696593;-65,418795;0,240532518
660770115;216;12;146;0;13;4;9;34;9;208;61;152;78;35;198;117;163;23;30;91;4;37;83;150;15;52;86;23;82;33;13;11;5;49;49;40;51;33;43;66;Salta;66077;La Caldera;660770115;;666;216;-24,704804;-65,420172;1,639944475
660280102;315;31;157;3;26;6;61;105;61;283;107;234;166;134;245;219;267;15;33;138;2;105;95;177;17;65;111;26;119;51;21;25;20;53;51;56;75;57;76;66;Salta;66028;Capital;660280102;;1027;315;-24,737431;-65,538822;39,38475084
660490311;179;30;46;0;43;17;45;3;45;171;97;148;151;90;130;173;148;8;23;122;25;58;65;74;9;0;42;6;93;33;12;10;9;16;16;13;36;43;71;66;Salta;66049;General Güemes;660490311;;721;179;-24,69494;-65,101284;0,091246361
660490312;98;15;20;0;8;3;47;29;47;88;33;79;83;62;84;89;71;7;20;31;16;48;14;17;2;1;27;3;45;19;10;8;4;9;9;10;17;20;42;66;Salta;66049;General Güemes;660490312;;390;98;-24,69541;-65,149465;0,12745815
660770111;288;60;158;0;32;10;30;18;30;260;51;194;114;62;250;139;151;67;70;155;7;79;118;193;30;45;87;18;92;34;25;20;23;76;76;39;61;49;63;66;Salta;66077;La Caldera;660770111;;884;288;-24,705133;-65,405786;0,757701217
660770114;220;22;143;0;10;6;1;8;1;213;22;144;67;32;197;94;149;45;26;103;5;60;89;148;20;39;71;21;58;43;25;13;16;44;44;54;34;42;46;66;Salta;66077;La Caldera;660770114;;669;220;-24,703704;-65,413232;0,804892952
660070304;37;3;11;0;2;0;14;31;14;32;26;35;19;10;13;35;19;1;17;10;0;18;6;7;0;1;8;5;8;5;9;1;3;6;6;11;7;6;7;66;Salta;66007;Anta;660070304;;110;37;-24,847915;-64,399278;349,1471988
661470204;15;5;2;0;2;1;11;14;11;11;7;13;13;13;2;14;11;0;4;6;0;6;1;2;0;1;2;0;6;3;1;1;0;4;4;1;2;2;6;66;Salta;66147;Rosario de Lerma;661470204;;52;15;-24,822488;-65,931193;253,1644793
660280515;162;18;99;0;17;8;37;74;37;72;44;97;81;47;136;60;50;29;83;62;5;23;84;119;13;22;80;10;82;24;10;6;3;27;27;20;29;38;48;66;Salta;66028;Capital;660280515;;561;162;-24,737682;-65,44591;36,35970608
660280202;23;1;9;0;3;0;7;11;7;9;2;16;11;12;17;15;14;1;8;11;1;10;5;6;0;1;3;4;3;3;1;6;1;5;5;5;6;1;6;66;Salta;66028;Capital;660280202;;71;23;-24,751907;-65,208081;177,2688873
660280701;310;54;133;0;78;35;136;12;136;146;128;288;267;179;258;304;273;3;34;217;13;155;95;108;10;3;58;15;117;59;27;36;16;40;40;42;39;76;113;66;Salta;66028;Capital;660280701;;1188;310;-24,711398;-65,39775;0,207632808
660280603;399;48;220;0;56;19;51;6;51;55;36;255;218;85;360;248;294;68;37;217;19;134;175;208;18;15;71;20;97;83;36;52;44;67;67;73;70;65;124;66;Salta;66028;Capital;660280603;;1440;399;-24,713191;-65,402579;0,12845221
660280602;415;66;175;0;67;17;66;5;66;75;49;316;291;183;367;402;311;51;53;249;19;176;158;194;23;13;90;18;132;81;54;57;31;42;42;58;75;79;161;66;Salta;66028;Capital;660280602;;1627;415;-24,712281;-65,405164;0,135474317
660280601;321;27;224;3;25;6;28;16;28;30;18;105;140;59;305;116;203;67;51;177;7;87;163;222;32;27;91;25;78;53;29;40;36;60;59;76;70;46;70;66;Salta;66028;Capital;660280601;;1000;321;-24,714965;-65,40801;0,199674958
660070303;111;32;49;0;21;5;38;11;38;49;37;59;70;44;81;97;81;13;17;61;1;38;23;39;13;3;29;5;48;22;10;15;3;8;8;14;22;25;42;66;Salta;66007;Anta;660070303;;426;111;-24,766499;-64,215995;109,3616784
660490303;69;16;9;0;20;9;42;53;42;67;64;69;63;29;51;68;56;0;13;40;0;38;11;11;0;0;7;0;18;10;9;15;9;8;7;8;15;10;29;66;Salta;66049;General Güemes;660490303;;262;69;-24,744671;-65,054594;32,66631113
660070308;7;2;1;0;1;1;4;6;4;7;6;7;5;7;2;6;4;0;3;2;0;3;1;1;0;0;1;0;1;4;0;1;0;1;1;3;1;2;0;66;Salta;66007;Anta;660070308;;18;7;-24,806767;-64,596805;393,8774433
660910205;226;38;97;0;45;20;40;24;40;146;71;176;114;82;185;223;134;37;55;103;0;88;68;99;27;4;42;10;53;42;18;39;16;48;48;36;35;42;65;66;Salta;66091;La Poma;660910205;;767;226;-24,72165;-66,199892;0,531150844
660280702;332;37;168;0;49;19;84;1;84;51;28;272;279;162;272;324;286;4;42;225;13;155;112;133;15;6;48;12;105;65;40;48;30;32;32;43;52;55;150;66;Salta;66028;Capital;660280702;;1362;332;-24,713455;-65,398299;0,107069744
660280705;376;63;157;0;82;32;108;13;108;138;98;304;311;211;327;307;306;7;63;244;17;182;102;117;12;3;66;11;116;85;51;57;26;30;30;44;61;60;181;66;Salta;66028;Capital;660280705;;1601;376;-24,715605;-65,39477;0,130836088
660280706;272;48;90;0;63;29;94;20;94;114;80;215;205;144;227;188;209;15;48;156;24;132;85;93;6;2;39;13;88;60;33;28;18;32;32;44;42;54;100;66;Salta;66028;Capital;660280706;;1025;272;-24,716791;-65,390828;0,502609792
660280201;83;5;65;1;3;0;9;48;9;65;11;42;18;10;77;21;56;14;13;34;1;12;27;62;6;29;35;10;31;17;3;3;4;15;14;18;24;11;16;66;Salta;66028;Capital;660280201;;256;83;-24,746589;-65,34623;54,53748204
660280703;485;45;266;2;61;16;48;4;48;55;28;323;298;207;439;237;327;55;103;274;35;176;183;227;28;16;92;28;122;77;72;61;43;82;82;72;87;74;170;66;Salta;66028;Capital;660280703;;1820;485;-24,716163;-65,400469;0,141437415
660280604;306;35;188;0;14;2;11;16;11;16;5;72;112;31;276;87;186;73;47;178;9;75;148;209;25;36;83;26;65;42;32;28;50;63;63;71;49;50;73;66;Salta;66028;Capital;660280604;;985;306;-24,716187;-65,405967;0,119508183
660280704;462;57;199;0;66;24;76;7;76;58;27;353;334;154;394;266;342;33;87;252;32;195;165;203;21;17;87;19;152;89;56;45;51;50;50;72;90;87;163;66;Salta;66028;Capital;660280704;;1753;462;-24,716465;-65,397407;0,142298246
660280605;329;40;241;0;8;4;8;4;8;3;1;49;121;14;304;25;176;99;54;183;5;76;172;248;37;39;94;23;76;49;32;37;34;78;78;67;64;71;49;66;Salta;66028;Capital;660280605;;994;329;-24,717289;-65,403717;0,123597718
660280502;334;21;238;0;43;11;29;10;29;33;28;61;135;36;311;37;233;75;26;181;7;61;180;264;36;48;119;25;116;57;21;12;15;88;88;64;48;68;66;66;Salta;66028;Capital;660280502;;997;334;-24,716476;-65,416876;0,15636703
660280501;275;7;205;0;20;4;1;9;1;7;1;42;96;14;268;1;84;173;18;151;0;11;168;260;37;55;52;35;21;26;4;1;15;173;173;74;18;7;3;66;Salta;66028;Capital;660280501;;419;275;-24,716199;-65,422814;0,055957814
660280503;399;27;320;0;34;12;27;31;27;26;20;117;135;36;384;41;292;75;32;192;4;49;188;332;35;109;192;41;178;62;16;19;11;72;72;77;90;94;66;66;Salta;66028;Capital;660280503;;1235;399;-24,718046;-65,41273;0,266120255
660280506;280;7;205;0;16;4;0;4;0;3;0;27;90;7;271;2;131;129;20;153;1;21;188;257;27;42;70;35;44;37;6;6;16;136;136;68;25;23;28;66;Salta;66028;Capital;660280506;;591;280;-24,718057;-65,42266;0,083437506
660280505;351;8;258;1;26;4;2;17;2;29;3;46;144;8;337;11;232;85;34;157;3;55;202;294;44;48;120;24;113;52;24;15;14;109;109;60;60;61;61;66;Salta;66028;Capital;660280505;;980;351;-24,720157;-65,420241;0,135074902
660280504;439;6;333;0;33;5;0;5;0;3;0;41;151;9;419;7;391;12;36;226;7;64;256;359;55;48;227;28;220;89;35;25;13;29;29;79;90;133;108;66;Salta;66028;Capital;660280504;;1587;439;-24,720936;-65,417801;0,198769084
660280707;554;80;246;0;66;22;63;15;63;64;29;347;354;197;482;186;369;75;110;324;33;237;209;240;22;9;100;44;139;101;56;79;43;92;92;113;99;88;162;66;Salta;66028;Capital;660280707;;1916;554;-24,719464;-65,397897;0,18695976
660280507;251;2;209;1;14;1;0;2;0;2;0;35;73;4;245;4;220;18;13;127;4;24;114;225;39;72;132;18;114;53;16;8;14;28;28;50;43;67;63;66;Salta;66028;Capital;660280507;;865;251;-24,720276;-65,423207;0,096221355
660285002;300;28;220;6;16;5;29;19;29;252;67;170;89;81;279;70;210;48;42;142;5;57;100;229;22;107;123;45;102;37;24;22;16;54;52;69;53;47;79;66;Salta;66028;Capital;660285002;;988;300;-24,726735;-65,497121;1,891455108
660280607;223;4;184;0;4;2;2;3;2;1;0;21;109;2;212;7;84;109;30;131;1;24;146;193;22;25;49;23;34;36;6;19;42;63;63;76;36;28;20;66;Salta;66028;Capital;660280607;;546;223;-24,719701;-65,407343;0,067317631
660280606;320;31;260;0;5;2;1;16;1;4;1;85;114;25;310;24;125;163;32;180;7;42;194;268;33;41;86;35;54;44;16;17;56;98;98;97;61;32;32;66;Salta;66028;Capital;660280606;;773;320;-24,720108;-65,404084;0,058873899
660280608;385;36;298;2;10;5;5;4;5;14;2;67;168;17;361;22;223;120;42;199;9;68;207;298;37;54;101;31;63;47;30;37;56;121;120;100;63;47;55;66;Salta;66028;Capital;660280608;;1009;385;-24,722625;-65,408011;0,185640738
660280513;374;10;297;0;18;4;4;4;4;5;2;45;135;14;364;6;308;17;49;178;3;70;178;292;62;52;171;20;169;80;34;24;19;28;28;62;87;95;102;66;Salta;66028;Capital;660280513;;1353;374;-24,723982;-65,411346;0,285457139
660280512;425;36;333;0;46;12;1;8;1;5;0;77;176;30;420;6;345;17;63;230;1;80;221;339;63;55;200;21;206;82;34;44;12;26;26;57;89;118;135;66;Salta;66028;Capital;660280512;;1634;425;-24,721645;-65,414562;0,161003878
660490209;20;2;3;0;0;0;14;19;14;17;11;18;15;12;12;19;12;0;8;6;0;12;2;3;0;1;3;1;4;1;1;4;1;8;8;3;1;4;4;66;Salta;66049;General Güemes;660490209;;55;20;-24,840715;-65,017633;190,9236513
660280708;336;87;199;0;41;14;19;2;19;22;7;185;186;89;291;116;181;93;62;185;18;119;142;182;28;12;64;17;85;64;34;34;36;66;66;63;60;57;90;66;Salta;66028;Capital;660280708;;1139;336;-24,721817;-65,401163;0,118672221
660280709;300;44;136;0;51;21;25;3;25;13;2;136;150;79;265;70;205;36;59;168;26;147;86;107;14;7;53;16;85;54;36;52;24;33;33;44;50;52;121;66;Salta;66028;Capital;660280709;;1175;300;-24,721709;-65,397986;0,081472066
660280712;374;40;157;0;65;21;49;13;49;15;5;227;229;157;321;125;286;34;54;197;26;187;105;128;18;5;63;16;117;55;54;65;33;34;34;55;56;75;154;66;Salta;66028;Capital;660280712;;1528;374;-24,722424;-65,395378;0,102356207
660280609;477;40;340;1;9;3;8;24;8;6;1;45;194;11;448;13;264;150;63;268;14;73;271;395;62;62;135;36;92;53;44;47;59;146;146;95;96;60;80;66;Salta;66028;Capital;660280609;;1307;477;-24,72312;-65,404586;0,156489236
660280713;399;59;142;1;66;31;67;18;67;73;37;280;308;180;345;187;295;22;82;235;22;202;108;122;2;12;60;18;109;84;45;66;32;45;45;69;61;81;143;66;Salta;66028;Capital;660280713;;1517;399;-24,724034;-65,393319;0,111571585
660280508;332;9;283;0;10;3;4;3;4;3;0;42;113;18;327;7;271;37;24;169;2;18;176;309;40;93;162;24;137;74;22;18;16;41;41;68;70;90;63;66;Salta;66028;Capital;660280508;;1087;332;-24,722791;-65,422943;0,094268357
660280710;285;58;142;0;52;15;37;16;37;18;6;138;154;100;248;114;160;54;71;167;27;118;102;126;11;13;52;23;69;57;28;38;33;37;37;52;54;38;104;66;Salta;66028;Capital;660280710;;1049;285;-24,723945;-65,398503;0,078660571
660280610;248;93;181;0;12;4;4;8;4;6;2;66;110;15;233;80;60;176;12;131;10;38;165;203;18;20;45;20;42;15;6;5;33;127;127;55;24;26;16;66;Salta;66028;Capital;660280610;;519;248;-24,724311;-65,402567;0,038194667
660280510;348;5;297;0;13;2;1;5;1;2;0;50;101;10;341;5;277;28;43;179;5;26;168;317;52;97;178;33;152;50;28;15;10;60;60;68;63;86;71;66;Salta;66028;Capital;660280510;;1116;348;-24,725109;-65,419504;0,139604157
660280509;346;4;322;0;4;0;1;5;1;3;0;39;93;10;341;6;282;46;18;152;5;26;160;313;39;114;183;27;161;72;22;17;18;29;29;73;83;88;73;66;Salta;66028;Capital;660280509;;1165;346;-24,725781;-65,422919;0,135425919
660280511;391;10;350;0;9;1;1;4;1;8;0;57;96;4;387;6;319;31;41;185;3;36;184;351;54;113;234;25;213;79;19;15;5;35;35;69;104;96;87;66;Salta;66028;Capital;660280511;;1329;391;-24,725606;-65,415471;0,170680903
660280611;255;68;182;0;14;7;9;1;9;8;1;124;132;31;237;55;133;93;29;130;20;71;142;166;14;10;48;19;51;29;20;26;35;75;75;56;39;31;54;66;Salta;66028;Capital;660280611;;722;255;-24,725062;-65,400252;0,075087143
660285003;125;2;99;0;4;1;3;2;3;108;21;39;28;5;123;10;87;22;16;50;0;21;36;101;13;52;61;22;43;18;10;8;7;17;17;35;23;20;30;66;Salta;66028;Capital;660285003;;403;125;-24,727159;-65,48635;0,3903975
660280711;302;42;125;0;35;15;15;8;15;10;2;128;157;75;256;81;205;64;33;161;22;110;126;149;14;9;63;18;76;49;39;47;29;44;44;52;53;43;110;66;Salta;66028;Capital;660280711;;1133;302;-24,725216;-65,39579;0,070164467
660285005;300;43;138;1;39;16;28;4;28;241;106;203;133;79;257;137;240;26;34;165;2;105;94;155;16;45;90;22;100;57;25;36;18;42;41;56;49;55;99;66;Salta;66028;Capital;660285005;;1103;300;-24,729449;-65,481539;0,44208008
660280615;234;11;163;0;5;3;7;9;7;1;1;73;54;13;217;9;133;72;29;124;5;50;130;167;18;19;52;24;40;45;15;16;25;69;69;66;35;32;32;66;Salta;66028;Capital;660280615;;626;234;-24,727437;-65,406766;0,392967969
660070801;372;94;104;0;78;31;79;13;79;132;101;290;184;145;329;284;318;17;37;177;0;141;94;148;43;11;90;15;179;62;44;38;12;22;22;40;68;81;161;66;Salta;66007;Anta;660070801;;1543;372;-24,717938;-64,197742;0,212971779
660280612;268;15;203;0;10;2;0;2;0;5;0;37;131;10;245;9;165;68;35;138;3;61;133;194;26;35;71;23;45;43;36;26;32;63;63;65;45;35;60;66;Salta;66028;Capital;660280612;;826;268;-24,727112;-65,400513;0,082430713
660280801;461;28;243;0;20;9;10;5;10;4;2;119;235;74;393;35;288;91;82;282;12;147;214;278;39;25;93;30;86;83;54;61;72;75;75;98;88;86;114;66;Salta;66028;Capital;660280801;;1551;461;-24,727624;-65,396932;0,1232118
660280514;292;1;255;0;2;0;1;1;1;0;0;36;70;2;285;2;240;24;28;137;0;37;143;254;36;75;153;23;133;75;10;11;14;26;26;56;69;84;57;66;Salta;66028;Capital;660280514;;983;292;-24,728361;-65,41749;0,333220583
660280802;222;3;135;0;10;1;5;19;5;5;2;50;94;13;194;14;143;43;36;108;3;91;98;120;13;9;62;18;54;35;26;33;22;34;34;49;41;44;54;66;Salta;66028;Capital;660280802;;722;222;-24,727567;-65,394006;0,040480927
660280803;243;10;121;0;11;2;19;10;19;34;21;166;85;42;215;65;166;27;50;135;2;116;78;98;15;5;37;11;55;36;31;47;26;37;37;35;50;41;80;66;Salta;66028;Capital;660280803;;873;243;-24,728839;-65,393363;0,068624964
660070805;250;58;96;2;48;25;30;9;30;103;45;215;126;88;218;198;152;50;48;126;3;97;75;110;19;16;58;13;95;31;38;31;17;25;25;39;34;59;93;66;Salta;66007;Anta;660070805;;986;250;-24,721635;-64,189617;0,369690968
660280614;221;14;129;0;11;4;12;3;12;4;0;141;61;14;200;15;153;46;22;120;9;85;94;116;18;4;44;9;36;36;36;32;34;38;38;39;32;40;72;66;Salta;66028;Capital;660280614;;789;221;-24,729635;-65,403765;0,060263304
660285004;249;31;160;4;36;17;31;22;31;158;41;133;138;70;224;110;195;32;22;130;3;55;106;178;13;59;86;27;69;45;19;24;20;45;44;55;40;44;66;66;Salta;66028;Capital;660285004;;864;249;-24,731797;-65,488446;0,362106008
660070807;345;50;101;0;65;20;23;4;23;21;12;262;194;110;284;263;258;42;45;168;1;146;61;85;20;4;58;18;132;42;48;44;14;47;47;43;55;75;125;66;Salta;66007;Anta;660070807;;1307;345;-24,72863;-64,187341;0,339430511
660280908;238;1;212;0;0;0;1;12;1;4;1;26;77;5;224;2;111;100;27;123;4;24;126;206;29;51;77;20;57;30;14;10;37;70;70;65;50;32;21;66;Salta;66028;Capital;660280908;;591;238;-24,737445;-65,405431;0,107736234
660280809;320;9;260;0;6;1;1;8;1;5;1;18;84;5;308;14;223;67;30;188;7;45;149;269;58;62;119;19;89;71;32;36;17;56;56;63;70;63;68;66;Salta;66028;Capital;660280809;;1030;320;-24,738258;-65,398577;0,126400539
660070810;228;40;115;0;30;19;13;8;13;20;5;187;95;37;201;139;137;59;32;113;1;74;71;110;27;12;50;19;58;27;42;31;17;34;34;37;32;55;70;66;Salta;66007;Anta;660070810;;867;228;-24,732273;-64,199424;0,358995192
660070811;365;128;87;1;98;37;156;19;156;133;112;328;260;213;277;287;199;29;137;186;2;135;91;126;18;17;76;33;140;62;35;38;20;37;37;70;91;58;109;66;Salta;66007;Anta;660070811;;1322;365;-24,730058;-64,201411;0,208145537
660280907;217;9;173;0;7;4;2;13;2;2;0;37;98;7;206;10;87;92;38;125;4;21;105;179;25;49;78;18;60;37;14;11;23;54;53;55;49;32;28;66;Salta;66028;Capital;660280907;;598;217;-24,738066;-65,407509;0,041052347
660280909;359;7;258;0;35;2;1;1;1;2;0;20;105;11;354;9;338;3;18;179;4;70;206;277;46;25;175;24;165;70;24;25;9;42;42;61;84;93;79;66;Salta;66028;Capital;660280909;;1213;359;-24,74196;-65,405551;0,665037661
660280811;394;5;313;0;6;0;3;14;3;2;0;44;140;9;372;5;208;143;43;230;8;58;231;328;45;52;113;26;88;71;31;35;44;99;99;96;83;59;57;66;Salta;66028;Capital;660280811;;1094;394;-24,73936;-65,402761;0,071398003
660140102;75;13;19;0;7;2;46;57;46;64;60;72;64;63;41;73;30;7;38;38;0;35;9;10;1;0;6;7;18;10;12;11;4;13;13;10;18;10;24;66;Salta;66014;Cachi;660140102;;270;75;-24,86814;-66,058573;285,3976443
660280812;291;5;223;0;4;1;2;11;2;2;1;42;110;20;278;7;177;94;20;186;3;54;135;224;42;47;86;30;59;45;24;35;47;51;51;75;68;47;50;66;Salta;66028;Capital;660280812;;866;291;-24,73985;-65,399304;0,057982311
660285009;377;31;280;5;24;5;34;16;34;302;96;176;127;61;354;113;260;77;40;163;8;89;112;264;19;133;170;45;136;54;37;25;19;61;61;82;72;60;102;66;Salta;66028;Capital;660285009;;1267;377;-24,743819;-65,485917;0,798203953
660280813;208;4;162;0;15;3;1;17;1;21;1;24;50;7;203;17;130;67;11;112;4;34;104;167;20;43;61;8;69;50;11;7;9;54;54;41;31;39;43;66;Salta;66028;Capital;660280813;;622;208;-24,742603;-65,397967;0,16854986
660285008;257;10;208;1;8;2;6;12;6;177;35;100;58;26;239;39;163;55;39;110;1;27;85;222;25;112;125;35;91;35;14;14;18;50;50;60;54;41;52;66;Salta;66028;Capital;660285008;;784;257;-24,746782;-65,494546;0,90801322
660280910;383;4;255;0;49;0;0;4;0;1;0;17;148;7;367;5;338;1;44;190;1;77;218;302;57;27;194;28;192;84;23;25;13;18;18;76;104;84;101;66;Salta;66028;Capital;660280910;;1343;383;-24,742907;-65,410148;0,13856453
660281201;435;27;311;1;13;6;9;10;9;6;1;115;130;24;399;48;251;109;75;208;23;76;182;334;54;98;154;46;122;70;40;36;30;91;90;99;91;70;85;66;Salta;66028;Capital;660281201;;1337;435;-24,749186;-65,394794;1,124433155
660280814;201;22;151;0;26;11;4;0;4;4;2;56;95;21;195;34;143;33;25;106;10;55;100;137;26;11;69;14;69;39;26;17;13;23;23;41;27;48;62;66;Salta;66028;Capital;660280814;;737;201;-24,746469;-65,400268;0,170009339
661050208;9;1;1;0;0;0;6;5;6;7;6;9;8;9;2;7;8;1;0;2;0;6;0;1;1;0;1;1;2;0;2;0;0;4;4;1;0;1;3;66;Salta;66105;Los Andes;661050208;;30;9;-25,032061;-66,765341;2084,851528
660280911;270;4;234;0;8;2;1;5;1;4;0;73;77;13;266;9;244;15;11;120;2;10;130;256;39;87;154;28;133;48;5;5;12;39;39;65;60;68;38;66;Salta;66028;Capital;660280911;;819;270;-24,746268;-65,409954;0,15110649
660280912;265;12;216;0;14;6;6;2;6;9;4;73;66;16;261;28;196;43;26;129;6;20;117;231;33;81;136;23;111;32;19;16;11;53;53;46;65;59;42;66;Salta;66028;Capital;660280912;;808;265;-24,746591;-65,405924;0,161227388
660280302;23;2;8;1;1;0;3;17;3;17;3;14;13;7;17;15;8;2;13;4;2;10;5;7;1;1;4;1;3;1;3;1;3;11;10;5;2;2;4;66;Salta;66028;Capital;660280302;;61;23;-24,824112;-65,219534;188,9929572
660285010;292;9;231;4;11;3;9;8;9;223;32;120;95;29;279;50;205;36;51;129;3;47;109;235;26;100;134;30;104;30;33;16;26;53;53;56;48;73;62;66;Salta;66028;Capital;660285010;;946;292;-24,750184;-65,485892;0,745993929
660281001;179;23;88;0;26;11;3;4;3;4;2;70;68;31;147;43;92;40;47;84;13;70;62;90;15;13;50;15;48;34;20;20;17;25;25;34;42;38;40;66;Salta;66028;Capital;660281001;;610;179;-24,749193;-65,410504;0,054270922
660281005;341;66;150;0;49;11;13;2;13;5;1;191;204;125;291;131;197;88;56;168;9;130;131;160;21;8;60;13;77;61;38;54;30;68;68;47;63;52;111;66;Salta;66028;Capital;660281005;;1184;341;-24,750362;-65,407889;0,096161676
660281006;349;35;203;0;34;7;16;9;16;6;2;165;177;85;306;126;187;93;69;191;21;139;112;164;34;18;71;18;75;51;59;43;31;72;72;55;58;48;116;66;Salta;66028;Capital;660281006;;1216;349;-24,749638;-65,405923;0,100802252
660281007;323;55;197;0;35;14;20;5;20;7;2;155;147;62;288;91;178;86;59;160;15;100;129;176;29;18;88;14;88;57;47;33;31;53;53;68;60;52;90;66;Salta;66028;Capital;660281007;;1102;323;-24,750033;-65,403079;0,086646526
660281008;324;32;186;1;42;12;11;5;11;7;3;169;140;52;298;92;176;81;67;182;18;101;141;195;34;20;89;20;84;59;44;36;34;47;47;66;63;64;84;66;Salta;66028;Capital;660281008;;1130;324;-24,749374;-65,400421;0,088393649
660281701;427;8;384;11;12;6;2;53;2;27;4;86;78;40;406;20;358;42;27;148;6;36;121;382;29;232;279;68;210;46;25;16;12;50;49;96;85;84;113;66;Salta;66028;Capital;660281701;;1462;427;-24,76567;-65,476259;4,569936452
660281002;224;18;145;0;19;3;6;7;6;10;3;102;111;38;196;57;135;52;37;116;5;78;94;132;26;12;57;21;50;30;32;32;25;34;34;49;44;29;68;66;Salta;66028;Capital;660281002;;759;224;-24,751143;-65,410138;0,062046285
660281010;213;19;131;0;19;4;16;5;16;4;1;110;115;42;194;67;127;38;48;128;15;69;88;121;25;8;45;19;44;27;27;24;27;45;45;47;37;32;52;66;Salta;66028;Capital;660281010;;706;213;-24,752042;-65,405323;0,060645979
660281009;229;29;146;1;20;7;9;4;9;1;0;100;117;41;210;55;142;48;39;117;14;64;96;136;27;13;55;10;58;30;33;33;30;35;33;36;53;42;65;66;Salta;66028;Capital;660281009;;827;229;-24,751977;-65,401402;0,081775968
660281004;201;12;109;1;22;4;13;2;13;4;2;76;84;32;186;73;114;49;38;110;11;64;95;121;10;16;48;12;50;41;20;25;16;37;37;43;37;36;48;66;Salta;66028;Capital;660281004;;668;201;-24,753153;-65,409069;0,059598458
660281003;241;30;131;0;26;10;26;6;26;9;2;128;137;42;210;83;146;50;45;120;11;89;98;134;27;9;69;18;66;40;38;24;19;36;36;43;49;43;70;66;Salta;66028;Capital;660281003;;854;241;-24,75422;-65,410648;0,071114991
660281012;306;31;158;1;36;12;18;5;18;14;10;164;162;74;263;121;160;87;59;160;21;96;134;175;26;15;75;15;83;52;32;41;30;53;52;54;65;54;81;66;Salta;66028;Capital;660281012;;1065;306;-24,753833;-65,401998;0,076556261
660281011;264;42;148;0;21;7;13;11;13;3;0;135;140;34;233;85;158;60;46;137;16;99;94;126;18;14;60;14;75;51;30;33;25;36;36;51;57;38;82;66;Salta;66028;Capital;660281011;;950;264;-24,754378;-65,404595;0,087976769
660281102;277;53;149;1;37;8;19;15;19;6;3;121;153;47;244;86;151;83;43;144;11;100;105;135;20;10;58;21;61;38;43;48;27;39;39;56;41;46;95;66;Salta;66028;Capital;660281102;;1021;277;-24,754662;-65,406905;0,064128066
660281203;254;14;198;0;9;4;9;9;9;4;3;71;75;30;239;25;144;80;30;115;7;29;100;216;17;99;103;28;77;31;19;13;17;69;68;57;53;46;30;66;Salta;66028;Capital;660281203;;704;254;-24,758665;-65,400579;0,233572526
660281101;279;38;151;1;27;9;9;7;9;11;1;145;120;32;248;92;139;87;53;148;7;94;104;152;29;19;68;23;72;35;28;46;26;49;49;53;55;47;75;66;Salta;66028;Capital;660281101;;945;279;-24,756297;-65,409546;0,098742056
660281104;325;67;175;0;58;28;36;12;36;85;55;182;186;112;285;139;218;66;41;185;13;93;134;170;28;8;70;15;79;51;49;46;27;58;58;55;49;56;107;66;Salta;66028;Capital;660281104;;1199;325;-24,756306;-65,403075;0,080670182
660281105;286;41;195;0;29;6;4;11;4;5;1;77;112;31;262;107;153;104;29;142;7;65;120;185;35;30;92;20;88;43;42;38;21;34;34;51;59;67;75;66;Salta;66028;Capital;660281105;;1022;286;-24,758796;-65,403125;0,094659974
660281206;272;11;199;1;4;1;6;4;6;2;1;69;76;19;260;34;174;57;41;129;5;53;106;202;30;66;101;34;70;51;20;24;19;54;54;68;55;38;57;66;Salta;66028;Capital;660281206;;823;272;-24,75769;-65,392664;0,135837949
660281702;374;1;353;3;0;0;0;136;0;109;14;95;54;7;361;4;277;76;21;110;3;9;100;364;38;226;265;65;190;40;19;7;9;44;43;89;69;98;75;66;Salta;66028;Capital;660281702;;1217;374;-24,763468;-65,463938;1,878094406
660281202;363;24;282;0;15;3;4;4;4;6;1;98;124;35;341;34;223;95;45;170;21;77;141;258;39;78;124;39;99;54;33;41;33;64;64;91;71;66;71;66;Salta;66028;Capital;660281202;;1120;363;-24,757446;-65,396925;0,122368107
660281103;314;46;174;0;46;13;17;4;17;5;1;156;187;51;283;73;172;84;58;161;23;103;123;156;17;16;68;11;68;51;49;53;32;50;49;47;62;56;100;66;Salta;66028;Capital;660281103;;1144;314;-24,757726;-65,407055;0,11015335
660281107;250;30;143;0;25;7;11;6;11;9;2;126;101;25;219;53;119;88;43;119;15;62;111;151;19;21;64;21;51;38;29;29;23;59;58;58;46;42;46;66;Salta;66028;Capital;660281107;;748;250;-24,759194;-65,410362;0,10625168
660281106;375;53;228;1;30;10;9;6;9;5;0;144;144;33;344;92;195;107;73;185;18;99;166;226;22;38;110;31;89;54;58;45;33;65;65;69;71;61;109;66;Salta;66028;Capital;660281106;;1321;375;-24,760082;-65,406354;0,136767592
660281204;239;10;190;0;2;1;4;7;4;8;0;48;76;8;228;9;149;65;25;112;2;27;96;200;39;65;96;22;67;23;19;21;24;63;63;53;42;48;33;66;Salta;66028;Capital;660281204;;671;239;-24,762051;-65,398792;0,144952986
660280204;135;1;117;0;3;0;2;67;2;115;14;54;26;5;130;18;111;15;9;51;4;8;45;123;9;69;88;17;75;10;4;4;2;23;23;22;27;37;26;66;Salta;66028;Capital;660280204;;441;135;-24,769505;-65,341526;2,599684773
660281205;369;14;268;1;14;3;11;6;11;10;1;115;140;34;340;31;246;72;51;186;15;70;143;285;43;99;136;44;91;64;32;41;30;67;66;94;83;63;63;66;Salta;66028;Capital;660281205;;1108;369;-24,760535;-65,396033;0,135954375
660281207;221;2;175;0;3;0;8;7;8;3;0;52;65;21;204;22;121;75;25;99;9;37;77;174;19;78;86;18;65;44;15;17;16;46;46;54;48;50;23;66;Salta;66028;Capital;660281207;;622;221;-24,760962;-65,392367;0,114127178
660281108;252;29;156;1;32;14;7;7;7;4;2;117;121;67;234;87;126;73;53;130;5;73;96;126;15;15;63;12;54;33;37;42;28;46;46;42;42;44;78;66;Salta;66028;Capital;660281108;;915;252;-24,761633;-65,410543;0,094638608
660281110;372;60;212;0;44;15;18;6;18;23;9;188;222;76;319;118;218;77;77;186;14;123;144;199;36;19;93;23;78;63;59;58;39;52;52;74;80;57;109;66;Salta;66028;Capital;660281110;;1335;372;-24,762542;-65,405265;0,132315943
660280205;173;3;154;0;2;0;1;70;1;136;7;56;24;5;169;9;141;20;12;59;3;15;45;156;10;101;114;26;87;13;10;6;4;27;27;34;38;41;33;66;Salta;66028;Capital;660280205;;561;173;-24,767623;-65,354433;3,306223899
660281211;102;3;82;0;1;1;1;0;1;2;0;19;27;4;97;6;76;17;9;55;4;22;33;77;15;29;35;12;23;19;7;8;9;24;24;30;20;17;11;66;Salta;66028;Capital;660281211;;272;102;-24,763052;-65,40256;0,041275043
660281109;410;65;248;0;43;9;4;8;4;8;3;184;214;68;372;139;202;131;77;216;12;102;206;264;29;29;101;30;82;77;51;41;53;76;76;91;67;64;112;66;Salta;66028;Capital;660281109;;1399;410;-24,763724;-65,409868;0,114401844
660281401;39;5;20;0;2;1;0;1;0;3;0;12;7;0;37;0;4;3;32;5;0;7;21;31;5;5;6;0;6;1;1;0;2;29;29;0;3;5;2;66;Salta;66028;Capital;660281401;;68;39;-24,766635;-65,420724;1,411248153
660281209;296;8;238;0;12;3;6;3;6;3;2;61;94;13;277;10;185;79;32;131;5;40;125;250;29;96;135;43;89;36;24;28;21;55;55;73;70;52;46;66;Salta;66028;Capital;660281209;;878;296;-24,764009;-65,3957;0,133985778
660281208;273;16;218;0;6;1;6;6;6;3;1;76;82;17;252;13;201;46;26;128;2;40;105;223;20;98;114;38;75;45;23;22;18;52;52;66;47;55;53;66;Salta;66028;Capital;660281208;;845;273;-24,763988;-65,391497;0,168072476
660910204;73;4;18;0;7;0;40;65;40;68;41;61;50;39;23;73;67;1;5;32;0;41;7;9;2;0;7;6;20;12;10;7;2;16;16;9;13;9;26;66;Salta;66091;La Poma;660910204;;249;73;-24,852831;-66,208885;251,1300601
660281210;354;15;269;2;14;6;2;3;2;2;0;54;97;17;330;12;209;95;50;198;9;57;130;281;43;108;135;50;76;57;37;37;28;69;68;98;64;64;60;66;Salta;66028;Capital;660281210;;1070;354;-24,765336;-65,399846;0,135400939
660281703;356;42;207;1;40;18;96;48;96;140;83;201;178;118;303;161;283;35;38;173;6;54;143;285;26;116;142;21;143;64;16;15;19;78;78;63;73;84;58;66;Salta;66028;Capital;660281703;;1072;356;-24,779458;-65,460741;4,059174672
660281111;369;45;217;0;28;10;23;12;23;22;7;219;170;74;325;99;197;100;72;181;11;121;137;195;33;25;92;29;72;47;55;59;48;59;59;82;70;55;103;66;Salta;66028;Capital;660281111;;1287;369;-24,765638;-65,405667;0,127324103
660281212;122;1;92;0;2;0;2;2;2;5;1;15;31;1;113;4;77;29;16;74;1;13;48;107;17;42;49;16;32;20;8;11;11;24;24;32;32;16;18;66;Salta;66028;Capital;660281212;;363;122;-24,765588;-65,403342;0,05005962
660281112;444;49;286;0;51;20;18;6;18;10;6;202;196;56;405;120;229;128;87;241;9;126;180;279;41;58;107;36;103;61;47;63;42;92;91;83;82;70;118;66;Salta;66028;Capital;660281112;;1508;444;-24,766013;-65,409461;0,133451585
660281301;252;7;217;0;2;0;2;2;2;5;1;35;49;4;246;7;155;74;23;128;5;18;103;227;24;100;108;28;76;49;13;22;18;46;46;55;59;64;28;66;Salta;66028;Capital;660281301;;745;252;-24,766797;-65,389873;0,127634404
660281213;380;17;307;1;6;0;4;3;4;6;1;52;105;23;348;13;198;139;43;208;5;48;159;327;50;118;143;51;87;37;25;25;25;130;129;91;69;59;32;66;Salta;66028;Capital;660281213;;939;380;-24,767938;-65,400179;0,154501251
660490208;36;8;9;0;1;0;16;19;16;31;16;33;26;19;22;35;18;1;17;11;0;11;8;13;4;1;6;0;11;4;2;2;6;11;11;6;3;10;6;66;Salta;66049;General Güemes;660490208;;114;36;-24,881245;-64,866944;183,4943926
660281214;204;5;164;2;4;1;3;1;3;6;3;40;72;15;190;10;143;32;29;108;3;28;75;167;25;67;72;23;49;29;15;23;20;45;45;41;49;30;39;66;Salta;66028;Capital;660281214;;618;204;-24,767235;-65,396046;0,119494422
660281215;188;9;147;2;1;1;0;2;0;5;2;24;46;1;172;8;141;23;24;101;4;33;71;151;19;61;67;28;43;38;15;10;20;34;33;57;40;36;22;66;Salta;66028;Capital;660281215;;534;188;-24,767344;-65,393342;0,094952132
660281309;248;8;192;0;5;0;5;3;5;7;0;70;71;13;225;21;159;38;51;142;7;47;97;194;35;62;61;18;46;43;17;33;32;59;59;60;54;37;38;66;Salta;66028;Capital;660281309;;710;248;-24,769452;-65,404431;0,096239987
660281308;378;19;256;1;15;3;5;4;5;7;2;125;146;26;345;42;211;99;68;171;13;65;171;295;42;82;101;37;72;58;23;40;25;123;122;78;62;55;61;66;Salta;66028;Capital;660281308;;1033;378;-24,769827;-65,402204;0,116805463
660281402;305;29;207;0;14;5;14;4;14;5;0;110;115;29;287;57;150;111;44;158;5;67;132;225;42;51;80;29;57;41;27;29;33;89;89;73;54;39;50;66;Salta;66028;Capital;660281402;;852;305;-24,768007;-65,40852;0,098080647
660281302;249;22;198;0;7;4;1;6;1;8;5;33;58;6;227;4;172;52;25;125;6;27;87;217;34;96;112;36;64;39;22;31;15;42;42;63;58;39;47;66;Salta;66028;Capital;660281302;;780;249;-24,768767;-65,388356;0,133113912
660281403;250;21;158;0;16;4;9;4;9;3;0;94;109;29;220;56;156;42;52;139;5;81;96;151;37;18;67;19;43;36;35;35;25;57;57;51;45;28;69;66;Salta;66028;Capital;660281403;;806;250;-24,769253;-65,408816;0,097983771
660281305;366;4;295;4;1;0;5;4;5;6;1;55;84;9;347;17;231;101;34;200;3;27;140;334;47;147;150;56;91;67;19;15;37;81;77;125;73;50;41;66;Salta;66028;Capital;660281305;;973;366;-24,770847;-65,395195;0,206495617
660281704;256;3;224;1;0;0;1;5;1;5;0;35;38;4;252;4;178;60;18;108;6;13;87;235;23;125;133;39;94;40;6;9;9;59;59;69;52;47;29;66;Salta;66028;Capital;660281704;;701;256;-24,772613;-65,448893;0,236896218
660281604;302;38;246;1;6;2;3;11;3;16;3;54;75;12;293;59;159;128;15;131;2;29;125;263;28;110;139;42;100;40;12;9;15;84;83;74;56;53;36;66;Salta;66028;Capital;660281604;;811;302;-24,773784;-65,439684;0,421602692
660281601;214;10;162;0;11;2;7;6;7;3;1;81;60;17;202;46;123;60;31;100;5;40;77;163;14;72;82;18;70;51;13;8;15;39;39;52;50;34;39;66;Salta;66028;Capital;660281601;;645;214;-24,769842;-65,439533;0,080758614
660281303;214;15;180;3;6;2;5;7;5;4;1;29;41;6;196;15;113;78;23;102;3;14;89;193;17;87;103;35;61;23;19;16;24;36;35;60;48;36;35;66;Salta;66028;Capital;660281303;;634;214;-24,770666;-65,390842;0,121393104
660281307;219;8;178;0;5;1;1;5;1;3;0;37;50;1;203;7;154;41;24;115;3;29;78;184;27;79;86;28;57;29;15;10;21;59;59;59;36;34;31;66;Salta;66028;Capital;660281307;;612;219;-24,77209;-65,399968;0,10110879
660281602;243;34;154;0;25;7;21;3;21;6;3;71;94;55;213;73;128;82;33;138;14;54;94;150;26;30;72;29;52;40;30;29;18;45;45;57;48;37;56;66;Salta;66028;Capital;660281602;;788;243;-24,771572;-65,437768;0,085928229
660281603;298;22;170;0;28;13;18;2;18;12;4;139;155;60;279;98;239;25;34;172;22;97;138;174;14;22;79;24;88;50;37;40;24;35;35;57;50;57;99;66;Salta;66028;Capital;660281603;;1103;298;-24,772437;-65,435684;0,105735797
660281501;235;1;160;1;12;0;5;2;5;3;0;45;90;26;208;18;176;21;38;117;4;56;113;165;33;19;72;12;50;36;36;26;30;45;44;45;42;50;54;66;Salta;66028;Capital;660281501;;766;235;-24,771036;-65,433565;0,099900275
661470305;38;5;0;0;4;3;20;33;20;36;27;36;35;34;6;38;30;1;7;14;0;20;6;8;2;0;4;4;6;8;1;2;7;10;10;11;8;5;4;66;Salta;66147;Rosario de Lerma;661470305;;101;38;-24,847479;-65,718062;105,942318
660281502;242;34;141;0;27;9;2;1;2;9;2;152;143;58;224;90;127;46;69;122;3;83;103;135;23;9;49;14;57;34;26;34;29;48;48;42;46;36;70;66;Salta;66028;Capital;660281502;;816;242;-24,771524;-65,431213;0,078169874
660281408;203;2;154;0;4;0;5;3;5;1;0;68;72;10;192;15;73;103;27;105;4;24;96;172;23;53;65;31;34;22;11;10;18;77;77;59;26;22;19;66;Salta;66028;Capital;660281408;;469;203;-24,77201;-65,412683;0,130515068
660281404;422;34;292;0;26;7;12;11;12;5;1;180;169;58;382;92;163;201;58;233;12;82;214;325;41;70;101;30;75;57;26;41;48;145;145;100;67;54;56;66;Salta;66028;Capital;660281404;;1086;422;-24,771043;-65,408306;0,124799714
660281417;260;24;160;1;18;4;14;13;14;17;1;124;144;53;238;58;148;54;58;142;6;56;129;182;34;19;74;17;59;36;35;37;29;47;46;55;45;47;67;66;Salta;66028;Capital;660281417;;885;260;-24,77084;-65,427575;0,0773669
660281304;279;2;244;2;2;1;1;7;1;3;0;26;61;4;268;7;185;65;29;135;5;13;110;261;22;129;133;56;70;48;12;10;14;69;69;87;55;40;28;66;Salta;66028;Capital;660281304;;719;279;-24,772985;-65,389185;0,255755892
660281413;258;18;165;0;18;4;12;6;12;3;1;107;127;33;237;60;161;44;53;134;7;83;112;162;30;20;78;21;57;40;39;34;22;45;45;52;52;39;70;66;Salta;66028;Capital;660281413;;870;258;-24,771604;-65,424363;0,087795414
660281412;280;22;187;0;18;6;11;0;11;3;0;117;116;46;264;69;148;73;59;153;5;85;140;184;26;18;74;13;59;48;31;35;29;65;65;50;59;47;59;66;Salta;66028;Capital;660281412;;892;280;-24,772473;-65,422121;0,077902095
660281409;301;27;214;0;16;9;10;16;10;14;2;95;127;27;277;54;149;111;41;164;10;65;157;228;30;41;66;20;60;58;26;25;35;77;77;70;67;42;45;66;Salta;66028;Capital;660281409;;842;301;-24,772322;-65,418158;0,264131697
660281306;308;6;250;4;5;2;7;13;7;12;9;41;63;13;287;16;195;79;34;154;4;45;121;256;19;116;126;50;75;48;16;10;25;84;83;91;51;44;39;66;Salta;66028;Capital;660281306;;811;308;-24,773504;-65,396415;0,20060128
660281405;208;14;167;0;3;2;5;6;5;6;1;71;71;11;189;22;106;69;33;101;4;29;100;172;24;48;66;24;38;26;14;13;23;70;70;55;33;24;26;66;Salta;66028;Capital;660281405;;522;208;-24,77263;-65,409288;0,073393333
660281416;300;28;195;0;23;7;10;7;10;6;3;134;134;41;276;65;175;69;56;137;13;92;127;185;33;25;85;22;75;44;37;45;26;51;51;61;58;47;83;66;Salta;66028;Capital;660281416;;1026;300;-24,772482;-65,428426;0,102205153
660281610;341;5;298;1;1;1;2;6;2;1;1;59;75;5;325;5;226;88;27;143;6;16;109;315;42;164;177;53;115;48;22;22;13;68;68;93;74;63;43;66;Salta;66028;Capital;660281610;;955;341;-24,774889;-65,443877;0,2573647
660281310;232;12;177;0;9;1;3;2;3;7;2;75;93;18;223;36;99;101;32;107;4;42;115;184;21;48;66;27;43;34;14;13;20;81;81;59;41;25;26;66;Salta;66028;Capital;660281310;;580;232;-24,77259;-65,405412;0,058721958
660281311;317;32;230;0;19;6;14;12;14;8;5;100;119;38;289;51;131;137;49;171;3;47;128;258;30;100;71;31;45;39;18;16;28;140;139;66;49;31;32;66;Salta;66028;Capital;660281311;;718;317;-24,773095;-65,40361;0,05849191
660281312;332;27;251;0;21;7;9;5;9;23;4;94;97;42;311;26;115;189;28;200;4;45;143;275;40;92;86;43;43;56;19;35;31;105;105;91;70;37;29;66;Salta;66028;Capital;660281312;;813;332;-24,773036;-65,401731;0,040470611
660282701;237;71;80;0;60;24;149;63;149;210;168;198;179;129;210;227;211;7;19;140;10;102;99;109;8;2;52;15;94;45;26;16;6;35;35;34;46;50;72;66;Salta;66028;Capital;660282701;;845;237;-24,780796;-65,374738;1,292747
660281414;234;14;158;0;13;4;8;3;8;6;1;79;110;27;215;38;149;32;53;120;5;70;96;146;28;22;63;18;47;39;24;42;25;39;39;49;48;38;60;66;Salta;66028;Capital;660281414;;810;234;-24,774638;-65,424862;0,113767328
660281503;245;30;140;0;14;2;11;2;11;2;0;96;147;61;220;79;169;31;45;131;11;92;93;125;16;16;61;15;52;34;31;40;26;47;47;50;41;30;77;66;Salta;66028;Capital;660281503;;836;245;-24,773852;-65,433247;0,083079222
660281611;365;7;336;2;3;0;1;8;1;3;0;48;68;2;356;12;265;73;27;169;6;19;126;341;33;182;205;46;144;65;22;10;10;68;67;86;79;85;48;66;Salta;66028;Capital;660281611;;1099;365;-24,775706;-65,44873;0,214409632
660280401;10;4;2;0;1;1;4;7;4;6;6;8;7;7;7;9;0;4;6;3;0;3;2;3;1;0;2;0;2;2;0;1;0;5;5;1;2;2;0;66;Salta;66028;Capital;660280401;;21;10;-24,879926;-65,116101;238,316902
660281407;268;9;200;0;7;4;2;11;2;6;0;70;79;11;257;20;104;125;39;155;6;27;113;235;26;96;71;30;38;31;15;27;34;93;93;67;49;29;30;66;Salta;66028;Capital;660281407;;668;268;-24,774776;-65,41304;0,113337392
660281504;204;17;114;1;23;9;7;7;7;9;2;97;123;32;180;39;124;29;51;115;3;66;86;121;24;11;52;5;52;34;31;31;24;27;27;35;35;33;74;66;Salta;66028;Capital;660281504;;789;204;-24,775853;-65,432308;0,126811245
660281415;330;29;223;0;21;8;6;6;6;11;2;89;167;20;304;48;214;49;67;192;6;74;173;237;39;25;88;19;67;54;41;40;43;66;66;66;73;60;65;66;Salta;66028;Capital;660281415;;1037;330;-24,774886;-65,428234;0,111394097
660281406;253;13;180;0;14;3;3;4;3;3;1;88;82;12;233;20;127;98;28;145;6;41;109;203;31;63;70;23;36;39;21;25;20;89;89;59;40;27;38;66;Salta;66028;Capital;660281406;;666;253;-24,774547;-65,409532;0,089446325
660281314;289;12;201;1;5;1;0;4;0;6;0;98;78;11;268;20;135;118;36;157;6;43;132;243;31;80;63;29;36;43;11;13;27;130;129;79;38;28;15;66;Salta;66028;Capital;660281314;;605;289;-24,775369;-65,406172;0,080584773
660281411;262;18;154;0;21;6;11;3;11;10;0;102;128;26;239;55;138;62;62;141;4;75;129;168;25;14;70;18;56;46;33;35;31;43;43;50;57;48;64;66;Salta;66028;Capital;660281411;;866;262;-24,775072;-65,420963;0,077047213
660281313;315;30;234;0;13;2;6;8;6;0;0;85;89;10;294;56;128;148;39;154;9;57;142;252;26;84;78;39;49;42;22;23;23;117;117;81;35;34;48;66;Salta;66028;Capital;660281313;;809;315;-24,775095;-65,403267;0,077141247
660281410;393;34;294;0;28;7;6;5;6;5;1;144;153;33;354;60;178;175;40;206;16;77;184;294;45;65;110;28;76;54;35;43;50;107;107;70;86;61;69;66;Salta;66028;Capital;660281410;;1142;393;-24,775649;-65,417293;0,11553742
660282601;342;6;284;3;3;1;4;13;4;5;0;30;98;14;324;12;234;71;37;175;9;30;107;294;37;150;144;53;92;57;16;29;29;66;65;100;73;68;36;66;Salta;66028;Capital;660282601;;947;342;-24,776904;-65,396702;0,465739064
660282204;949;127;588;1;76;27;54;29;54;72;22;368;422;177;864;225;570;214;165;504;7;274;422;624;122;80;256;78;205;130;118;123;69;226;226;176;147;149;251;66;Salta;66028;Capital;660282204;;3267;949;-24,778867;-65,422015;0,272269916
660282602;296;15;251;1;1;0;9;7;9;3;0;40;70;8;275;4;166;84;46;169;4;29;120;253;34;99;86;40;49;45;16;16;35;95;94;94;50;31;27;66;Salta;66028;Capital;660282602;;694;296;-24,779635;-65,402249;0,145482267
660281705;349;42;199;0;43;8;24;12;24;15;6;229;192;108;312;159;275;31;43;188;11;144;128;184;27;29;102;21;96;63;62;52;20;35;35;56;65;69;124;66;Salta;66028;Capital;660281705;;1357;349;-24,778793;-65,452729;0,201373722
660282301;181;16;124;0;11;3;11;3;11;29;3;82;64;17;163;64;59;53;69;104;2;34;78;134;21;35;54;15;42;34;12;16;20;42;42;39;46;29;25;66;Salta;66028;Capital;660282301;;524;181;-24,777174;-65,413113;0,14838372
660282707;359;28;196;0;36;10;15;6;15;20;6;234;182;108;331;183;212;84;63;173;19;136;149;191;25;17;104;31;112;59;34;44;28;51;51;74;73;56;105;66;Salta;66028;Capital;660282707;;1231;359;-24,787986;-65,386078;4,180076522
660281608;229;30;168;0;17;7;5;3;5;32;1;102;76;44;213;175;132;64;33;112;13;54;94;161;32;35;82;25;61;44;20;16;18;45;45;63;34;44;43;66;Salta;66028;Capital;660281608;;688;229;-24,777679;-65,437007;0,109392818
660281505;216;15;140;0;15;5;6;1;6;3;0;79;104;30;198;34;120;58;38;120;6;42;98;155;27;30;55;11;50;31;23;32;18;51;51;34;50;29;52;66;Salta;66028;Capital;660281505;;714;216;-24,778023;-65,430826;0,101833096
660281612;385;3;340;0;5;0;3;4;3;5;0;71;74;3;377;15;244;102;39;169;7;27;140;352;55;157;222;47;171;56;15;10;15;71;71;88;91;83;52;66;Salta;66028;Capital;660281612;;1150;385;-24,780095;-65,448461;0,422574012
660281506;265;14;178;0;12;6;1;1;1;2;0;69;117;14;241;28;135;80;50;136;1;72;107;179;31;41;68;23;54;30;24;31;36;67;67;61;48;39;50;66;Salta;66028;Capital;660281506;;792;265;-24,77788;-65,428854;0,068726329
660282304;174;5;142;1;1;0;4;3;4;3;0;39;30;6;167;7;61;86;27;88;2;13;70;156;18;68;47;19;29;28;5;10;13;70;69;42;39;17;7;66;Salta;66028;Capital;660282304;;375;174;-24,777276;-65,408151;0,057938236
660282201;289;38;190;0;14;4;6;8;6;1;0;99;109;17;259;39;130;119;40;168;3;61;150;212;30;32;85;35;61;44;20;31;24;74;74;76;55;42;42;66;Salta;66028;Capital;660282201;;805;289;-24,776977;-65,425707;0,061870367
660282305;414;4;362;0;4;0;0;6;0;0;0;83;109;7;404;10;145;223;46;230;7;24;205;382;31;146;105;58;45;51;11;13;36;200;200;122;47;31;14;66;Salta;66028;Capital;660282305;;797;414;-24,777401;-65,404729;0,072972598
660280104;148;4;126;2;8;2;7;75;7;97;12;85;36;9;145;71;111;20;17;51;1;19;41;120;9;70;85;13;71;21;8;6;3;26;26;29;23;36;34;66;Salta;66028;Capital;660280104;;491;148;-24,810824;-65,521064;38,21793317
660282205;352;46;234;0;12;3;6;7;6;10;2;117;150;27;321;68;182;114;56;189;10;74;173;262;45;44;98;40;55;46;31;39;51;90;90;94;54;54;60;66;Salta;66028;Capital;660282205;;991;352;-24,778071;-65,41781;0,106903314
660282302;251;20;186;1;1;0;2;3;2;3;2;62;55;11;241;21;77;144;30;122;5;20;103;227;26;98;51;27;27;20;4;2;13;158;157;56;16;13;9;66;Salta;66028;Capital;660282302;;424;251;-24,778672;-65,411632;0,095838402
660281609;186;9;158;0;3;0;2;1;2;30;3;37;43;10;176;40;123;51;12;84;7;14;83;166;8;75;89;21;69;31;12;8;6;39;39;40;45;35;27;66;Salta;66028;Capital;660281609;;543;186;-24,779143;-65,438755;0,126813261
660280301;384;151;84;1;139;68;283;132;283;251;221;360;342;309;279;349;326;14;44;213;22;196;105;116;6;5;60;26;144;97;25;18;6;68;68;79;84;68;85;66;Salta;66028;Capital;660280301;;1239;384;-24,820694;-65,346494;41,20392898
660282303;229;6;198;1;2;1;1;4;1;3;1;50;53;4;223;10;74;133;22;126;3;19;96;207;20;91;54;34;25;18;6;4;23;119;119;63;18;15;14;66;Salta;66028;Capital;660282303;;438;229;-24,77892;-65,408783;0,05817879
660282202;283;11;196;0;7;1;4;3;4;7;3;127;92;10;257;26;173;68;42;158;5;50;149;232;27;56;87;14;65;49;30;31;28;66;66;59;55;50;53;66;Salta;66028;Capital;660282202;;849;283;-24,778901;-65,425912;0,128894239
660281805;273;9;199;0;10;1;13;5;13;19;4;91;100;29;261;31;182;65;26;119;9;55;92;208;19;97;121;30;103;51;21;18;14;36;36;61;64;62;50;66;Salta;66028;Capital;660281805;;884;273;-24,784094;-65,441367;0,803503433
660281605;203;20;100;1;27;9;33;15;33;127;85;108;125;73;171;156;150;35;18;102;7;92;69;95;19;7;43;10;56;33;19;28;18;39;39;33;41;37;53;66;Salta;66028;Capital;660281605;;689;203;-24,781198;-65,434142;0,090837277
660282306;322;3;258;2;3;1;2;13;2;1;1;73;91;11;300;7;114;178;30;208;5;21;136;292;26;130;67;33;37;49;5;11;28;159;157;88;47;23;7;66;Salta;66028;Capital;660282306;;613;322;-24,778279;-65,405786;0,037090002
660281607;233;14;146;1;25;8;20;6;20;129;89;105;117;78;218;182;148;48;37;101;12;69;103;151;26;22;72;15;66;45;25;19;20;43;42;46;39;45;61;66;Salta;66028;Capital;660281607;;771;233;-24,780848;-65,435688;0,120743604
660281706;462;56;209;0;76;27;23;5;23;16;4;323;309;129;402;162;372;34;56;280;24;210;160;194;28;6;86;12;137;79;70;87;37;40;40;54;80;97;191;66;Salta;66028;Capital;660281706;;1879;462;-24,781711;-65,456721;0,174651371
660282206;242;21;176;0;3;0;1;7;1;0;0;48;87;4;222;5;103;111;28;150;1;26;109;205;35;61;60;28;32;40;12;16;24;90;90;71;43;27;11;66;Salta;66028;Capital;660282206;;535;242;-24,779809;-65,416858;0,062112229
660280105;229;0;216;2;4;0;0;157;0;221;13;109;22;7;218;34;192;33;4;76;2;7;49;216;17;150;183;16;167;24;4;9;2;7;7;25;33;63;101;66;Salta;66028;Capital;660280105;;962;229;-24,785136;-65,507238;1,965872366
660282309;258;2;214;1;5;0;0;7;0;2;1;57;41;8;250;9;94;132;32;137;3;19;98;235;25;112;69;31;37;20;7;5;21;137;136;64;31;13;14;66;Salta;66028;Capital;660282309;;487;258;-24,780427;-65,407688;0,082697351
660282307;207;2;160;1;2;0;2;3;2;1;1;36;38;5;193;5;90;98;19;131;0;6;103;198;19;76;59;28;31;24;6;9;14;95;95;56;30;10;16;66;Salta;66028;Capital;660282307;;428;207;-24,780322;-65,40462;0,077508266
660281804;314;8;266;1;6;3;11;6;11;5;4;111;59;27;310;23;152;141;21;157;7;38;100;271;31;140;162;49;114;64;17;11;8;51;51;89;65;68;41;66;Salta;66028;Capital;660281804;;931;314;-24,781468;-65,445874;0,126483043
660282208;299;17;209;1;13;3;1;11;1;21;3;100;91;35;267;32;138;109;52;157;4;60;119;231;42;70;85;27;59;38;25;19;41;90;90;65;59;33;52;66;Salta;66028;Capital;660282208;;825;299;-24,781899;-65,41957;0,088723162
660281508;234;13;175;0;8;2;4;13;4;3;0;38;104;7;217;13;146;65;23;132;6;35;85;180;34;61;75;25;55;45;11;23;21;54;54;63;41;40;36;66;Salta;66028;Capital;660281508;;664;234;-24,782388;-65,433088;0,060418253
660282312;239;2;198;0;5;1;3;1;3;5;2;58;63;10;225;11;117;100;22;148;1;20;98;217;28;91;83;31;57;39;5;16;15;76;76;64;43;27;29;66;Salta;66028;Capital;660282312;;597;239;-24,781488;-65,415036;0,059212139
660282311;307;6;236;0;8;1;5;9;5;5;2;69;82;10;288;16;132;138;37;159;5;31;148;269;33;88;103;42;54;39;18;17;26;111;111;87;50;33;26;66;Salta;66028;Capital;660282311;;719;307;-24,781627;-65,412975;0,117249632
660281707;406;62;154;0;82;24;35;3;35;4;3;271;314;146;343;145;334;34;38;267;17;177;151;171;17;3;86;12;130;77;63;65;23;36;36;40;61;66;203;66;Salta;66028;Capital;660281707;;1783;406;-24,783773;-65,459477;0,229301529
660281507;243;14;151;1;11;1;11;1;11;5;1;83;96;31;220;42;154;37;52;131;1;62;112;161;22;27;50;16;34;51;25;27;33;57;57;65;44;34;43;66;Salta;66028;Capital;660281507;;701;243;-24,780762;-65,430304;0,066878212
660282310;179;7;135;3;4;3;8;2;8;3;3;32;47;11;156;10;81;70;28;97;3;15;67;153;15;71;55;19;33;21;7;9;13;77;77;38;33;19;12;66;Salta;66028;Capital;660282310;;391;179;-24,782197;-65,409453;0,152744458
660282203;457;18;334;0;10;1;7;10;7;14;4;103;158;30;417;45;233;154;70;222;9;71;196;365;55;114;128;59;78;64;35;30;39;152;152;126;70;59;50;66;Salta;66028;Capital;660282203;;1140;457;-24,782003;-65,426319;0,17216306
660281715;237;45;95;0;68;25;53;8;53;33;19;173;183;130;195;179;217;2;18;154;12;98;87;106;16;3;50;6;81;53;34;29;16;18;18;29;42;47;101;66;Salta;66028;Capital;660281715;;970;237;-24,784071;-65,452995;0,131593592
660282604;281;5;241;1;2;0;2;7;2;3;1;29;55;9;266;1;165;82;34;145;8;22;113;248;30;105;102;49;58;45;7;17;33;72;71;96;55;37;22;66;Salta;66028;Capital;660282604;;703;281;-24,785699;-65,398199;0,366690312
660281708;386;53;160;0;66;23;51;0;51;13;3;246;238;152;333;203;305;37;44;257;15;173;138;150;8;4;70;18;118;79;44;52;34;41;41;52;61;65;167;66;Salta;66028;Capital;660281708;;1562;386;-24,785958;-65,465199;0,724619396
660282207;165;29;115;0;9;4;5;0;5;6;1;54;53;7;155;18;73;75;17;105;4;19;67;135;15;53;41;17;21;28;11;13;24;51;51;46;21;20;27;66;Salta;66028;Capital;660282207;;455;165;-24,782016;-65,417216;0,07836552
660281509;249;14;175;0;6;1;1;3;1;7;0;77;71;7;236;23;134;87;28;131;1;41;111;193;25;57;70;25;51;35;18;24;30;66;66;68;48;30;37;66;Salta;66028;Capital;660281509;;671;249;-24,782772;-65,430712;0,114933347
660282308;278;3;233;1;1;0;2;6;2;2;2;51;53;5;264;5;99;148;31;154;2;15;114;259;38;107;71;38;29;25;7;8;22;149;149;73;31;15;10;66;Salta;66028;Capital;660282308;;503;278;-24,782974;-65,405042;0,106332148
660281606;377;9;278;0;12;2;9;13;9;38;6;93;151;37;349;37;225;83;69;187;6;67;160;299;52;87;121;41;72;65;33;30;30;106;106;97;73;54;47;66;Salta;66028;Capital;660281606;;998;377;-24,78595;-65,435673;0,146767674
660282209;253;11;195;0;6;4;2;5;2;1;0;65;68;5;234;14;113;104;36;132;2;29;106;216;27;83;73;35;40;28;13;15;25;97;97;74;43;18;21;66;Salta;66028;Capital;660282209;;566;253;-24,783021;-65,421462;0,073379688
660280206;215;35;104;1;23;7;52;7;52;145;75;154;132;91;186;158;158;24;33;104;13;84;79;100;13;8;55;11;87;31;22;23;14;27;27;30;49;41;68;66;Salta;66028;Capital;660280206;;767;215;-24,784674;-65,359112;0,258645228
660281714;296;37;138;0;42;19;6;0;6;13;0;159;170;83;263;84;271;8;17;171;8;150;72;91;12;7;50;17;79;60;48;45;15;32;32;42;53;54;115;66;Salta;66028;Capital;660281714;;1196;296;-24,785418;-65,455537;0,119465891
660282105;177;5;145;0;6;1;1;3;1;8;2;27;38;10;165;16;103;57;17;76;2;12;80;150;25;45;62;31;35;20;6;13;15;57;57;55;31;16;18;66;Salta;66028;Capital;660282105;;433;177;-24,784607;-65,423706;0,053488295
660282603;238;12;188;3;9;5;10;24;10;11;10;47;67;24;225;19;187;23;28;124;1;24;96;204;15;93;79;33;41;38;15;14;22;75;74;65;39;30;30;66;Salta;66028;Capital;660282603;;613;238;-24,784879;-65,401459;0,107474841
660284902;76;4;47;0;7;2;15;16;15;66;28;47;35;22;68;35;61;7;8;38;1;17;22;51;9;20;31;8;33;9;8;1;2;15;15;15;16;12;18;66;Salta;66028;Capital;660284902;;237;76;-24,793787;-65,474739;1,530989451
660281803;254;21;124;0;30;11;24;4;24;6;3;170;169;91;237;87;185;34;35;145;14;93;87;123;15;21;52;12;77;48;28;33;23;33;33;44;44;46;87;66;Salta;66028;Capital;660281803;;944;254;-24,785094;-65,448002;0,074388111
660282110;217;32;168;0;6;2;2;2;2;2;0;46;50;2;197;10;97;84;36;120;5;16;88;191;20;83;58;29;29;19;9;12;24;95;95;56;35;16;15;66;Salta;66028;Capital;660282110;;469;217;-24,784234;-65,417217;0,057283985
660282401;242;5;189;1;6;1;0;4;0;2;0;31;36;7;221;7;110;102;30;132;4;27;87;211;32;92;63;36;34;41;7;7;21;96;95;77;43;18;9;66;Salta;66028;Capital;660282401;;503;242;-24,78471;-65,414477;0,093357138
660281510;294;3;221;0;7;1;2;8;2;6;0;57;87;5;273;11;153;107;34;158;4;33;142;253;44;67;102;37;63;49;14;21;24;86;86;85;48;43;32;66;Salta;66028;Capital;660281510;;741;294;-24,784457;-65,429058;0,089094162
660282104;223;6;183;1;2;0;6;10;6;4;2;50;66;21;208;13;115;81;27;108;3;21;87;197;32;78;68;40;29;23;7;14;20;90;90;74;18;25;16;66;Salta;66028;Capital;660282104;;499;223;-24,785266;-65,425611;0,052964051
660282404;245;5;194;2;3;2;2;4;2;3;2;34;49;23;219;7;97;116;32;139;1;15;102;223;25;96;65;28;41;33;7;6;23;107;106;69;43;16;11;66;Salta;66028;Capital;660282404;;501;245;-24,784786;-65,409475;0,082092643
660280207;373;56;122;0;65;20;132;38;132;338;240;297;275;214;325;339;285;38;50;199;14;166;118;136;12;6;68;24;139;68;32;28;23;59;59;62;68;66;118;66;Salta;66028;Capital;660280207;;1298;373;-24,787967;-65,364571;0,593842106
660282405;289;6;227;1;6;2;0;7;0;3;2;58;73;20;275;2;110;149;30;164;4;19;122;267;29;116;90;38;53;42;5;8;30;113;112;87;49;23;18;66;Salta;66028;Capital;660282405;;619;289;-24,785382;-65,406517;0,082629802
660281802;265;27;116;0;40;19;28;3;28;15;4;159;192;118;231;111;210;17;38;150;14;123;85;101;12;4;46;11;78;52;30;47;14;33;33;42;48;42;100;66;Salta;66028;Capital;660281802;;996;265;-24,786601;-65,448826;0,073965965
660282106;257;9;189;0;4;0;2;2;2;2;0;56;64;9;238;8;113;113;31;134;7;26;123;225;23;79;79;29;47;37;11;14;20;99;99;67;39;36;16;66;Salta;66028;Capital;660282106;;582;257;-24,786604;-65,42251;0,077941891
660282406;167;10;144;0;2;2;1;4;1;3;1;41;23;3;160;10;55;82;30;94;1;11;71;148;13;64;49;24;22;22;6;7;11;75;74;41;27;18;7;66;Salta;66028;Capital;660282406;;352;167;-24,785495;-65,404563;0,041461161
660282107;268;3;215;2;7;3;0;9;0;6;0;66;80;1;258;5;91;150;27;140;2;18;128;242;23;91;78;29;47;34;10;10;20;118;118;63;38;26;23;66;Salta;66028;Capital;660282107;;596;268;-24,786671;-65,421122;0,07286281
660282407;154;2;126;1;3;0;1;3;1;3;0;28;30;3;144;3;73;72;9;91;0;8;62;137;18;57;40;16;26;12;1;9;17;73;72;37;26;13;6;66;Salta;66028;Capital;660282407;;309;154;-24,785628;-65,403254;0,038251585
660282109;229;13;186;1;11;5;2;6;2;2;1;44;50;5;214;3;84;123;22;134;4;18;104;208;23;81;63;28;28;37;11;14;17;94;93;62;38;26;10;66;Salta;66028;Capital;660282109;;490;229;-24,78567;-65,41855;0,089322145
660281512;344;22;249;0;5;1;18;5;18;7;3;68;125;45;313;32;228;70;46;179;6;59;147;268;47;74;117;40;79;51;33;21;41;79;79;85;59;62;59;66;Salta;66028;Capital;660281512;;1007;344;-24,786441;-65,432985;0,114792134
660281511;242;19;187;1;6;2;3;4;3;3;0;50;77;13;232;23;130;76;36;129;6;33;94;199;29;76;89;22;57;40;23;21;16;63;62;54;53;41;32;66;Salta;66028;Capital;660281511;;674;242;-24,786294;-65,429675;0,10290918
660284901;110;0;96;0;0;0;1;67;1;95;8;65;9;2;108;31;87;21;2;42;3;3;28;106;12;66;80;11;66;10;5;1;2;15;15;15;18;36;26;66;Salta;66028;Capital;660284901;;377;110;-24,788381;-65,489517;0,484245406
660281801;482;56;198;0;74;29;25;4;25;1;0;323;354;226;415;178;356;41;85;252;17;228;163;194;18;13;110;20;156;94;60;69;32;51;51;68;101;112;150;66;Salta;66028;Capital;660281801;;1795;482;-24,787923;-65,450401;0,161438865
660282402;257;4;206;2;2;0;0;2;0;3;2;37;66;8;244;4;80;156;21;148;3;18;120;235;19;96;65;39;26;34;10;8;28;112;112;77;33;21;14;66;Salta;66028;Capital;660282402;;529;257;-24,785975;-65,413371;0,072142563
660282403;193;12;172;0;1;0;1;3;1;2;1;37;52;3;188;6;68;108;17;120;5;11;81;174;27;66;56;17;34;34;8;9;20;71;71;50;34;25;13;66;Salta;66028;Capital;660282403;;453;193;-24,786427;-65,410372;0,095257763
660281712;397;51;160;1;64;23;42;8;42;29;14;276;304;165;361;151;336;24;37;234;14;209;124;146;15;7;69;8;140;75;53;52;24;45;44;37;63;78;175;66;Salta;66028;Capital;660281712;;1642;397;-24,788336;-65,458369;0,149735153
660281716;280;38;115;0;46;18;18;5;18;14;0;170;180;105;246;121;232;12;36;148;5;112;107;133;19;7;73;8;108;51;44;33;19;17;17;44;40;67;112;66;Salta;66028;Capital;660281716;;1173;280;-24,789496;-65,453512;0,246891869
660281806;356;39;170;0;45;16;54;7;54;30;17;212;231;149;321;204;250;38;68;206;18;150;123;155;25;7;75;11;116;75;39;51;27;37;37;59;71;66;123;66;Salta;66028;Capital;660281806;;1354;356;-24,787305;-65,444836;0,096607089
660282102;205;8;156;4;3;2;3;6;3;7;1;30;60;6;191;5;78;110;17;121;1;19;88;178;26;64;51;21;30;23;11;10;21;89;85;60;28;18;14;66;Salta;66028;Capital;660282102;;447;205;-24,787255;-65,427189;0,057983975
661470306;131;19;47;0;11;3;40;71;40;124;53;108;76;52;98;105;76;7;48;44;1;41;29;64;11;24;31;16;27;14;15;13;16;30;30;39;15;17;30;66;Salta;66147;Rosario de Lerma;661470306;;407;131;-24,844656;-65,636989;95,40749998
660282103;307;8;234;0;7;3;2;8;2;1;0;34;62;5;289;3;136;135;36;171;3;28;126;271;43;102;98;38;72;39;10;12;21;115;115;78;52;47;15;66;Salta;66028;Capital;660282103;;691;307;-24,787584;-65,424715;0,081125434
660280106;400;6;369;6;4;1;2;70;2;73;6;142;33;12;390;18;317;63;20;149;5;12;103;377;16;258;292;39;254;43;14;5;3;42;42;54;58;115;131;66;Salta;66028;Capital;660280106;;1485;400;-24,793907;-65,498497;1,244826389
660282703;387;41;174;0;42;11;57;19;57;25;12;254;277;93;330;219;239;76;72;196;6;147;141;173;23;9;85;26;107;56;46;45;33;74;74;80;59;62;112;66;Salta;66028;Capital;660282703;;1301;387;-24,790446;-65,368532;0,279419817
660282108;204;13;154;0;4;0;1;6;1;4;0;36;37;3;187;8;94;82;28;118;2;18;94;181;24;63;54;26;31;29;6;6;17;89;89;58;27;16;14;66;Salta;66028;Capital;660282108;;426;204;-24,787979;-65,418415;0,121918253
660282410;138;6;110;0;1;0;0;3;0;2;2;24;33;1;128;4;49;76;13;93;2;6;59;130;9;62;24;14;16;19;2;7;14;66;66;36;28;4;4;66;Salta;66028;Capital;660282410;;258;138;-24,78837;-65,407472;0,050388314
660282605;181;6;140;2;1;0;12;4;12;6;3;40;33;17;157;19;133;27;21;96;2;15;73;159;18;68;64;26;40;28;7;4;14;62;61;48;28;27;17;66;Salta;66028;Capital;660282605;;440;181;-24,788556;-65,400777;0,104083544
660282412;259;11;208;2;5;1;7;7;7;6;1;59;89;5;240;12;103;120;36;162;6;28;116;225;31;78;81;31;43;42;16;9;18;100;98;74;34;27;26;66;Salta;66028;Capital;660282412;;600;259;-24,788291;-65,414342;0,11528881
660282409;169;8;133;0;4;2;4;5;4;6;3;27;26;8;154;5;76;82;11;82;7;10;71;155;18;66;49;22;22;14;10;8;20;73;73;48;23;16;9;66;Salta;66028;Capital;660282409;;368;169;-24,788487;-65,406133;0,048787339
660282408;174;17;131;0;3;1;0;4;0;4;3;56;59;6;167;13;71;82;21;92;3;23;77;144;17;50;44;17;23;22;9;13;17;73;73;39;27;23;12;66;Salta;66028;Capital;660282408;;388;174;-24,788593;-65,403763;0,125579486
660281713;448;55;170;0;89;33;42;6;42;24;7;338;351;277;382;226;359;21;68;266;15;238;131;157;21;5;88;21;123;91;74;70;33;36;36;57;65;78;212;66;Salta;66028;Capital;660281713;;1927;448;-24,791865;-65,4566;0,183654635
661470310;6;3;0;0;0;0;6;6;6;3;3;6;6;6;0;6;4;0;2;4;0;2;0;1;1;0;1;0;0;1;2;0;2;1;1;2;1;0;2;66;Salta;66147;Rosario de Lerma;661470310;;19;6;-24,859446;-65,834189;97,1352286
660282101;194;4;155;0;1;1;2;4;2;3;2;35;28;2;188;3;53;122;19;97;4;15;94;169;17;58;58;23;36;28;8;6;11;82;82;45;34;22;11;66;Salta;66028;Capital;660282101;;424;194;-24,787992;-65,428943;0,041962888
660281807;307;39;131;1;44;13;46;6;46;23;15;191;211;92;263;142;236;37;34;173;18;138;102;131;15;14;43;17;75;57;33;46;32;47;47;56;56;54;94;66;Salta;66028;Capital;660281807;;1127;307;-24,789576;-65,442232;0,09093178
660282702;310;27;181;0;25;8;8;2;8;20;6;147;158;65;279;139;214;65;31;151;13;104;134;163;25;4;83;28;84;51;40;21;20;66;66;67;50;53;74;66;Salta;66028;Capital;660282702;;997;310;-24,789943;-65,372286;0,165822611
660281709;286;32;109;0;40;15;16;4;16;9;1;189;237;135;250;120;233;18;35;176;12;148;72;82;9;1;42;14;54;67;41;51;33;26;26;58;57;38;107;66;Salta;66028;Capital;660281709;;1105;286;-24,789631;-65,461655;0,092952098
660281808;243;42;120;0;40;12;13;3;13;3;1;127;165;71;213;123;155;52;36;135;19;102;72;109;29;8;51;16;70;44;27;31;27;28;28;41;51;39;84;66;Salta;66028;Capital;660281808;;924;243;-24,790488;-65,443692;0,137431624
660282411;136;7;99;0;7;3;7;4;7;8;5;28;35;14;127;15;51;61;24;90;2;20;47;112;16;49;33;20;23;17;2;9;10;55;55;37;23;13;8;66;Salta;66028;Capital;660282411;;291;136;-24,788697;-65,410189;0,101630105
660281903;213;8;124;0;13;3;7;2;7;5;1;83;123;46;191;57;141;40;32;106;4;59;95;144;25;24;60;15;46;24;27;16;26;59;59;44;35;33;42;66;Salta;66028;Capital;660281903;;629;213;-24,790692;-65,437464;0,082660644
660281901;351;14;230;0;8;3;2;13;2;10;0;88;148;13;320;39;197;108;46;200;6;78;142;259;41;76;97;35;68;72;28;33;29;86;86;101;63;52;49;66;Salta;66028;Capital;660281901;;953;351;-24,788772;-65,434668;0,079453076
660282001;449;56;331;0;22;5;10;5;10;4;2;128;168;21;397;52;207;166;76;235;10;96;184;324;47;93;141;44;95;64;38;28;57;123;123;116;88;58;64;66;Salta;66028;Capital;660282001;;1229;449;-24,790447;-65,429787;0,168584177
660281809;211;14;101;0;32;6;21;11;21;22;9;121;140;76;177;178;139;35;37;86;15;87;80;96;12;4;50;13;63;34;28;15;18;40;40;34;32;37;68;66;Salta;66028;Capital;660281809;;735;211;-24,791514;-65,445243;0,099294277
660282003;225;7;157;1;7;1;0;7;0;4;0;56;73;10;206;31;88;110;27;118;0;26;99;182;26;57;64;24;40;31;16;19;24;71;70;58;40;27;30;66;Salta;66028;Capital;660282003;;585;225;-24,79024;-65,425064;0,093962599
660281904;326;12;217;1;15;6;3;5;3;9;2;73;112;18;297;30;179;77;70;181;5;64;162;248;38;48;79;20;65;60;23;39;30;89;88;67;82;36;53;66;Salta;66028;Capital;660281904;;898;326;-24,792281;-65,433386;0,14276949
660282004;201;13;147;1;3;2;2;6;2;1;0;34;46;3;191;9;67;117;17;109;3;18;91;177;19;67;49;24;27;34;3;7;13;93;93;58;30;12;8;66;Salta;66028;Capital;660282004;;393;201;-24,78965;-65,421988;0,041515674
660281810;304;46;106;0;62;32;51;37;51;69;32;175;199;139;271;214;218;42;44;170;15;122;123;149;16;10;64;8;123;66;25;31;15;36;36;40;61;60;107;66;Salta;66028;Capital;660281810;;1136;304;-24,791521;-65,447967;0,148384114
660281902;245;8;157;1;8;1;5;3;5;5;0;101;98;21;221;39;144;45;56;127;9;57;121;175;38;16;70;15;57;34;26;31;31;51;51;52;50;41;51;66;Salta;66028;Capital;660281902;;765;245;-24,789902;-65,435972;0,073564754
660282006;178;20;130;1;7;2;4;7;4;2;0;36;59;12;163;8;76;82;20;91;3;31;80;143;14;49;56;26;32;27;6;10;21;56;55;55;26;21;21;66;Salta;66028;Capital;660282006;;448;178;-24,790863;-65,419987;0,051482878
660282007;365;23;277;0;12;4;4;6;4;10;5;81;152;15;343;26;141;178;46;217;10;47;174;304;44;86;100;41;54;55;30;25;31;129;128;99;53;43;42;66;Salta;66028;Capital;660282007;;921;365;-24,791992;-65,417876;0,148625524
660282501;218;30;155;0;17;4;3;17;3;10;5;56;89;8;209;11;57;134;27;129;10;28;112;174;16;46;57;19;34;37;16;18;23;71;70;55;40;27;26;66;Salta;66028;Capital;660282501;;551;218;-24,791348;-65,415293;0,113434795
660282502;141;11;104;0;6;1;1;3;1;0;0;46;55;27;129;6;40;89;12;77;3;13;76;121;14;31;42;11;23;26;15;7;7;52;51;28;26;16;20;66;Salta;66028;Capital;660282502;;355;141;-24,791537;-65,412568;0,11184621
660282509;145;4;114;3;1;0;1;3;1;0;0;21;31;4;138;5;50;78;17;90;2;16;73;127;12;42;33;18;16;16;4;3;15;73;71;41;17;11;5;66;Salta;66028;Capital;660282509;;276;145;-24,791055;-65,409395;0,101922418
660282608;204;2;156;0;3;1;3;4;3;10;2;18;49;7;191;15;146;30;28;109;3;22;76;167;31;60;80;35;42;28;17;18;16;48;48;60;46;25;25;66;Salta;66028;Capital;660282608;;544;204;-24,793512;-65,394505;0,305131855
660282002;203;8;160;0;4;1;1;3;1;6;0;39;60;5;194;22;98;76;29;113;0;29;101;170;29;40;56;22;38;36;7;20;21;59;59;56;40;22;26;66;Salta;66028;Capital;660282002;;517;203;-24,791228;-65,426431;0,078083068
660281811;311;27;174;0;29;6;28;6;28;3;3;122;199;69;278;124;221;43;47;142;3;112;121;163;24;18;100;27;106;51;36;37;22;32;32;61;68;68;82;66;Salta;66028;Capital;660281811;;1082;311;-24,792944;-65,450816;0,127630194
660282606;246;30;173;1;14;5;21;23;21;7;3;52;84;10;220;20;130;74;42;127;7;36;101;185;23;61;69;30;45;33;10;23;28;77;76;60;51;30;29;66;Salta;66028;Capital;660282606;;631;246;-24,792678;-65,399659;0,185904695
660282510;177;16;134;2;2;1;1;1;1;1;1;33;44;5;165;8;79;81;17;113;2;14;79;156;24;53;52;22;28;35;7;10;17;58;57;61;26;22;11;66;Salta;66028;Capital;660282510;;402;177;-24,792008;-65,406412;0,056632036
660282005;256;12;170;0;7;1;8;0;8;2;0;105;115;44;226;47;146;70;40;144;4;41;118;203;29;56;83;26;51;37;21;21;40;60;59;72;51;30;44;66;Salta;66028;Capital;660282005;;722;256;-24,791508;-65,422295;0,077954607
660282512;221;16;159;0;4;2;8;10;8;9;3;52;73;16;203;23;105;93;23;128;5;28;93;179;28;58;68;20;49;32;9;17;28;66;65;59;54;27;16;66;Salta;66028;Capital;660282512;;543;221;-24,792317;-65,403016;0,124175997
660282511;135;5;100;0;5;1;1;2;1;1;1;34;28;3;124;5;65;51;19;72;0;24;52;107;16;39;36;10;19;25;11;9;12;49;49;30;26;14;16;66;Salta;66028;Capital;660282511;;340;135;-24,792066;-65,405107;0,054894103
660282816;263;34;130;0;20;4;47;51;47;109;67;171;161;77;230;180;175;37;51;124;11;104;92;126;25;9;58;20;66;41;30;27;26;53;53;53;43;49;65;66;Salta;66028;Capital;660282816;;849;263;-24,796234;-65,365086;0,422242232
660281711;313;40;122;0;50;20;22;9;22;13;7;230;244;158;262;131;234;40;39;174;14;173;92;99;5;2;53;17;86;52;39;47;27;45;45;48;48;53;119;66;Salta;66028;Capital;660281711;;1219;313;-24,792056;-65,459916;0,102064667
660281710;256;35;77;0;59;19;21;2;21;6;1;143;181;108;223;102;203;13;40;166;12;132;70;82;9;3;32;8;63;56;34;51;27;17;17;42;42;37;118;66;Salta;66028;Capital;660281710;;1064;256;-24,792097;-65,462765;0,056778385
660282817;297;27;157;0;31;8;36;17;36;31;17;196;166;92;251;132;205;41;51;143;11;111;109;146;20;17;73;25;90;36;42;43;20;41;41;49;57;56;94;66;Salta;66028;Capital;660282817;;1082;297;-24,794842;-65,360565;0,265466467
660284903;539;103;140;0;110;51;201;18;201;486;317;464;430;305;455;516;429;24;86;297;19;279;144;176;23;9;109;26;194;108;55;45;35;76;76;93;104;93;173;66;Salta;66028;Capital;660284903;;1976;539;-24,801253;-65,458771;0,707056349
660282508;220;36;143;3;6;4;5;3;5;4;1;65;58;9;202;16;73;128;19;128;2;36;94;173;28;51;54;26;30;35;11;7;31;80;78;71;33;21;17;66;Salta;66028;Capital;660282508;;500;220;-24,792846;-65,408863;0,080377438
660281908;285;31;159;0;20;5;7;3;7;7;0;116;117;39;237;66;156;68;61;138;9;86;126;167;28;13;59;30;42;48;47;37;21;60;60;66;38;38;83;66;Salta;66028;Capital;660281908;;936;285;-24,793403;-65,440011;0,153687774
660281907;227;4;143;0;7;1;5;11;5;1;0;23;105;14;197;13;150;43;34;136;2;61;107;158;28;23;62;18;58;28;15;26;23;59;59;48;59;25;36;66;Salta;66028;Capital;660281907;;632;227;-24,793203;-65,435992;0,063256642
660282012;216;20;156;0;12;3;5;1;5;5;1;68;99;10;191;29;122;57;37;116;4;40;96;167;24;47;80;28;52;28;21;24;25;38;38;55;48;30;45;66;Salta;66028;Capital;660282012;;665;216;-24,79347;-65,430764;0,077244361
660282008;245;34;157;0;20;5;1;0;1;11;1;104;106;15;231;39;103;89;53;146;2;47;112;182;30;40;62;17;36;31;27;19;26;89;89;49;43;29;35;66;Salta;66028;Capital;660282008;;642;245;-24,793946;-65,419856;0,088527092
660282705;310;39;173;0;30;9;15;5;15;12;4;173;151;67;280;101;202;62;46;173;15;113;119;162;27;16;74;23;84;63;31;37;24;48;48;70;60;51;81;66;Salta;66028;Capital;660282705;;1042;310;-24,794866;-65,372591;0,167842193
660282011;246;11;154;0;13;1;2;5;2;9;1;82;99;20;217;52;149;54;43;120;4;63;114;170;30;26;77;29;57;26;27;35;29;43;43;65;39;38;61;66;Salta;66028;Capital;660282011;;802;246;-24,793655;-65,428019;0,078184486
660282704;286;41;134;0;30;11;37;7;37;29;17;193;185;107;248;137;206;34;46;154;5;124;84;108;12;12;55;15;78;38;37;47;29;42;42;57;34;47;106;66;Salta;66028;Capital;660282704;;1077;286;-24,794629;-65,368731;0,165959871
660281816;282;34;75;0;51;23;43;1;43;7;2;194;219;154;223;115;231;15;36;170;14;129;69;86;17;0;35;9;76;61;40;47;28;21;21;37;53;45;126;66;Salta;66028;Capital;660281816;;1148;282;-24,794536;-65,444633;0,09776482
660282009;202;16;143;0;2;0;3;3;3;1;0;69;82;12;183;26;104;72;26;105;4;47;90;147;28;29;51;20;29;36;12;12;24;69;68;61;24;24;25;66;Salta;66028;Capital;660282009;;500;202;-24,793302;-65,423828;0,077947094
660281815;448;76;165;0;95;42;109;15;109;104;71;307;348;203;401;304;380;13;55;286;12;213;151;180;27;2;58;13;137;107;49;70;32;40;40;58;66;97;187;66;Salta;66028;Capital;660281815;;1827;448;-24,79531;-65,448139;0,171451237
660281717;367;42;136;0;56;24;25;3;25;8;4;209;215;119;314;127;278;22;67;200;19;179;111;134;17;6;56;12;95;60;64;66;35;35;35;47;59;63;163;66;Salta;66028;Capital;660281717;;1506;367;-24,793919;-65,453594;0,09315529
660282504;235;12;164;1;6;0;8;8;8;7;2;70;79;11;214;32;110;96;29;131;13;38;101;188;38;49;59;19;35;31;15;21;33;81;79;58;44;24;30;66;Salta;66028;Capital;660282504;;593;235;-24,795738;-65,41575;0,15839149
660282503;236;16;169;0;5;1;8;7;8;4;2;61;67;18;216;17;67;144;25;120;3;29;115;200;34;51;65;17;57;36;12;10;26;78;77;57;54;25;23;66;Salta;66028;Capital;660282503;;582;236;-24,794749;-65,412203;0,119332798
660281909;323;34;165;0;27;8;12;7;12;1;0;156;152;43;278;99;192;67;64;171;12;113;142;177;21;14;67;18;69;43;40;46;41;66;66;59;61;45;92;66;Salta;66028;Capital;660281909;;1059;323;-24,796052;-65,442659;0,128412678
660282010;275;52;182;0;24;7;0;9;0;2;0;132;133;59;232;65;108;106;61;146;7;68;141;187;21;25;69;33;51;41;25;27;30;68;68;69;52;39;47;66;Salta;66028;Capital;660282010;;765;275;-24,794558;-65,423943;0,078079914
660282506;273;27;199;1;10;3;2;7;2;4;1;55;92;12;255;35;114;131;28;151;5;43;138;217;25;54;70;25;50;53;9;14;25;97;97;71;46;38;21;66;Salta;66028;Capital;660282506;;639;273;-24,796286;-65,409523;0,077068407
660282507;186;8;142;0;5;1;2;5;2;3;0;55;60;8;174;21;100;51;35;84;1;25;76;147;23;48;61;17;44;30;13;7;23;52;52;52;31;31;20;66;Salta;66028;Capital;660282507;;481;186;-24,796342;-65,408112;0,079694561
660282513;187;9;122;0;7;2;4;6;4;9;3;60;56;14;161;24;109;49;29;104;3;36;82;145;27;36;55;11;42;22;14;23;18;57;57;32;36;33;29;66;Salta;66028;Capital;660282513;;528;187;-24,795471;-65,404968;0,168023293
660282607;205;6;172;0;3;1;3;9;3;0;0;43;81;12;187;0;50;94;61;99;5;17;97;176;34;45;67;33;38;30;11;6;19;68;68;72;34;23;8;66;Salta;66028;Capital;660282607;;450;205;-24,795194;-65,397309;0,038868129
660281906;369;34;220;0;32;13;13;2;13;7;1;158;212;71;321;113;230;71;68;187;5;139;134;187;30;23;75;23;80;51;46;57;37;75;75;63;54;64;113;66;Salta;66028;Capital;660281906;;1290;369;-24,79551;-65,437158;0,108962931
660282706;365;36;190;1;18;7;10;7;10;17;5;223;179;74;328;148;228;90;47;179;15;123;138;201;38;25;106;30;102;66;30;28;26;83;82;80;60;71;72;66;Salta;66028;Capital;660282706;;1109;365;-24,796348;-65,376838;0,206257325
660282515;251;17;186;2;6;1;4;2;4;2;1;69;89;7;232;15;153;65;33;122;7;41;101;199;35;63;75;22;42;33;26;32;30;66;66;55;49;48;33;66;Salta;66028;Capital;660282515;;705;251;-24,796668;-65,400993;0,177833245
660281905;290;22;160;0;24;5;9;5;9;3;0;117;142;30;251;77;151;59;80;155;6;88;126;183;39;18;86;17;74;51;36;36;24;52;52;56;54;49;79;66;Salta;66028;Capital;660281905;;979;290;-24,795709;-65,433724;0,072873249
660283201;394;36;244;0;14;5;5;4;5;6;2;172;195;38;346;79;225;99;70;214;8;129;159;249;60;30;81;39;60;67;47;48;47;86;86;98;66;50;94;66;Salta;66028;Capital;660283201;;1257;394;-24,795636;-65,426773;0,156695261
660281910;254;28;142;0;21;6;14;4;14;4;3;120;140;42;220;79;146;49;59;129;8;96;89;127;28;10;55;6;63;45;31;40;24;45;45;38;46;45;80;66;Salta;66028;Capital;660281910;;923;254;-24,796805;-65,440148;0,081109446
660281812;400;41;164;0;75;22;83;16;83;50;39;287;298;241;354;287;320;18;62;229;24;196;113;141;21;7;54;14;117;85;55;55;35;39;39;57;77;76;151;66;Salta;66028;Capital;660281812;;1557;400;-24,798275;-65,452838;0,25565434
660283202;196;37;108;0;18;7;4;2;4;7;1;82;84;21;178;25;106;57;33;108;1;61;93;125;18;14;45;9;43;33;16;20;23;52;52;31;44;35;34;66;Salta;66028;Capital;660283202;;585;196;-24,796119;-65,419234;0,059220787
660282609;205;10;146;1;3;0;5;5;5;3;0;31;48;13;193;7;120;62;23;112;1;24;98;167;18;51;67;23;43;31;14;10;25;59;59;59;33;32;22;66;Salta;66028;Capital;660282609;;518;205;-24,796542;-65,394206;0,103167674
660282610;281;19;209;0;17;7;6;6;6;5;5;40;91;13;258;22;176;48;57;146;2;55;131;208;34;43;92;25;62;47;31;32;30;54;54;73;48;37;69;66;Salta;66028;Capital;660282610;;880;281;-24,800309;-65,393348;0,351481463
660281916;296;28;179;0;29;6;16;10;16;4;0;104;166;51;267;81;160;75;61;155;3;91;116;189;49;24;75;21;65;49;31;44;25;61;61;58;68;53;56;66;Salta;66028;Capital;660281916;;915;296;-24,797684;-65,430309;0,084237925
660282505;194;14;141;0;2;1;3;3;3;3;1;72;68;6;178;14;82;88;24;103;10;23;92;161;22;47;46;18;29;28;11;11;24;73;73;59;22;20;20;66;Salta;66028;Capital;660282505;;447;194;-24,797284;-65,412427;0,118852679
660283205;277;30;189;0;28;11;14;11;14;11;4;110;138;44;257;65;154;64;59;127;7;104;110;156;32;14;74;26;54;32;45;43;31;46;46;59;49;47;76;66;Salta;66028;Capital;660283205;;972;277;-24,797149;-65,427664;0,077704588
660283204;188;21;102;0;14;9;13;4;13;10;1;91;97;47;166;45;105;42;41;98;6;72;66;101;20;15;45;10;38;34;27;22;25;32;32;38;41;28;49;66;Salta;66028;Capital;660283204;;632;188;-24,797148;-65,423257;0,058699561
660281814;296;22;162;0;30;9;13;8;13;9;3;131;168;57;259;89;183;50;63;146;13;117;102;140;27;11;59;24;54;40;47;56;26;49;49;44;61;44;98;66;Salta;66028;Capital;660281814;;1092;296;-24,79854;-65,447235;0,127120332
660281913;288;28;145;0;23;10;11;6;11;10;3;167;166;62;242;87;169;46;73;149;4;114;107;150;31;12;57;17;61;38;34;36;42;60;60;67;43;39;79;66;Salta;66028;Capital;660281913;;940;288;-24,798251;-65,436397;0,082422217
660284905;90;13;45;0;11;2;21;58;21;69;33;58;51;36;78;71;63;11;16;30;2;31;38;50;6;6;34;13;38;10;6;4;2;17;17;19;20;14;20;66;Salta;66028;Capital;660284905;;276;90;-24,807302;-65,473569;0,700364407
660281911;408;35;226;0;31;10;11;11;11;9;1;220;211;79;342;121;260;73;75;213;8;160;146;202;42;14;92;27;95;60;52;54;55;65;65;76;80;68;119;66;Salta;66028;Capital;660281911;;1428;408;-24,798949;-65,442885;0,12628427
660283203;236;41;139;0;14;4;3;4;3;9;2;72;117;26;216;71;107;86;43;116;4;58;109;159;28;22;45;18;37;28;22;24;30;77;77;48;41;23;47;66;Salta;66028;Capital;660283203;;651;236;-24,797587;-65,41938;0,071025008
660282514;174;8;124;0;3;0;0;6;0;17;1;29;68;6;168;19;87;70;17;101;3;24;74;144;29;41;59;19;40;29;15;15;16;40;40;48;43;27;16;66;Salta;66028;Capital;660282514;;463;174;-24,797969;-65,405166;0,093500482
660281914;363;40;218;0;34;12;12;9;12;9;0;153;201;40;306;81;222;76;65;189;13;116;156;194;25;13;82;26;78;52;46;49;33;79;79;75;61;47;101;66;Salta;66028;Capital;660281914;;1204;363;-24,798578;-65,433901;0,108014191
660282815;324;44;157;0;32;11;22;8;22;29;13;182;170;70;288;153;205;64;55;166;10;139;108;137;20;9;70;23;86;51;34;41;27;62;62;56;57;64;85;66;Salta;66028;Capital;660282815;;1110;324;-24,79864;-65,373476;0,134911288
660284904;201;11;145;1;12;3;19;52;19;83;16;126;61;38;189;73;166;15;20;93;6;31;63;160;12;85;109;16;102;30;7;11;0;35;35;32;36;61;37;66;Salta;66028;Capital;660284904;;650;201;-24,805114;-65,464027;1,725374086
660282814;400;67;166;1;75;30;112;36;112;209;112;276;274;201;334;380;255;61;84;193;16;202;98;124;16;10;78;26;130;66;51;41;32;54;54;66;75;78;127;66;Salta;66028;Capital;660282814;;1488;400;-24,801638;-65,372451;0,320222177
660282611;228;12;165;0;4;0;1;7;1;3;1;39;64;6;214;17;133;63;32;116;1;30;109;190;35;46;75;25;44;34;9;18;17;81;81;58;48;18;23;66;Salta;66028;Capital;660282611;;534;228;-24,801585;-65,396204;0,241538658
660281912;288;23;148;1;22;7;24;2;24;4;2;121;163;64;238;88;162;64;62;152;11;106;113;153;26;14;61;16;71;40;33;34;43;51;51;61;58;51;67;66;Salta;66028;Capital;660281912;;942;288;-24,798973;-65,438686;0,091204743
660281915;294;21;186;0;17;4;13;11;13;13;3;127;128;44;254;61;163;66;65;156;5;102;118;168;30;20;82;28;55;40;48;33;34;56;56;63;55;38;82;66;Salta;66028;Capital;660281915;;992;294;-24,798959;-65,431498;0,081090819
660283206;290;18;163;0;15;6;8;5;8;3;2;99;153;37;248;89;158;65;67;146;8;94;118;174;30;26;76;23;61;50;32;36;25;63;63;63;53;47;64;66;Salta;66028;Capital;660283206;;927;290;-24,798725;-65,426832;0,079553619
660283209;182;15;113;0;14;2;12;6;12;6;0;81;83;22;165;43;112;37;33;100;10;60;76;108;18;14;48;15;41;27;22;17;20;40;40;36;32;28;46;66;Salta;66028;Capital;660283209;;580;182;-24,798416;-65,423204;0,056392029
660282801;389;60;177;0;56;20;63;5;63;28;17;225;255;106;329;195;249;66;74;205;7;179;127;163;22;14;80;18;126;58;37;53;34;63;63;57;77;91;101;66;Salta;66028;Capital;660282801;;1333;389;-24,804326;-65,385401;0,927594992
660281813;452;40;211;0;60;19;51;3;51;33;22;310;300;194;402;212;313;51;88;240;9;210;147;186;25;14;88;16;115;74;60;73;46;68;68;63;66;68;187;66;Salta;66028;Capital;660281813;;1780;452;-24,800752;-65,450182;0,176659025
660282516;224;15;152;1;5;1;5;7;5;10;2;71;95;11;201;37;110;67;47;129;6;44;111;166;21;34;52;20;30;41;11;30;28;64;64;71;36;29;24;66;Salta;66028;Capital;660282516;;564;224;-24,798722;-65,399984;0,062059641
660283212;278;18;184;0;18;4;4;5;4;3;0;78;120;24;253;51;142;90;46;133;5;84;114;180;34;32;60;15;41;33;37;33;41;78;78;52;47;42;59;66;Salta;66028;Capital;660283212;;830;278;-24,800301;-65,417619;0,141016748
660283101;312;34;209;0;12;6;18;7;18;3;0;59;110;9;285;18;122;154;36;181;1;47;157;257;43;57;79;30;51;48;16;32;29;106;106;77;49;36;44;66;Salta;66028;Capital;660283101;;804;312;-24,799768;-65,414031;0,125242752
660282803;308;26;144;0;40;17;24;4;24;21;9;205;202;65;261;143;188;58;62;152;12;132;99;131;24;8;58;19;88;47;31;39;27;57;57;50;52;64;85;66;Salta;66028;Capital;660282803;;1074;308;-24,80082;-65,376368;0,130518508
660283210;189;7;112;0;16;4;3;3;3;11;0;56;66;9;167;36;111;44;34;102;6;59;84;119;17;18;40;14;38;37;20;19;22;39;39;45;42;31;32;66;Salta;66028;Capital;660283210;;577;189;-24,800325;-65,420957;0,060645641
660283102;326;38;210;0;19;2;7;4;7;1;0;107;139;14;294;59;164;105;57;150;10;77;161;226;37;28;84;28;59;41;26;40;39;93;93;71;55;50;57;66;Salta;66028;Capital;660283102;;926;326;-24,800062;-65,409801;0,125771393
660283208;238;14;128;0;22;7;7;12;7;6;0;94;127;19;210;55;157;42;39;132;5;72;104;152;27;21;53;15;46;45;26;38;35;33;33;56;46;46;57;66;Salta;66028;Capital;660283208;;808;238;-24,800377;-65,423028;0,074803513
660282901;195;8;146;0;5;1;1;3;1;2;0;57;73;5;179;30;102;61;32;116;2;44;93;144;25;26;39;13;30;24;13;25;30;60;60;44;34;27;30;66;Salta;66028;Capital;660282901;;528;195;-24,799774;-65,405579;0,06949751
660282802;463;47;256;0;62;29;68;15;68;40;21;223;273;131;416;239;354;45;64;246;20;173;178;238;29;31;112;24;141;90;58;63;29;58;58;80;84;89;152;66;Salta;66028;Capital;660282802;;1738;463;-24,800938;-65,383152;0,314423022
660283211;225;10;149;0;12;1;1;4;1;7;0;78;93;26;206;39;137;41;47;111;8;61;104;150;30;16;62;16;46;41;27;27;22;46;46;54;46;26;53;66;Salta;66028;Capital;660283211;;715;225;-24,800842;-65,419655;0,051343433
660282902;237;23;150;0;12;4;16;0;16;7;0;80;106;24;204;31;139;57;41;120;7;62;106;163;34;23;63;22;53;35;23;21;21;62;62;55;46;28;46;66;Salta;66028;Capital;660282902;;699;237;-24,800001;-65,401703;0,060269954
660283207;226;22;127;0;24;9;8;4;8;4;2;75;113;21;204;54;118;59;49;110;3;75;94;139;25;20;64;18;47;30;31;32;19;49;49;39;50;40;48;66;Salta;66028;Capital;660283207;;729;226;-24,801159;-65,424713;0,063516512
660283309;270;20;156;1;23;4;6;7;6;6;0;104;131;40;241;60;144;57;69;138;2;97;108;148;25;15;62;21;55;44;33;44;20;53;52;50;45;50;73;66;Salta;66028;Capital;660283309;;931;270;-24,800528;-65,42839;0,067423314
660282903;305;33;182;0;13;5;10;2;10;3;1;117;123;31;265;58;152;100;53;171;4;82;142;200;35;23;76;33;62;34;24;24;43;85;85;77;54;40;49;66;Salta;66028;Capital;660282903;;818;305;-24,801798;-65,398599;0,084279822
660283302;232;40;122;0;20;9;12;2;12;11;0;134;141;56;199;94;146;46;40;110;13;100;80;103;14;9;58;15;50;35;37;29;22;44;44;44;46;37;61;66;Salta;66028;Capital;660283302;;772;232;-24,801181;-65,44585;0,071656824
660283303;300;29;178;0;31;10;12;1;12;12;4;147;181;67;269;106;207;34;59;151;9;123;99;138;29;10;61;11;70;39;45;56;45;34;34;49;54;51;112;66;Salta;66028;Capital;660283303;;1181;300;-24,801462;-65,442703;0,098463145
660282904;227;23;139;0;12;4;7;3;7;13;1;87;84;16;194;45;123;58;46;119;4;55;98;152;31;23;65;18;51;30;26;32;21;49;49;49;55;28;46;66;Salta;66028;Capital;660282904;;696;227;-24,801364;-65,401337;0,072542209
660283304;291;31;108;0;43;18;47;13;47;36;25;204;204;133;238;190;211;33;47;157;15;138;86;111;20;5;51;15;79;40;38;54;22;43;43;40;59;45;104;66;Salta;66028;Capital;660283304;;1082;291;-24,802176;-65,440125;0,156674782
660283306;346;51;180;0;35;12;5;3;5;7;0;139;136;48;300;98;204;82;60;188;5;124;126;183;39;18;73;18;70;54;48;52;32;72;72;55;67;57;95;66;Salta;66028;Capital;660283306;;1177;346;-24,802642;-65,435987;0,15906013
660282905;188;19;126;0;12;4;1;2;1;3;0;52;86;13;175;28;91;78;19;88;3;35;93;140;17;30;47;19;35;18;17;19;19;61;61;43;28;26;30;66;Salta;66028;Capital;660282905;;514;188;-24,801149;-65,405696;0,058676754
660283308;388;75;179;0;44;19;69;6;69;12;4;193;235;130;299;144;238;73;77;196;11;164;106;162;29;27;61;16;76;65;62;67;44;58;58;66;69;56;139;66;Salta;66028;Capital;660283308;;1494;388;-24,804444;-65,430977;0,286028677
660283106;230;20;154;0;10;2;5;7;5;7;4;100;79;19;214;25;142;55;33;116;1;54;123;164;21;20;60;20;41;33;27;26;35;48;48;58;35;40;49;66;Salta;66028;Capital;660283106;;704;230;-24,80248;-65,414638;0,101292603
660283310;203;26;122;0;27;8;4;5;4;2;0;60;96;15;181;46;107;58;38;108;6;68;77;117;26;14;53;7;49;28;27;29;25;38;38;33;40;36;56;66;Salta;66028;Capital;660283310;;695;203;-24,801879;-65,427071;0,059991182
660283104;293;42;183;0;11;1;10;5;10;6;4;69;100;14;271;40;129;140;24;138;2;61;149;222;33;40;86;22;63;32;27;32;18;99;99;55;56;42;41;66;Salta;66028;Capital;660283104;;788;293;-24,802585;-65,41084;0,086066505
660283307;430;59;241;0;37;13;9;10;9;14;7;182;202;91;389;129;245;99;86;234;14;149;174;242;45;23;93;24;90;75;45;69;50;77;77;84;89;80;100;66;Salta;66028;Capital;660283307;;1421;430;-24,803982;-65,43397;0,160982243
660283305;277;24;121;0;23;4;15;4;15;9;1;88;170;44;226;93;168;56;53;141;6;110;102;132;21;9;51;17;57;57;31;38;28;49;49;64;44;47;73;66;Salta;66028;Capital;660283305;;943;277;-24,803366;-65,438601;0,081588377
660283301;258;34;121;0;40;18;29;2;29;19;4;168;179;121;234;126;159;30;69;133;8;105;106;122;11;5;54;15;64;35;42;40;35;27;27;50;39;46;96;66;Salta;66028;Capital;660283301;;965;258;-24,803035;-65,446071;0,128355694
660282804;274;17;146;0;21;3;24;1;24;14;8;102;138;71;234;109;189;31;54;147;10;103;97;141;31;13;65;26;62;46;40;49;17;34;34;56;52;43;89;66;Salta;66028;Capital;660282804;;992;274;-24,805142;-65,377523;0,135751497
660283103;226;34;160;1;10;6;9;4;9;6;0;72;100;18;206;33;98;86;42;104;3;53;115;156;21;20;55;25;40;22;20;35;19;65;65;49;41;33;38;66;Salta;66028;Capital;660283103;;638;226;-24,803721;-65,409092;0,083200552
660282906;357;82;212;0;20;8;22;5;22;11;1;161;176;36;301;56;164;123;70;179;6;110;144;215;39;32;81;21;59;50;35;36;43;113;112;65;66;49;65;66;Salta;66028;Capital;660282906;;1033;357;-24,802883;-65,406118;0,097415249
660283311;236;10;143;0;16;4;2;5;2;8;0;52;104;18;204;35;153;34;49;119;5;66;110;154;28;16;55;17;46;40;25;27;33;48;48;57;44;42;45;66;Salta;66028;Capital;660283311;;731;236;-24,802949;-65,423773;0,09297638
660282908;304;31;177;0;27;7;5;1;5;5;1;98;163;22;276;62;164;91;49;151;9;86;143;192;29;20;79;31;58;44;39;37;29;66;66;64;57;41;76;66;Salta;66028;Capital;660282908;;1028;304;-24,803486;-65,402313;0,097178165
660283312;203;15;89;0;18;6;9;5;9;3;0;91;108;58;177;66;91;55;57;106;1;70;92;107;9;6;46;18;41;36;21;21;17;49;49;42;34;35;43;66;Salta;66028;Capital;660283312;;619;203;-24,803159;-65,41849;0,053518084
660283105;314;44;187;0;25;9;10;7;10;4;1;115;112;36;270;55;188;79;47;168;5;83;141;214;42;31;85;21;69;50;36;34;33;71;71;59;56;52;76;66;Salta;66028;Capital;660283105;;998;314;-24,804468;-65,412598;0,100868358
660283313;361;14;272;0;7;3;8;7;8;20;11;75;147;23;328;56;231;75;55;186;4;93;162;263;35;66;113;31;86;48;38;43;38;77;77;77;76;63;68;66;Salta;66028;Capital;660283313;;1105;361;-24,804561;-65,422969;0,2118579
660282907;274;45;160;1;23;7;18;5;18;14;1;109;135;32;230;66;140;82;52;140;3;87;113;164;26;25;49;17;50;41;26;29;26;85;85;53;45;45;46;66;Salta;66028;Capital;660282907;;788;274;-24,804647;-65,405688;0,076739471
660283401;271;27;79;0;47;19;62;5;62;29;15;164;220;89;210;171;202;28;41;166;2;146;71;79;4;4;32;17;69;47;27;46;24;41;41;40;43;53;94;66;Salta;66028;Capital;660283401;;1008;271;-24,804895;-65,445821;0,120403987
660282909;311;54;163;0;25;11;19;4;19;4;0;117;149;25;267;93;150;94;67;146;9;112;131;174;25;18;56;25;53;57;30;31;31;84;84;74;54;41;58;66;Salta;66028;Capital;660282909;;905;311;-24,804711;-65,401173;0,076185007
660283107;484;60;316;0;28;10;20;8;20;10;3;196;223;65;437;122;264;143;77;249;5;129;214;324;51;59;121;41;90;68;39;65;54;127;127;120;80;65;92;66;Salta;66028;Capital;660283107;;1427;484;-24,807131;-65,417842;0,351284522
660282910;264;22;150;0;31;9;26;21;26;19;11;126;151;59;215;98;171;57;36;132;9;99;94;136;23;19;57;22;50;39;34;40;18;61;61;44;45;37;77;66;Salta;66028;Capital;660282910;;916;264;-24,804982;-65,39853;0,069154757
660283108;403;23;231;0;27;8;16;3;16;11;3;167;174;81;353;85;235;84;84;202;6;163;163;216;29;24;87;30;88;62;42;54;36;91;91;73;87;53;99;66;Salta;66028;Capital;660283108;;1256;403;-24,806829;-65,413264;0,106020185
660283402;314;33;131;0;48;15;80;56;80;82;56;199;213;82;261;173;227;43;44;170;17;153;104;116;8;4;57;15;89;53;48;47;13;49;48;36;49;64;117;66;Salta;66028;Capital;660283402;;1191;314;-24,806376;-65,449582;0,198369003
660282612;262;18;163;1;15;6;1;7;1;10;0;74;96;47;222;57;155;53;54;130;8;85;117;162;24;21;75;24;58;39;19;38;34;50;49;67;48;39;59;66;Salta;66028;Capital;660282612;;825;262;-24,806727;-65,392982;0,281584864
660283314;357;38;180;1;45;15;46;11;46;33;27;134;195;94;289;131;278;28;51;191;11;163;95;134;20;19;62;25;76;50;54;60;49;43;43;65;57;72;120;66;Salta;66028;Capital;660283314;;1350;357;-24,806254;-65,427365;0,131572005
660282813;397;64;142;0;70;31;174;13;174;268;178;309;303;232;327;377;303;18;76;256;15;169;130;157;23;4;79;25;117;84;56;46;30;39;39;70;79;73;136;66;Salta;66028;Capital;660282813;;1546;397;-24,806544;-65,373326;0,199833039
660280303;214;87;37;0;61;27;202;159;202;170;153;206;200;137;165;204;199;3;12;115;5;86;73;85;9;3;38;12;86;35;10;6;10;55;55;34;48;39;38;66;Salta;66028;Capital;660280303;;631;214;-24,806019;-65,367859;0,14950584
660283404;270;4;185;1;9;2;1;6;1;2;1;29;153;14;246;26;191;40;39;133;2;88;124;172;35;13;88;23;74;39;31;41;21;41;41;56;52;52;69;66;Salta;66028;Capital;660283404;;910;270;-24,806089;-65,441486;0,12073844
660283109;370;40;200;1;34;9;16;5;16;4;3;163;228;39;328;84;202;85;83;189;8;129;156;211;32;23;84;28;65;45;53;52;48;79;79;76;68;48;99;66;Salta;66028;Capital;660283109;;1217;370;-24,806636;-65,40971;0,094565525
660283405;334;18;209;0;26;11;5;7;5;8;3;51;151;23;291;53;220;41;73;172;9;117;133;187;31;23;92;27;72;52;52;48;27;56;56;65;56;56;101;66;Salta;66028;Capital;660283405;;1165;334;-24,80718;-65,438036;0,150123841
660283001;333;28;184;0;27;10;9;7;9;13;2;130;150;38;297;60;181;99;53;194;4;93;149;215;47;19;80;29;60;48;32;41;35;88;88;66;55;53;71;66;Salta;66028;Capital;660283001;;1012;333;-24,806824;-65,406827;0,084326406
660283315;345;48;147;0;59;23;31;15;31;26;16;136;204;113;298;110;251;43;51;183;9;146;119;151;21;11;56;15;76;55;49;79;34;37;37;58;50;63;137;66;Salta;66028;Capital;660283315;;1364;345;-24,807453;-65,424391;0,233981268
660283002;355;55;202;0;18;7;8;7;8;6;0;151;183;50;320;72;181;117;57;177;14;107;167;226;42;17;97;25;74;48;35;42;43;88;88;73;69;51;74;66;Salta;66028;Capital;660283002;;1082;355;-24,806961;-65,403427;0,107469567
661470401;354;37;188;1;40;15;54;160;54;339;111;282;183;123;291;297;251;28;75;128;6;127;109;182;18;55;122;46;128;35;29;25;20;71;70;72;60;55;97;66;Salta;66147;Rosario de Lerma;661470401;;1166;354;-24,846111;-65,569548;42,99130355
660283403;234;16;117;0;21;10;13;5;13;39;15;65;98;32;208;75;147;49;38;118;4;86;92;130;23;15;66;13;73;62;30;17;15;24;24;45;54;47;64;66;Salta;66028;Capital;660283403;;823;234;-24,809119;-65,448835;0,290021792
660283003;385;69;220;0;29;12;5;3;5;5;1;163;187;55;331;83;205;131;49;184;9;131;159;200;25;16;89;37;74;47;52;38;42;95;95;81;66;50;93;66;Salta;66028;Capital;660283003;;1173;385;-24,807137;-65,399242;0,100142543
660282805;362;26;209;0;19;7;16;3;16;12;2;149;198;64;306;85;238;41;83;208;12;147;140;177;29;8;75;20;71;48;45;50;43;85;85;63;62;55;97;66;Salta;66028;Capital;660282805;;1184;362;-24,808227;-65,379883;0,165027269
660282810;344;57;81;0;85;31;192;10;192;217;159;312;298;179;277;332;294;2;48;226;18;171;96;110;13;1;44;15;118;75;27;47;22;40;40;49;63;74;118;66;Salta;66028;Capital;660282810;;1269;344;-24,810843;-65,370824;0,122640249
660283406;347;36;177;0;48;15;46;18;46;76;51;147;215;109;301;134;261;39;47;150;15;152;124;169;20;25;99;25;96;56;55;51;19;45;45;57;62;67;116;66;Salta;66028;Capital;660283406;;1293;347;-24,809165;-65,436431;0,236297094
660283407;366;12;227;0;13;6;3;1;3;9;3;40;150;15;327;24;264;46;56;209;9;105;162;233;46;25;97;25;88;59;45;56;44;49;49;84;64;67;102;66;Salta;66028;Capital;660283407;;1246;366;-24,809048;-65,442395;0,130160041
660283603;311;29;213;0;14;4;2;14;2;28;4;75;133;24;294;44;142;136;33;188;2;33;185;269;43;41;94;20;75;69;16;29;25;77;77;67;70;56;41;66;Salta;66028;Capital;660283603;;875;311;-24,809819;-65,427217;0,215076732
660282811;243;36;76;0;52;22;62;6;62;83;60;200;195;109;199;234;159;23;61;125;14;131;55;62;6;1;31;13;74;46;24;34;22;30;30;51;37;45;80;66;Salta;66028;Capital;660282811;;893;243;-24,810155;-65,373048;0,115793029
660283116;313;24;158;0;28;9;8;3;8;12;2;164;181;49;277;94;171;63;79;172;2;119;129;165;22;14;59;24;63;49;38;52;40;47;47;70;56;43;97;66;Salta;66028;Capital;660283116;;1091;313;-24,809575;-65,41303;0,099828728
660283110;218;18;129;0;15;3;16;1;16;7;1;106;112;37;189;59;116;52;50;111;0;79;83;123;24;16;47;13;58;40;26;19;17;45;45;45;42;31;55;66;Salta;66028;Capital;660283110;;716;218;-24,80938;-65,409425;0,076621249
660283111;225;26;127;0;27;7;15;2;15;2;0;100;89;24;199;67;118;60;47;120;9;96;81;110;17;12;36;13;39;40;25;31;29;48;48;50;37;35;55;66;Salta;66028;Capital;660283111;;750;225;-24,809092;-65,40614;0,083829469
660282812;378;28;198;0;47;19;13;2;13;16;7;104;201;29;338;99;247;51;80;197;9;142;150;209;34;25;104;26;105;59;54;53;28;53;53;64;69;67;125;66;Salta;66028;Capital;660282812;;1414;378;-24,810881;-65,376131;0,162138083
660283004;328;14;213;1;13;4;5;5;5;13;0;68;139;44;307;45;203;63;62;198;5;85;154;224;41;29;94;24;72;56;39;46;28;63;62;64;71;51;80;66;Salta;66028;Capital;660283004;;1059;328;-24,809353;-65,399154;0,118638092
660283701;301;27;163;0;21;8;26;1;26;24;17;150;155;84;241;106;208;43;50;161;11;112;116;145;18;11;55;20;65;57;37;33;29;60;60;66;50;43;82;66;Salta;66028;Capital;660283701;;987;301;-24,81312;-65,394724;0,248633844
660283005;392;35;194;0;24;7;16;6;16;5;1;168;212;72;350;111;247;72;73;188;11;158;139;184;25;20;76;25;81;65;50;60;42;69;69;67;86;56;114;66;Salta;66028;Capital;660283005;;1335;392;-24,81013;-65,402775;0,135690777
660283702;324;54;113;0;85;37;127;3;127;269;130;267;256;185;291;305;273;10;41;220;13;147;122;140;15;3;61;11;121;86;36;32;14;24;24;45;63;68;124;66;Salta;66028;Capital;660283702;;1293;324;-24,812271;-65,391622;0,465681503
660283604;362;41;223;0;26;6;13;15;13;10;2;96;160;38;328;58;219;107;36;201;4;102;153;235;47;35;96;30;97;60;32;35;35;73;73;85;80;56;68;66;Salta;66028;Capital;660283604;;1111;362;-24,812385;-65,424599;0,28107288
660283117;371;56;176;0;42;21;37;20;37;22;13;210;248;97;329;144;219;65;87;191;2;165;126;169;29;14;81;21;67;71;64;50;40;58;58;74;59;67;113;66;Salta;66028;Capital;660283117;;1321;371;-24,810505;-65,416672;0,143184646
660283703;373;36;167;0;39;12;34;5;34;82;50;236;230;105;317;223;258;43;72;192;29;164;124;162;29;9;76;16;99;65;54;49;41;49;49;62;60;65;137;66;Salta;66028;Capital;660283703;;1407;373;-24,81114;-65,387562;0,131884799
660284918;266;33;131;0;30;7;40;2;40;49;20;159;180;98;233;257;202;28;36;129;10;107;97;128;25;6;76;20;101;46;32;27;10;30;30;45;57;46;88;66;Salta;66028;Capital;660284918;;967;266;-24,811763;-65,455104;0,212978426
660283408;312;17;160;0;29;5;18;3;18;12;4;132;188;63;276;88;213;48;51;148;18;129;103;150;35;12;64;25;72;43;52;58;23;39;39;58;66;49;100;66;Salta;66028;Capital;660283408;;1151;312;-24,811336;-65,444097;0,167098549
660283601;380;27;263;0;19;8;4;7;4;10;4;98;150;22;347;99;241;97;42;175;4;92;176;276;42;58;161;28;141;55;31;19;16;90;90;65;72;78;75;66;Salta;66028;Capital;660283601;;1169;380;-24,812158;-65,435532;0,523275341
660283704;397;46;208;0;37;12;14;2;14;5;0;173;217;98;353;145;241;88;68;192;22;173;120;165;29;16;80;19;98;68;58;59;37;58;58;61;83;56;139;66;Salta;66028;Capital;660283704;;1486;397;-24,810858;-65,382716;0,179202877
660282806;219;15;116;0;17;8;10;0;10;12;1;43;113;25;186;33;140;28;51;126;2;89;86;110;15;9;52;16;44;40;34;35;19;31;31;39;52;32;65;66;Salta;66028;Capital;660282806;;778;219;-24,812141;-65,37925;0,125655784
660284915;271;28;127;0;36;9;25;2;25;52;22;166;159;86;243;260;207;38;26;146;15;96;114;150;28;8;73;22;90;49;34;26;16;34;34;57;42;43;95;66;Salta;66028;Capital;660284915;;982;271;-24,812306;-65,45816;0,142230063
660284906;256;58;109;0;53;15;53;9;53;74;37;195;177;136;234;233;213;9;34;150;7;100;103;132;17;12;65;12;83;64;24;18;22;33;33;40;52;47;84;66;Salta;66028;Capital;660284906;;910;256;-24,814283;-65,478323;0,549553014
660284912;424;84;134;0;105;47;107;13;107;119;76;355;340;216;355;411;381;13;30;273;5;165;197;222;22;3;109;14;186;111;31;34;18;30;30;63;68;108;155;66;Salta;66028;Capital;660284912;;1682;424;-24,813655;-65,46369;0,335168682
660283007;247;36;132;0;20;7;3;1;3;2;0;98;114;29;219;48;129;62;56;131;4;105;96;127;18;13;41;15;35;34;29;34;36;64;64;55;36;26;66;66;Salta;66028;Capital;660283007;;774;247;-24,811782;-65,399115;0,119047766
660283409;378;60;157;0;53;15;49;3;49;22;16;238;249;134;316;197;260;41;77;189;10;159;129;156;24;3;63;14;96;64;48;65;30;61;61;51;67;62;137;66;Salta;66028;Capital;660283409;;1412;378;-24,812328;-65,446703;0,141277864
660283705;337;36;162;0;49;14;39;11;39;59;44;218;235;95;290;155;211;45;81;198;31;137;109;151;38;4;53;14;81;49;45;55;40;53;53;49;68;50;117;66;Salta;66028;Capital;660283705;;1253;337;-24,812751;-65,384514;0,124607585
660283115;260;30;127;0;36;14;12;2;12;3;1;168;180;57;225;113;151;49;60;142;5;93;103;130;19;8;58;11;67;46;33;34;30;39;39;44;52;49;76;66;Salta;66028;Capital;660283115;;979;260;-24,811619;-65,41146;0,094981856
660283112;437;64;216;0;39;15;21;6;21;19;0;222;233;60;380;137;254;94;89;205;8;176;174;217;29;14;76;37;93;70;47;62;56;72;72;102;76;78;109;66;Salta;66028;Capital;660283112;;1464;437;-24,811327;-65,407071;0,129584724
660284909;361;78;110;0;130;59;119;5;119;40;19;290;298;240;330;352;332;8;21;233;6;157;159;178;16;3;85;6;162;80;31;40;16;26;26;36;64;89;146;66;Salta;66028;Capital;660284909;;1489;361;-24,811774;-65,471927;0,098527055
660283602;343;11;219;0;11;7;1;5;1;3;0;37;163;14;321;24;211;85;47;181;5;97;154;228;45;29;109;29;93;52;36;39;40;54;53;76;84;58;72;66;Salta;66028;Capital;660283602;;1080;343;-24,812812;-65,429574;0,079528151
660283008;341;43;193;0;19;4;10;6;10;16;3;163;188;49;303;110;179;98;64;168;12;107;151;205;39;15;83;27;84;38;31;44;41;76;76;65;67;53;80;66;Salta;66028;Capital;660283008;;1098;341;-24,813349;-65,397806;0,095996353
660283410;309;22;155;0;27;8;17;6;17;13;2;153;195;88;254;94;193;50;66;153;12;112;115;149;21;13;79;22;96;36;53;33;27;42;42;46;64;56;101;66;Salta;66028;Capital;660283410;;1132;309;-24,812727;-65,450477;0,118392883
660283607;273;35;168;0;19;7;14;7;14;16;4;129;136;39;239;93;162;67;44;122;9;86;115;161;30;16;64;23;65;52;22;29;16;66;66;59;40;59;49;66;Salta;66028;Capital;660283607;;830;273;-24,814196;-65,415878;0,320237854
660070409;56;6;8;0;5;1;17;25;17;52;26;51;41;30;36;48;45;1;10;18;0;20;14;16;1;1;9;5;17;13;5;1;3;12;12;11;10;10;13;66;Salta;66007;Anta;660070409;;170;56;-24,962152;-64,204043;602,7282672
660284914;240;38;70;0;76;31;63;4;63;59;27;195;204;145;209;233;216;11;13;165;9;102;112;118;6;0;48;3;94;70;23;17;7;26;26;25;46;37;106;66;Salta;66028;Capital;660284914;;950;240;-24,813069;-65,461298;0,072578113
660284910;344;79;113;0;97;47;99;9;99;165;105;255;253;213;298;310;307;8;29;222;9;142;147;171;19;5;80;31;138;86;21;21;12;35;35;68;61;84;96;66;Salta;66028;Capital;660284910;;1223;344;-24,817921;-65,469005;0,466278225
660282809;399;50;137;0;65;20;151;8;151;214;155;347;332;194;350;388;280;18;101;239;30;185;111;135;18;6;59;23;119;89;50;48;25;45;45;61;71;89;133;66;Salta;66028;Capital;660282809;;1475;399;-24,813842;-65,372211;0,133167862
660283114;273;41;69;0;37;18;53;4;53;21;12;240;232;138;207;196;192;27;54;157;4;147;63;74;9;2;33;13;54;57;26;35;38;50;50;62;42;46;73;66;Salta;66028;Capital;660283114;;907;273;-24,813181;-65,412897;0,107332226
660283006;410;83;167;0;58;19;62;4;62;18;8;260;269;116;353;173;249;85;76;243;9;179;140;173;22;11;70;30;104;64;39;58;37;78;78;64;84;59;125;66;Salta;66028;Capital;660283006;;1427;410;-24,813554;-65,402977;0,128076097
660140101;80;8;5;0;4;2;36;5;36;75;59;68;64;50;51;77;60;5;15;44;0;40;5;6;1;0;6;4;20;18;7;16;4;11;11;18;10;13;28;66;Salta;66014;Cachi;660140101;;287;80;-24,938902;-66,261853;388,2663514
660284908;161;18;97;0;23;6;16;9;16;153;41;56;64;22;154;142;128;17;16;76;3;41;75;114;19;20;68;13;67;31;10;10;9;21;21;33;34;41;32;66;Salta;66028;Capital;660284908;;533;161;-24,816474;-65,472948;0,261501725
660282807;373;16;231;0;21;7;6;8;6;10;3;84;169;20;331;62;260;41;72;207;8;110;182;240;39;19;95;20;92;62;48;53;34;64;64;74;73;63;99;66;Salta;66028;Capital;660282807;;1258;373;-24,814879;-65,377141;0,177487774
660283113;331;27;159;0;46;15;31;5;31;16;8;202;216;116;286;134;211;37;83;168;10;140;107;137;17;13;60;16;86;47;50;57;26;49;49;45;60;65;112;66;Salta;66028;Capital;660283113;;1272;331;-24,81404;-65,407725;0,18423655
660283605;235;8;176;0;1;0;4;63;4;2;0;26;60;29;224;3;101;108;26;145;0;28;131;202;38;33;76;24;56;48;8;19;20;60;60;66;51;28;30;66;Salta;66028;Capital;660283605;;615;235;-24,813541;-65,420769;0,033077821
660284917;288;33;127;1;54;18;44;5;44;30;17;205;206;151;260;281;241;20;27;153;9;113;120;145;19;6;87;10;126;56;36;27;9;24;24;36;51;57;120;66;Salta;66028;Capital;660284917;;1143;288;-24,816335;-65,455674;0,137287223
660283512;97;9;76;0;10;3;10;8;10;13;2;28;25;23;88;43;65;13;19;42;3;15;50;74;14;10;41;12;35;9;7;4;7;23;23;18;16;24;16;66;Salta;66028;Capital;660283512;;303;97;-24,826037;-65,44571;5,088282102
660070403;19;2;3;0;1;0;6;13;6;17;12;15;13;10;16;17;15;0;4;6;0;8;6;7;1;0;3;1;8;4;1;0;2;3;3;5;2;6;3;66;Salta;66007;Anta;660070403;;58;19;-24,934851;-63,946549;326,6041693
660283411;313;74;90;1;81;35;162;21;162;170;131;280;277;184;249;297;268;6;39;212;4;151;96;106;10;0;49;22;108;73;33;34;17;26;25;57;57;58;116;66;Salta;66028;Capital;660283411;;1192;313;-24,815582;-65,451616;0,199615904
660284911;415;56;189;0;107;37;80;12;80;101;53;241;252;184;385;405;368;10;37;213;4;145;201;242;31;10;158;16;200;77;37;39;11;35;35;46;71;93;170;66;Salta;66028;Capital;660284911;;1658;415;-24,815843;-65,46681;0,133990105
660283709;378;61;162;0;60;19;42;10;42;124;69;205;244;99;331;262;252;56;70;230;44;169;112;142;24;6;72;17;108;57;73;50;31;42;42;58;71;49;158;66;Salta;66028;Capital;660283709;;1520;378;-24,815433;-65,387244;0,119204278
660284303;149;4;111;1;6;2;4;6;4;5;0;30;49;9;143;9;101;36;12;65;0;19;74;122;19;29;73;12;56;16;19;16;10;20;19;28;30;40;32;66;Salta;66028;Capital;660284303;;518;149;-24,820925;-65,421937;1,551002663
660283706;306;17;164;0;38;13;24;0;24;49;24;185;173;91;281;123;221;27;58;168;9;152;108;132;20;4;65;13;83;57;41;54;19;39;39;50;68;56;93;66;Salta;66028;Capital;660283706;;1119;306;-24,815013;-65,381287;0,093511049
660283606;208;0;166;0;0;0;0;46;0;4;0;30;96;7;197;1;90;98;20;105;3;30;111;176;29;36;81;25;64;29;8;12;14;56;56;51;42;43;16;66;Salta;66028;Capital;660283606;;542;208;-24,814667;-65,419243;0,025310713
660284913;231;47;69;0;72;37;69;4;69;53;23;175;191;124;197;223;207;8;16;158;1;101;96;109;10;3;53;2;104;55;17;25;14;14;14;23;46;51;97;66;Salta;66028;Capital;660284913;;960;231;-24,815771;-65,46153;0,081804077
660283707;294;50;134;0;40;17;77;8;77;132;81;199;193;130;237;188;210;36;48;158;40;135;89;100;6;5;43;17;78;55;39;36;27;42;42;54;46;51;101;66;Salta;66028;Capital;660283707;;1083;294;-24,815588;-65,38435;0,086544435
660284907;387;31;204;0;57;8;13;25;13;321;65;180;183;106;348;361;309;27;51;233;5;112;169;240;47;24;121;25;142;71;43;41;19;46;46;75;82;77;107;66;Salta;66028;Capital;660284907;;1340;387;-24,820716;-65,478758;0,8513732
660284916;459;100;133;0;129;49;175;8;175;195;138;380;388;266;391;440;382;17;60;273;14;217;156;192;27;9;99;13;192;98;37;35;25;59;59;59;76;108;157;66;Salta;66028;Capital;660284916;;1719;459;-24,817525;-65,459487;0,257718879
660282808;370;61;99;0;74;37;125;6;125;142;89;314;301;117;302;351;247;29;94;212;20;168;119;138;17;2;69;15;140;73;32;44;22;44;44;51;76;85;114;66;Salta;66028;Capital;660282808;;1350;370;-24,81598;-65,372889;0,145659198
660283513;305;14;215;0;10;4;2;0;2;2;1;61;101;10;292;19;159;116;30;151;4;58;148;229;37;44;101;21;98;62;22;25;24;53;53;72;68;57;55;66;Salta;66028;Capital;660283513;;927;305;-24,815149;-65,433741;0,058442808
660283009;423;93;199;0;55;23;15;5;15;24;9;210;243;93;381;181;225;125;73;197;20;169;161;203;26;16;79;17;97;61;60;48;40;100;100;51;74;85;113;66;Salta;66028;Capital;660283009;;1464;423;-24,815695;-65,399792;0,157061316
660283514;247;55;124;0;29;8;3;6;3;4;1;129;136;53;217;120;134;86;27;111;7;83;108;138;21;9;67;20;57;37;27;23;15;68;68;51;38;45;45;66;Salta;66028;Capital;660283514;;718;247;-24,815971;-65,428613;0,248044336
660280304;219;62;40;0;51;25;144;20;144;172;147;211;197;152;172;205;185;6;28;124;14;102;71;80;9;0;51;18;91;45;9;7;10;39;39;43;40;51;46;66;Salta;66028;Capital;660280304;;691;219;-24,816831;-65,369671;0,099283956
660283608;254;28;111;0;28;6;13;3;13;16;8;148;163;54;225;117;150;55;49;101;6;113;94;111;13;4;53;18;70;48;27;33;17;41;41;51;53;45;64;66;Salta;66028;Capital;660283608;;843;254;-24,816946;-65,409202;0,23723342
660284301;257;1;190;0;0;0;0;92;0;6;0;30;105;12;236;2;132;99;26;148;1;36;125;220;46;49;78;23;66;50;9;11;24;74;74;63;50;51;19;66;Salta;66028;Capital;660284301;;651;257;-24,815843;-65,417853;0,03392949
660283710;295;18;144;0;29;5;18;1;18;4;2;148;172;69;260;105;205;37;53;138;24;121;103;127;18;6;78;20;90;38;40;49;23;35;35;49;53;60;98;66;Salta;66028;Capital;660283710;;1115;295;-24,817062;-65,388665;0,082030306
660283010;314;38;151;0;45;15;32;2;32;50;31;177;232;115;257;204;228;61;25;159;17;126;126;145;16;3;94;16;102;57;51;39;15;34;34;50;57;63;110;66;Salta;66028;Capital;660283010;;1197;314;-24,818204;-65,398866;0,343035269
660283516;258;19;160;1;15;3;8;7;8;6;5;84;135;35;234;61;174;54;30;129;4;77;128;173;27;18;94;26;89;37;32;20;16;38;38;49;50;55;66;66;Salta;66028;Capital;660283516;;878;258;-24,817851;-65,435029;0,114449483
660283515;344;19;245;0;9;5;9;7;9;2;0;96;119;18;322;87;197;119;28;176;5;69;181;257;43;33;130;46;100;55;24;27;18;74;74;83;66;63;58;66;Salta;66028;Capital;660283515;;1003;344;-24,818531;-65,430524;0,183761623
660283609;358;59;182;1;46;15;14;5;14;11;8;205;212;76;306;139;190;77;91;172;23;148;134;165;26;5;89;27;87;48;46;51;37;62;61;64;74;59;100;66;Salta;66028;Capital;660283609;;1263;358;-24,818614;-65,405836;0,156965528
660283715;509;111;169;0;118;57;178;47;178;259;200;379;384;272;439;389;389;37;83;287;46;225;159;193;25;9;84;25;167;101;50;65;35;66;66;82;89;101;171;66;Salta;66028;Capital;660283715;;1914;509;-24,827093;-65,376902;2,174618169
660284302;246;0;191;1;0;0;0;25;0;1;0;30;70;5;233;0;74;164;8;132;5;20;137;219;35;47;94;35;60;40;6;11;21;73;73;74;51;35;13;66;Salta;66028;Capital;660284302;;580;246;-24,817388;-65,415864;0,018960428
660283711;376;30;168;0;53;16;50;6;50;69;43;194;182;91;339;145;282;33;61;227;36;129;132;171;27;12;64;30;76;62;53;69;36;50;50;68;62;58;138;66;Salta;66028;Capital;660283711;;1446;376;-24,818072;-65,392727;0,122424397
660283708;306;27;119;0;32;13;53;8;53;88;56;193;208;136;267;247;228;26;52;135;33;140;91;107;11;5;55;18;96;33;42;47;34;36;36;47;46;69;108;66;Salta;66028;Capital;660283708;;1218;306;-24,817675;-65,384095;0,088594387
660283610;403;58;184;0;46;16;49;3;49;23;11;252;278;163;338;190;232;81;90;188;17;182;128;171;23;20;90;28;99;53;48;63;36;76;76;75;69;54;129;66;Salta;66028;Capital;660283610;;1413;403;-24,822292;-65,408402;0,296952292
660283713;518;44;229;0;55;24;70;14;70;64;40;297;330;182;441;237;353;78;87;267;32;230;155;208;41;12;104;43;148;101;61;67;35;63;63;113;98;99;145;66;Salta;66028;Capital;660283713;;1836;518;-24,821734;-65,389475;0,21881042
660283611;353;78;100;1;75;24;77;13;77;60;51;285;210;119;280;184;238;50;65;187;14;167;98;122;20;4;65;18;86;63;51;67;22;46;46;41;59;49;158;66;Salta;66028;Capital;660283611;;1398;353;-24,821765;-65,399057;0,405237442
660283714;332;27;183;0;33;9;21;3;21;7;3;194;205;74;288;101;236;35;61;182;33;133;109;132;20;3;44;6;68;56;55;46;30;71;71;45;64;53;99;66;Salta;66028;Capital;660283714;;1176;332;-24,819532;-65,385363;0,091619593
660283517;229;23;151;0;21;7;10;7;10;25;4;106;112;52;209;173;143;42;44;101;8;59;107;156;29;20;84;19;82;26;23;16;15;48;48;46;41;48;46;66;Salta;66028;Capital;660283517;;710;229;-24,822003;-65,432184;0,447516411
660284003;544;43;209;0;37;11;56;4;56;30;7;194;324;244;442;141;422;37;85;283;23;240;175;208;27;6;101;22;121;108;79;95;44;75;75;77;100;106;186;66;Salta;66028;Capital;660284003;;2043;544;-24,829587;-65,395186;0,168617734
660284307;242;6;184;1;9;2;1;5;1;1;0;11;75;5;224;7;136;54;52;122;2;67;118;169;31;20;100;16;83;39;26;26;19;33;33;51;44;58;56;66;Salta;66028;Capital;660284307;;835;242;-24,829896;-65,424195;0,102078947
660284001;447;41;143;0;71;28;30;2;30;1;0;253;323;169;336;159;337;20;90;230;31;238;120;136;12;4;66;17;134;78;61;85;38;34;34;55;79;84;195;66;Salta;66028;Capital;660284001;;1877;447;-24,829676;-65,407349;0,126910585
660283803;421;24;138;0;41;10;22;5;22;14;3;320;272;168;350;97;346;24;51;257;12;211;126;148;21;1;61;17;109;69;56;63;38;69;69;63;70;68;151;66;Salta;66028;Capital;660283803;;1563;421;-24,830217;-65,383743;0,238025982
660284311;244;16;176;0;16;4;5;13;5;5;0;30;84;21;229;55;147;67;30;117;1;43;118;195;46;31;98;14;95;42;21;24;12;36;36;44;64;39;61;66;Salta;66028;Capital;660284311;;823;244;-24,833051;-65,427851;0,445178096
660284209;417;53;203;0;56;21;22;14;22;23;6;237;231;86;361;274;267;98;52;175;33;162;162;201;30;9;110;19;142;72;51;36;24;73;73;62;78;87;117;66;Salta;66028;Capital;660284209;;1435;417;-24,831687;-65,41184;0,234160309
660284205;235;47;135;0;30;9;7;1;7;4;0;139;136;62;215;101;138;65;32;103;10;80;103;131;21;7;75;16;79;38;26;24;9;43;43;43;50;33;66;66;Salta;66028;Capital;660284205;;788;235;-24,83083;-65,417608;0,085110287
660284002;326;17;183;0;14;4;11;1;11;4;0;48;165;55;303;33;258;35;33;168;6;132;125;158;22;11;65;19;81;50;50;63;30;33;33;45;55;64;129;66;Salta;66028;Capital;660284002;;1312;326;-24,83032;-65,401846;0,095434686
660284407;345;25;238;0;24;7;21;20;21;13;4;120;157;60;315;80;206;53;86;171;3;79;161;248;23;64;136;38;116;43;32;33;25;58;58;73;71;75;68;66;Salta;66028;Capital;660284407;;1108;345;-24,836295;-65,435639;0,944300275
660284310;222;5;158;0;7;3;4;1;4;2;0;17;80;4;213;3;154;37;31;121;3;59;96;141;20;25;66;18;60;40;31;29;18;26;26;56;48;42;50;66;Salta;66028;Capital;660284310;;748;222;-24,831662;-65,423107;0,07852195
660283505;93;6;64;0;4;0;6;27;6;67;14;39;34;29;74;46;72;10;11;44;3;23;30;62;7;25;31;12;29;11;8;6;5;22;22;19;12;18;22;66;Salta;66028;Capital;660283505;;279;93;-24,838395;-65,500299;1,516785282
660283807;252;35;79;0;51;18;73;4;73;29;13;216;205;147;209;148;227;4;21;159;24;120;73;85;9;3;30;11;87;49;28;34;13;30;30;34;40;44;104;66;Salta;66028;Capital;660283807;;996;252;-24,834865;-65,379438;0,170811165
660283806;463;23;271;0;42;15;14;0;14;2;0;58;235;130;426;44;373;26;64;256;4;190;172;216;33;11;108;23;118;74;84;90;40;34;34;77;86;85;181;66;Salta;66028;Capital;660283806;;1879;463;-24,831804;-65,38632;0,14778484
660283805;380;43;128;0;77;31;18;7;18;7;1;295;284;175;320;148;305;27;48;235;16;193;94;113;15;4;69;12;112;65;48;64;29;50;50;40;49;73;168;66;Salta;66028;Capital;660283805;;1592;380;-24,832034;-65,390357;0,110570988
660284004;448;41;158;0;49;25;28;5;28;5;0;341;355;230;371;184;354;31;63;247;16;223;141;169;20;8;78;13;126;73;61;79;41;55;55;52;69;83;189;66;Salta;66028;Capital;660284004;;1799;448;-24,833155;-65,394855;0,277230321
660284005;370;36;140;1;60;23;25;1;25;9;1;293;286;186;317;118;303;30;37;234;5;179;125;145;15;5;67;21;99;75;45;59;28;43;42;56;73;51;148;66;Salta;66028;Capital;660284005;;1479;370;-24,833339;-65,398307;0,12304718
660284006;359;49;144;0;80;26;51;1;51;14;3;261;272;161;322;140;292;29;38;226;14;166;139;159;15;5;81;9;118;96;53;43;24;16;16;44;71;58;170;66;Salta;66028;Capital;660284006;;1533;359;-24,833203;-65,40042;0,098442936
660284007;382;35;155;0;56;23;70;3;70;23;6;280;289;195;320;133;330;9;43;240;11;177;129;151;14;8;65;10;110;79;52;64;18;49;49;38;72;64;159;66;Salta;66028;Capital;660284007;;1521;382;-24,833216;-65,402615;0,10723881
660284008;247;29;96;0;41;15;18;0;18;3;2;160;161;83;219;141;175;32;40;133;22;101;85;104;15;4;44;13;84;58;23;26;16;27;27;29;50;47;94;66;Salta;66028;Capital;660284008;;939;247;-24,832676;-65,406961;0,146089945
660284204;409;41;202;0;33;10;26;12;26;25;6;227;226;106;365;252;280;71;58;186;41;140;169;206;28;9;118;35;146;64;47;43;19;55;55;72;74;86;122;66;Salta;66028;Capital;660284204;;1438;409;-24,833691;-65,416565;0,191010026
660283504;192;7;134;0;8;2;3;15;3;181;40;115;74;16;178;76;128;29;35;98;5;30;79;154;34;41;66;18;62;31;14;14;11;42;42;44;30;39;37;66;Salta;66028;Capital;660283504;;578;192;-24,838989;-65,512164;1,446566888
660283508;195;7;138;0;5;0;3;27;3;185;33;99;63;16;184;50;134;21;40;81;2;39;88;144;15;41;92;20;69;40;18;5;7;36;36;46;39;40;34;66;Salta;66028;Capital;660283508;;589;195;-24,837627;-65,485635;0,432440303
660284201;335;40;130;0;62;25;73;0;73;41;28;241;220;186;308;310;287;9;39;218;5;119;173;201;19;9;105;10;165;82;21;28;13;16;16;52;72;88;107;66;Salta;66028;Capital;660284201;;1253;335;-24,833922;-65,421612;0,176673677
660283507;233;23;182;1;10;2;8;26;8;217;40;120;85;17;214;70;171;21;41;95;1;38;91;178;32;55;109;28;100;24;14;9;15;43;42;52;56;39;44;66;Salta;66028;Capital;660283507;;707;233;-24,836871;-65,490445;0,610176651
660284009;229;29;97;0;43;11;27;8;27;3;2;162;164;131;200;111;174;21;34;138;10;109;82;92;8;2;38;5;72;45;32;41;7;27;27;20;39;48;95;66;Salta;66028;Capital;660284009;;952;229;-24,833883;-65,405512;0,087002707
660283808;258;37;107;0;59;27;46;3;46;17;14;131;156;79;215;78;216;9;33;157;4;104;109;127;10;8;59;7;74;47;38;40;17;35;35;30;44;44;105;66;Salta;66028;Capital;660283808;;1048;258;-24,835701;-65,381742;0,153647266
660284210;349;60;119;0;71;28;65;27;65;132;96;205;233;118;309;314;219;69;61;173;33;122;144;183;26;13;104;31;132;57;28;36;23;42;42;70;61;77;99;66;Salta;66028;Capital;660284210;;1227;349;-24,836268;-65,41213;0,371090417
660283809;351;32;183;0;28;8;10;4;10;4;1;34;154;85;317;17;257;27;67;210;6;151;134;169;24;11;78;16;85;58;55;64;26;47;47;57;52;81;114;66;Salta;66028;Capital;660283809;;1303;351;-24,835189;-65,38487;0,110486976
660283510;230;11;181;0;6;1;0;79;0;14;1;53;98;25;215;111;150;50;30;122;8;37;125;183;17;41;90;17;83;32;18;22;19;39;39;48;44;53;46;66;Salta;66028;Capital;660283510;;746;230;-24,835894;-65,453223;0,252737723
660283810;340;31;138;0;51;15;12;1;12;4;1;167;205;84;286;78;269;24;47;177;6;162;112;135;20;3;64;13;103;59;53;52;22;38;38;31;75;62;134;66;Salta;66028;Capital;660283810;;1341;340;-24,83411;-65,389894;0,114295259
660284202;296;52;120;0;67;25;44;3;44;31;9;221;195;99;270;279;252;4;40;170;6;101;147;177;22;8;89;19;125;58;20;18;17;39;38;50;62;65;81;66;Salta;66028;Capital;660284202;;1030;296;-24,836717;-65,421119;0,135226906
660283811;462;35;189;0;64;17;24;4;24;20;2;281;300;174;395;131;358;34;70;284;16;212;161;192;25;6;72;15;140;85;57;75;34;56;56;62;89;94;161;66;Salta;66028;Capital;660283811;;1733;462;-24,835695;-65,389744;0,135766973
660284406;282;33;170;0;19;8;9;8;9;12;5;125;129;38;256;78;166;80;36;148;4;76;136;175;23;16;76;22;75;48;33;22;17;65;65;51;62;46;58;66;Salta;66028;Capital;660284406;;866;282;-24,838109;-65,44139;0,172001574
660284313;207;3;146;0;3;0;3;7;3;1;0;26;61;3;195;0;79;106;22;114;3;29;106;176;31;39;57;14;44;37;10;15;16;71;71;42;43;29;22;66;Salta;66028;Capital;660284313;;521;207;-24,835871;-65,428333;0,029323498
660284214;331;39;157;0;58;25;48;2;48;14;4;167;183;155;303;122;276;12;43;189;11;116;143;180;25;12;98;8;133;74;44;35;16;21;21;33;48;82;147;66;Salta;66028;Capital;660284214;;1403;331;-24,837343;-65,402875;0,121788055
660284213;325;52;140;1;81;31;39;2;39;59;32;207;211;154;285;138;261;26;38;173;27;127;139;154;10;5;77;19;120;67;36;41;14;28;28;53;52;63;129;66;Salta;66028;Capital;660284213;;1292;325;-24,837697;-65,405971;0,240471442
660284217;368;34;160;0;67;20;48;8;48;9;5;220;248;125;327;133;304;25;39;205;11;140;164;193;19;10;104;21;157;72;30;35;16;37;37;51;62;81;137;66;Salta;66028;Capital;660284217;;1414;368;-24,837675;-65,400492;0,134330594
660284203;412;27;192;1;67;15;18;18;18;48;26;102;179;32;372;384;311;41;60;225;13;156;188;223;22;13;110;26;154;85;38;46;23;40;39;66;79;82;146;66;Salta;66028;Capital;660284203;;1533;412;-24,83919;-65,418707;0,347421902
660284315;274;97;82;0;100;58;100;8;100;80;48;205;208;160;241;243;216;9;49;163;6;105;132;151;13;6;86;2;132;67;21;17;9;26;26;29;55;64;100;66;Salta;66028;Capital;660284315;;1074;274;-24,839444;-65,427309;0,223425925
660284316;258;60;118;0;66;34;41;11;41;32;21;172;165;107;239;213;216;13;29;146;7;92;113;146;21;12;96;20;109;66;19;16;8;20;20;46;60;65;67;66;Salta;66028;Capital;660284316;;922;258;-24,837811;-65,424381;0,11750122
660284101;267;41;96;0;47;16;37;1;37;5;1;224;203;130;232;81;237;13;17;166;7;123;91;108;14;3;64;4;106;62;33;33;11;18;18;29;41;57;122;66;Salta;66028;Capital;660284101;;1132;267;-24,837429;-65,397719;0,102604694
660284312;182;4;142;0;3;1;1;7;1;2;0;19;70;2;174;1;55;110;17;102;1;21;92;156;28;36;52;23;32;38;4;5;7;73;73;55;21;22;11;66;Salta;66028;Capital;660284312;;389;182;-24,836494;-65,430266;0,021858811
660284110;210;40;57;0;56;23;73;35;73;102;81;171;174;81;168;171;152;27;31;130;6;93;81;92;10;1;47;8;74;30;23;27;21;27;27;23;34;39;87;66;Salta;66028;Capital;660284110;;799;210;-24,838094;-65,394845;0,126182247
660284405;222;15;101;0;11;3;8;5;8;12;4;96;100;36;191;70;143;50;29;106;11;80;100;120;14;6;60;20;55;35;26;18;24;44;44;52;39;32;55;66;Salta;66028;Capital;660284405;;709;222;-24,839392;-65,443539;0,133269292
660284116;256;43;79;0;66;28;40;1;40;8;5;212;206;139;226;159;226;11;19;170;14;114;92;106;11;3;47;8;106;59;29;30;6;18;18;24;37;69;108;66;Salta;66028;Capital;660284116;;1066;256;-24,837758;-65,384292;0,134759575
660284314;148;1;95;0;1;0;1;4;1;4;1;12;47;2;138;5;36;100;12;68;0;28;74;116;22;20;58;13;48;26;11;8;9;33;33;34;42;22;17;66;Salta;66028;Capital;660284314;;409;148;-24,837496;-65,428896;0,059673178
660284111;297;32;92;1;54;21;35;1;35;2;1;248;221;160;253;107;250;12;35;214;9;142;97;104;4;3;41;14;84;70;40;51;18;20;20;44;47;56;130;66;Salta;66028;Capital;660284111;;1223;297;-24,838183;-65,391787;0,109463504
660284115;305;43;121;0;86;34;48;0;48;9;1;246;253;157;261;125;270;9;26;201;9;152;95;112;15;2;60;10;108;63;40;48;16;20;20;28;36;56;165;66;Salta;66028;Capital;660284115;;1362;305;-24,838479;-65,387921;0,113148972
660284402;227;22;138;0;24;11;13;1;13;10;3;106;101;39;207;50;134;58;35;106;7;90;83;123;23;17;75;16;85;32;24;22;18;30;30;40;47;45;65;66;Salta;66028;Capital;660284402;;812;227;-24,839098;-65,447553;0,186590371
660284413;333;40;196;0;37;14;11;2;11;24;3;117;171;61;305;84;219;37;77;188;3;109;157;199;30;12;83;18;88;60;42;52;30;43;43;58;77;59;96;66;Salta;66028;Capital;660284413;;1165;333;-24,842532;-65,430537;0,284671399
660284211;437;73;205;0;54;15;52;6;52;14;4;269;269;163;380;408;298;71;68;185;43;163;177;230;38;15;125;36;161;67;37;41;18;77;77;73;83;74;130;66;Salta;66028;Capital;660284211;;1514;437;-24,840014;-65,41145;0,286344788
660284805;324;15;252;0;6;0;7;54;7;25;8;77;134;8;301;39;182;103;39;151;4;52;155;264;55;54;141;27;122;60;28;17;17;53;53;65;62;85;59;66;Salta;66028;Capital;660284805;;1035;324;-24,840622;-65,456151;0,738102716
660140201;6;3;2;0;0;0;4;5;4;3;1;6;6;5;3;6;4;0;2;4;0;1;0;1;1;0;0;0;0;1;1;2;0;2;2;0;1;2;1;66;Salta;66014;Cachi;660140201;;18;6;-24,99323;-66,500213;552,7165497
660284804;110;7;69;0;9;1;8;19;8;103;25;88;53;30;104;102;82;13;15;45;1;20;49;81;17;15;36;9;33;19;6;15;6;22;22;26;21;20;21;66;Salta;66028;Capital;660284804;;338;110;-24,856996;-65,484065;9,378713004
660280305;364;75;134;0;130;53;152;5;152;40;23;315;320;214;287;362;337;2;25;264;23;136;145;171;25;1;73;12;148;87;17;31;11;58;58;41;54;71;140;66;Salta;66028;Capital;660280305;;1375;364;-24,840188;-65,381814;0,26037426
660284102;225;18;89;0;37;10;21;3;21;4;0;173;175;79;201;59;186;12;27;136;6;96;77;92;11;4;41;11;69;40;30;34;24;17;17;34;31;43;100;66;Salta;66028;Capital;660284102;;945;225;-24,840466;-65,397977;0,097201377
660284401;372;11;244;0;17;8;5;3;5;2;1;55;169;27;350;28;254;54;64;195;9;80;197;271;33;41;118;31;90;62;55;46;26;62;62;79;79;63;89;66;Salta;66028;Capital;660284401;;1235;372;-24,842763;-65,449487;0,146346459
660284114;297;15;123;0;35;9;32;1;32;12;5;233;228;136;266;83;263;7;27;187;11;129;109;120;5;6;49;12;79;82;38;34;22;30;30;44;56;49;118;66;Salta;66028;Capital;660284114;;1163;297;-24,840464;-65,388245;0,090279277
660284112;234;34;89;0;20;10;15;1;15;3;2;165;168;105;186;65;200;10;24;144;13;119;69;76;5;2;26;8;60;47;16;43;13;47;47;33;33;46;75;66;Salta;66028;Capital;660284112;;808;234;-24,841266;-65,391868;0,119820128
660283501;220;47;125;0;25;12;31;17;31;204;43;155;111;47;191;97;139;33;48;105;4;62;82;132;21;29;72;25;63;33;16;24;11;48;48;48;30;38;56;66;Salta;66028;Capital;660283501;;719;220;-24,844009;-65,524119;0,470429514
660284403;283;38;157;0;21;9;3;8;3;3;1;133;130;34;254;86;168;74;41;139;10;98;117;150;23;10;69;16;73;51;31;33;27;52;52;56;47;49;79;66;Salta;66028;Capital;660284403;;941;283;-24,841562;-65,446129;0,09037325
660283502;216;17;133;1;6;3;9;25;9;204;34;123;85;59;189;71;160;22;34;115;2;44;98;155;26;31;79;21;61;27;25;24;14;44;44;39;41;44;48;66;Salta;66028;Capital;660283502;;704;216;-24,844621;-65,517496;0,374233731
660284109;313;28;135;0;63;23;21;3;21;6;3;220;218;166;281;77;260;13;40;195;14;153;89;104;12;3;56;15;112;53;49;43;16;25;25;47;35;63;143;66;Salta;66028;Capital;660284109;;1282;313;-24,841523;-65,394864;0,087228645
660284803;243;17;153;1;16;8;14;41;14;237;59;145;104;39;231;95;168;19;56;111;7;74;86;145;32;27;91;24;87;42;23;21;12;34;33;56;48;56;50;66;Salta;66028;Capital;660284803;;800;243;-24,846817;-65,489303;0,685462612
660284212;362;34;151;0;72;24;35;4;35;13;1;299;261;180;321;149;314;18;30;243;13;160;150;168;15;3;84;6;168;80;33;41;13;21;21;33;57;87;164;66;Salta;66028;Capital;660284212;;1492;362;-24,84162;-65,40577;0,124214314
660284216;238;23;92;0;44;16;5;6;5;4;2;188;186;120;212;53;202;19;17;150;11;113;80;97;13;4;46;4;79;52;30;35;15;23;23;27;28;49;111;66;Salta;66028;Capital;660284216;;993;238;-24,841592;-65,400518;0,073412452
660284215;297;33;120;0;50;11;25;4;25;10;1;208;200;102;248;87;240;33;24;184;15;143;106;122;13;3;63;12;108;46;37;39;29;26;26;39;46;60;126;66;Salta;66028;Capital;660284215;;1226;297;-24,841658;-65,402801;0,074840032
660284411;253;2;211;0;1;0;4;1;4;3;0;22;77;6;246;1;201;34;18;134;2;28;133;218;35;50;102;36;61;46;23;24;20;43;42;70;63;38;40;66;Salta;66028;Capital;660284411;;745;253;-24,842784;-65,436183;0,114927065
660280311;137;10;84;1;13;4;7;11;7;111;34;39;55;26;129;122;108;13;16;53;10;37;68;95;15;12;61;18;58;19;10;4;8;20;20;27;33;31;26;66;Salta;66028;Capital;660280311;;441;137;-24,84414;-65,417778;1,270153927
660284408;415;20;277;0;14;6;4;9;4;6;2;83;164;33;382;38;263;98;54;211;7;124;186;275;60;29;128;34;107;65;56;52;44;57;57;89;97;83;89;66;Salta;66028;Capital;660284408;;1366;415;-24,842914;-65,441258;0,133430135
660284806;310;7;255;0;5;1;2;3;2;16;0;72;115;15;298;48;250;37;23;172;4;40;122;266;93;51;141;23;119;59;29;32;13;35;35;51;72;67;85;66;Salta;66028;Capital;660284806;;1084;310;-24,844055;-65,463076;0,197615108
660284113;297;30;122;0;52;20;44;0;44;1;0;246;251;194;247;73;250;17;30;201;13;161;75;85;8;2;48;8;92;75;40;43;16;23;23;31;54;49;140;66;Salta;66028;Capital;660284113;;1231;297;-24,842163;-65,388001;0,082666833
660284412;300;18;196;0;10;3;1;3;1;4;0;49;87;22;267;31;212;50;38;141;4;75;141;198;26;31;95;26;81;49;36;39;24;45;45;66;71;45;73;66;Salta;66028;Capital;660284412;;966;300;-24,843712;-65,433147;0,102706579
660284404;287;23;197;0;19;4;6;5;6;6;1;106;129;34;266;44;178;58;51;153;8;82;130;179;32;17;84;18;73;55;34;36;28;43;43;61;60;55;68;66;Salta;66028;Capital;660284404;;960;287;-24,843849;-65,446394;0,088616382
660284103;367;20;131;0;41;9;27;0;27;8;4;301;282;114;318;107;311;23;33;232;14;184;119;142;14;9;72;16;97;69;52;66;22;45;45;51;58;59;154;66;Salta;66028;Capital;660284103;;1476;367;-24,843593;-65,397684;0,154009224
660284802;214;17;144;1;11;6;15;130;15;199;46;149;83;50;201;105;151;22;41;77;2;50;93;155;15;47;103;32;89;22;17;12;13;29;29;49;42;54;40;66;Salta;66028;Capital;660284802;;693;214;-24,849851;-65,498314;1,73694719
660284809;252;3;206;0;2;1;1;4;1;7;3;45;93;16;243;42;193;34;25;130;1;29;110;218;56;52;114;15;92;48;27;20;11;39;39;40;61;64;48;66;Salta;66028;Capital;660284809;;813;252;-24,844596;-65,459389;0,170005544
660283503;239;16;169;0;9;1;14;23;14;220;66;134;77;27;215;66;169;32;38;105;3;53;106;168;18;44;93;24;62;31;36;23;23;40;40;53;44;39;63;66;Salta;66028;Capital;660283503;;790;239;-24,845482;-65,511373;0,30933514
660284409;271;10;186;0;7;2;4;0;4;5;0;38;108;20;253;16;195;43;33;152;5;80;124;183;31;28;76;18;65;50;20;39;30;49;49;60;63;52;47;66;Salta;66028;Capital;660284409;;836;271;-24,845106;-65,44395;0,13826168
660284810;281;6;201;0;3;0;2;6;2;7;0;23;94;5;261;3;155;102;24;168;3;46;145;227;51;31;108;18;96;63;18;30;15;41;41;56;80;46;58;66;Salta;66028;Capital;660284810;;880;281;-24,845395;-65,4562;0,125909218
660284410;363;9;258;2;4;2;5;2;5;3;1;284;53;22;331;10;256;63;44;207;7;89;171;260;50;39;111;43;79;47;43;44;40;67;67;95;69;65;67;66;Salta;66028;Capital;660284410;;1120;363;-24,845384;-65,439399;0,140211821
660284108;356;45;124;0;65;22;37;3;37;18;3;302;295;167;308;111;297;12;47;229;12;166;112;126;13;1;51;16;104;88;39;57;24;28;28;53;65;55;155;66;Salta;66028;Capital;660284108;;1436;356;-24,84369;-65,392007;0,130506013
660284104;271;16;113;0;29;11;18;0;18;10;3;202;205;86;240;57;226;27;18;159;7;125;108;122;11;3;39;8;82;52;35;48;18;28;28;29;46;56;112;66;Salta;66028;Capital;660284104;;1083;271;-24,843819;-65,402933;0,101934866
660284105;206;9;121;0;23;6;11;10;11;13;6;44;115;48;192;70;143;35;28;114;5;70;80;120;22;18;61;24;59;45;22;22;12;22;22;48;41;41;54;66;Salta;66028;Capital;660284105;;720;206;-24,846496;-65,40408;0,298599694
660284414;441;19;314;0;30;6;17;8;17;11;6;85;148;35;417;41;314;66;61;221;11;109;191;303;64;48;166;50;115;63;64;55;35;59;59;102;81;75;124;66;Salta;66028;Capital;660284414;;1539;441;-24,846041;-65,432757;0,168415143
660284813;272;3;201;0;3;0;1;5;1;2;0;37;134;6;263;5;164;84;24;155;3;65;134;195;41;20;96;22;87;62;19;25;13;44;44;52;74;64;38;66;Salta;66028;Capital;660284813;;826;272;-24,845769;-65,453785;0,052012763
660284814;329;7;222;0;3;0;6;20;6;10;2;53;197;1;312;1;186;101;42;191;3;73;176;244;42;26;98;27;82;62;32;43;34;49;49;76;86;56;62;66;Salta;66028;Capital;660284814;;1027;329;-24,846058;-65,452426;0,06030656
660284601;214;3;141;0;6;1;2;1;2;8;2;30;62;9;201;15;143;36;35;99;3;40;108;163;26;29;74;22;48;37;22;28;24;33;33;54;48;41;38;66;Salta;66028;Capital;660284601;;674;214;-24,846657;-65,450277;0,116524701
660280306;310;44;81;0;89;37;40;5;40;23;12;277;281;203;244;300;277;3;30;218;16;167;101;111;9;1;52;8;128;77;26;35;14;22;22;40;49;59;140;66;Salta;66028;Capital;660280306;;1296;310;-24,848511;-65,391945;0,100838346
660284807;284;5;211;0;11;2;2;6;2;5;0;49;72;10;270;17;213;22;49;137;5;63;140;210;30;40;141;18;132;46;24;19;14;31;31;48;63;77;65;66;Salta;66028;Capital;660284807;;971;284;-24,848032;-65,464108;0,243025593
660284107;350;57;121;1;77;25;97;4;97;23;7;282;280;183;308;340;294;20;36;227;9;182;95;102;6;1;52;7;117;94;37;56;17;22;21;38;68;57;166;66;Salta;66028;Capital;660284107;;1450;350;-24,846717;-65,394728;0,10767785
661470712;113;4;94;0;6;1;0;55;0;111;14;72;15;4;110;38;92;15;6;46;2;12;53;101;14;34;71;16;58;11;2;5;3;18;18;21;19;28;27;66;Salta;66147;Rosario de Lerma;661470712;;371;113;-24,849384;-65,525072;0,678424901
660284415;440;12;306;0;15;5;3;2;3;8;1;51;120;21;407;19;324;59;57;217;3;124;204;293;50;39;146;38;123;77;51;60;30;61;61;96;106;81;96;66;Salta;66028;Capital;660284415;;1445;440;-24,847627;-65,434122;0,148021815
660284602;258;4;178;0;8;2;4;4;4;6;1;27;75;13;233;9;193;34;31;144;1;62;115;188;33;40;87;27;72;35;24;29;29;42;42;63;50;40;63;66;Salta;66028;Capital;660284602;;843;258;-24,846861;-65,446419;0,084213576
660284106;384;35;116;0;67;23;94;2;94;24;16;310;307;162;334;363;336;15;33;223;8;169;138;163;12;13;72;11;141;97;34;44;25;32;32;52;66;88;146;66;Salta;66028;Capital;660284106;;1512;384;-24,846439;-65,398567;0,139317467
660284801;276;27;167;2;18;5;34;121;34;261;57;202;106;37;246;148;204;22;50;126;8;70;120;186;29;37;101;28;99;36;17;27;17;52;52;59;55;51;59;66;Salta;66028;Capital;660284801;;868;276;-24,860912;-65,510731;4,270616955
660284808;293;4;215;0;10;1;3;3;3;9;2;45;140;18;278;15;239;25;29;161;4;91;129;192;39;24;92;13;86;53;41;47;23;30;30;54;67;59;83;66;Salta;66028;Capital;660284808;;1053;293;-24,848221;-65,459948;0,112073763
660284503;277;17;176;0;8;2;11;7;11;5;1;229;65;13;246;17;187;55;35;148;4;63;126;191;42;23;87;19;66;42;32;38;23;57;57;55;60;38;67;66;Salta;66028;Capital;660284503;;894;277;-24,848044;-65,441856;0,124936436
660284504;361;10;219;0;11;3;1;17;1;7;1;48;181;15;326;19;217;95;49;199;7;111;165;233;47;21;96;39;91;66;32;31;30;72;72;95;70;59;65;66;Salta;66028;Capital;660284504;;1091;361;-24,848372;-65,43759;0,119010391
660280312;303;4;208;0;17;2;2;1;2;0;0;25;123;21;291;18;255;14;34;154;4;69;156;220;44;20;97;23;114;64;20;37;9;36;36;54;69;56;88;66;Salta;66028;Capital;660280312;;1078;303;-24,851634;-65,419232;2,07636356
660284703;310;7;253;0;11;2;1;10;1;6;0;128;57;18;293;34;222;58;30;126;5;41;143;255;39;73;168;38;131;39;16;20;11;55;55;65;63;76;51;66;Salta;66028;Capital;660284703;;946;310;-24,852677;-65,467189;0,320280305
660284603;251;15;160;0;3;1;2;2;2;4;0;21;95;3;234;11;191;35;25;129;3;59;115;175;35;25;83;28;59;31;26;34;19;54;53;57;53;35;53;66;Salta;66028;Capital;660284603;;744;251;-24,848572;-65,448612;0,088460994
660284811;306;23;231;1;7;1;3;8;3;1;0;32;125;6;299;8;186;96;24;158;4;39;155;242;52;35;115;19;114;59;19;23;18;54;54;64;65;60;63;66;Salta;66028;Capital;660284811;;949;306;-24,848994;-65,456886;0,141247283
660284501;285;12;189;0;1;1;8;4;8;3;1;55;127;33;261;7;195;47;43;155;7;65;153;213;36;24;91;23;64;39;32;43;35;49;49;60;58;58;60;66;Salta;66028;Capital;660284501;;908;285;-24,849431;-65,445951;0,112976983
660284812;167;4;123;0;1;0;3;10;3;14;4;15;75;3;159;5;117;36;14;81;1;30;72;131;37;22;71;12;70;39;11;9;9;17;17;32;40;39;39;66;Salta;66028;Capital;660284812;;562;167;-24,848319;-65,454411;0,019090722
660280308;198;32;65;0;33;11;59;9;59;89;70;166;143;110;172;193;160;14;24;87;8;94;68;82;8;6;51;9;86;44;17;15;7;20;20;29;44;39;66;66;Salta;66028;Capital;660280308;;724;198;-24,848724;-65,399546;0,083425339
660284605;460;17;363;0;22;10;9;3;9;8;2;70;179;21;446;15;379;39;42;211;4;92;221;351;67;63;241;29;216;88;41;25;20;41;41;73;93;130;123;66;Salta;66028;Capital;660284605;;1656;460;-24,850331;-65,45237;0,201018149
660284416;429;17;280;0;18;7;12;22;12;3;2;67;219;36;405;19;317;63;49;237;3;146;177;255;62;16;131;25;116;83;69;57;32;47;47;75;91;82;134;66;Salta;66028;Capital;660284416;;1582;429;-24,849201;-65,430213;0,087447294
660280307;296;56;79;0;92;42;122;21;122;194;133;266;250;176;242;283;252;4;40;183;13;132;110;131;15;6;58;8;125;68;25;25;11;34;34;39;48;75;100;66;Salta;66028;Capital;660280307;;1121;296;-24,850029;-65,394775;0,212290411
660284505;254;7;163;0;5;0;2;2;2;1;0;22;82;19;232;4;172;48;34;137;4;82;132;165;23;10;58;9;57;43;29;33;27;56;56;52;57;37;52;66;Salta;66028;Capital;660284505;;768;254;-24,850031;-65,434607;0,052921265
660284502;261;7;183;0;3;2;1;0;1;0;0;38;111;12;247;14;191;39;31;136;7;71;121;183;42;20;91;20;74;42;31;30;24;40;40;55;56;52;58;66;Salta;66028;Capital;660284502;;872;261;-24,851003;-65,443943;0,136227162
660284507;483;36;278;1;45;15;16;12;16;14;5;118;237;61;444;52;349;73;61;245;12;183;212;271;39;20;136;19;130;59;98;93;34;50;50;56;71;92;214;66;Salta;66028;Capital;660284507;;1990;483;-24,852525;-65,435568;0,396930308
661470711;115;10;88;0;5;3;6;57;6;112;20;83;33;8;108;60;91;8;16;37;2;23;49;87;9;29;64;23;49;14;6;3;4;16;16;33;21;27;18;66;Salta;66147;Rosario de Lerma;661470711;;351;115;-24,857795;-65,524645;1,002567362
660280309;299;48;64;0;84;32;151;19;151;173;122;257;265;148;250;287;273;5;21;220;30;152;97;108;9;2;45;11;118;65;25;30;12;38;38;30;51;66;114;66;Salta;66028;Capital;660280309;;1153;299;-24,850389;-65,401596;0,140977934
660280310;168;32;53;0;45;21;65;2;65;49;28;133;135;77;138;159;156;3;9;106;18;80;55;63;5;3;24;4;75;43;17;17;7;5;5;14;29;48;72;66;Salta;66028;Capital;660280310;;728;168;-24,850207;-65,404946;0,059659181
660284604;286;6;184;0;9;1;0;4;0;3;0;72;110;7;269;24;145;120;21;168;1;39;140;231;51;40;90;33;59;62;16;19;23;74;74;88;61;30;33;66;Salta;66028;Capital;660284604;;735;286;-24,85098;-65,449258;0,048785255
660284701;353;20;243;0;28;3;9;2;9;10;1;115;134;67;324;87;267;35;51;186;5;109;158;224;45;21;123;28;123;84;25;35;11;47;47;78;72;67;89;66;Salta;66028;Capital;660284701;;1184;353;-24,85163;-65,461775;0,171125532
660284506;376;44;225;0;29;7;4;26;4;8;3;52;186;31;346;30;275;58;43;199;12;134;167;212;30;15;95;20;90;64;59;56;26;61;61;61;71;63;120;66;Salta;66028;Capital;660284506;;1336;376;-24,851553;-65,431395;0,143749728
660284608;499;29;355;0;34;8;3;9;3;10;4;123;239;30;476;80;407;30;62;265;7;127;252;341;54;35;188;30;194;85;52;60;41;37;37;83;110;114;155;66;Salta;66028;Capital;660284608;;1906;499;-24,853013;-65,456839;0,276375822
660284513;319;2;263;0;4;0;3;3;3;6;0;23;98;1;309;4;228;69;22;135;8;33;159;277;46;72;150;25;118;50;31;24;19;52;52;69;69;76;53;66;Salta;66028;Capital;660284513;;996;319;-24,853006;-65,440947;0,168819985
660284606;414;13;300;0;15;3;7;9;7;5;0;96;134;18;404;42;300;80;34;231;6;64;215;336;55;66;142;31;139;96;21;39;20;68;68;76;100;82;88;66;Salta;66028;Capital;660284606;;1333;414;-24,85351;-65,447607;0,208429925
660350304;184;32;73;0;40;5;37;28;37;162;71;129;113;91;165;177;130;29;25;91;7;60;87;109;16;6;66;19;72;30;19;11;7;26;26;38;37;29;54;66;Salta;66035;Cerrillos;660350304;;641;184;-24,852332;-65,400008;0,208825295
660350301;274;63;93;0;48;15;75;237;75;253;141;222;192;152;213;258;150;17;107;94;11;97;101;133;18;14;75;31;97;39;23;20;15;49;48;58;47;38;83;66;Salta;66035;Cerrillos;660350301;;925;274;-24,88306;-65,400333;32,35261838
660280314;227;2;154;0;9;1;0;1;0;6;3;34;114;17;213;5;187;15;25;113;1;58;116;161;28;17;95;10;90;35;27;28;11;26;26;27;46;59;69;66;Salta;66028;Capital;660280314;;850;227;-24,853504;-65,425368;0,065651818
660280313;222;7;165;1;9;3;1;3;1;4;1;18;91;12;211;4;193;13;16;111;1;52;92;160;48;20;87;13;77;49;25;18;13;27;27;39;46;53;57;66;Salta;66028;Capital;660280313;;780;222;-24,853628;-65,427732;0,114815716
660284607;394;17;293;1;18;2;2;4;2;5;0;58;147;14;371;28;287;69;38;198;6;75;204;305;62;39;178;25;159;75;35;26;26;48;47;74;79;88;106;66;Salta;66028;Capital;660284607;;1375;394;-24,85426;-65,452779;0,148165278
660284702;357;25;235;0;20;6;7;9;7;5;1;143;163;51;336;105;245;49;63;183;8;103;170;244;43;31;143;25;126;48;46;45;16;51;51;56;82;65;103;66;Salta;66028;Capital;660284702;;1244;357;-24,854499;-65,462989;0,170322356
660350306;399;184;98;0;188;96;252;3;252;367;302;372;357;315;335;378;346;3;50;251;8;169;181;198;13;4;105;14;208;103;14;26;5;29;29;43;78;105;144;66;Salta;66035;Cerrillos;660350306;;1528;399;-24,85668;-65,392305;0,187571699
660284512;315;15;272;0;4;0;0;3;0;0;0;17;122;4;303;5;239;62;14;159;8;39;142;266;55;69;142;28;107;57;31;25;22;45;45;68;74;64;64;66;Salta;66028;Capital;660284512;;1018;315;-24,855321;-65,43892;0,121645824
660284514;336;10;275;0;4;0;0;4;0;7;1;17;97;3;315;4;263;49;24;149;3;48;168;276;38;70;172;41;127;60;38;14;19;37;37;87;70;72;70;66;Salta;66028;Capital;660284514;;1076;336;-24,855713;-65,444157;0,148630981
660350305;276;41;76;0;79;19;44;17;44;15;10;239;211;141;240;263;248;6;22;151;11;109;114;141;19;8;73;17;122;65;23;20;4;25;25;39;49;59;104;66;Salta;66035;Cerrillos;660350305;;1068;276;-24,854243;-65,396665;0,09420541
660350309;242;24;128;0;28;10;29;30;29;45;21;161;146;103;213;184;210;7;25;134;8;84;103;134;24;7;84;21;90;45;20;23;8;35;35;39;44;44;80;66;Salta;66035;Cerrillos;660350309;;858;242;-24,856498;-65,402122;0,241576629
660350302;96;12;32;0;5;1;22;92;22;92;31;83;44;32;74;89;72;7;17;27;4;39;31;47;11;5;24;16;19;12;6;1;4;38;38;25;16;7;10;66;Salta;66035;Cerrillos;660350302;;214;96;-24,939543;-65,35582;65,98842544
660284508;372;19;212;0;23;8;13;8;13;4;4;60;171;64;339;25;253;58;61;217;8;121;176;231;37;18;91;12;100;71;46;59;27;57;57;51;67;78;119;66;Salta;66028;Capital;660284508;;1362;372;-24,855651;-65,431661;0,087871536
660284516;247;30;172;0;32;9;4;15;4;11;4;107;79;22;240;55;109;120;18;103;2;38;136;203;30;37;114;37;83;37;10;15;10;55;55;65;51;31;45;66;Salta;66028;Capital;660284516;;702;247;-24,8602;-65,448152;0,657526014
660284511;255;17;180;0;11;3;0;0;0;1;0;17;97;9;239;4;209;14;32;146;3;56;127;193;38;28;96;17;94;63;28;18;13;22;22;54;44;59;76;66;Salta;66028;Capital;660284511;;934;255;-24,858249;-65,436951;0,206900061
660350308;354;153;61;0;147;85;200;10;200;302;206;320;316;249;296;340;330;2;22;237;8;160;144;161;16;1;83;8;158;112;16;22;7;31;30;52;63;97;112;66;Salta;66035;Cerrillos;660350308;;1317;354;-24,856735;-65,399535;0,210695676
660350307;449;124;153;0;143;76;153;6;153;214;163;275;330;234;382;270;377;9;63;272;4;185;190;227;27;10;126;21;211;97;37;31;17;35;35;62;83;104;165;66;Salta;66035;Cerrillos;660350307;;1733;449;-24,857764;-65,39518;0,256101528
660284515;376;4;322;0;9;2;0;12;0;3;1;19;101;2;363;3;265;83;28;175;2;35;173;333;74;86;184;36;138;64;36;31;18;53;53;80;89;84;70;66;Salta;66028;Capital;660284515;;1190;376;-24,857836;-65,441394;0,154656824
660284609;471;44;278;0;43;9;16;6;16;29;7;206;155;74;412;208;293;91;87;227;5;133;216;308;48;44;158;33;150;66;48;55;48;71;71;82;100;107;111;66;Salta;66028;Capital;660284609;;1580;471;-24,858219;-65,456239;0,714561711
660284610;321;10;219;0;10;1;1;5;1;7;2;32;34;7;294;8;255;40;26;184;7;74;154;230;40;36;104;31;68;53;47;56;23;43;43;64;73;51;90;66;Salta;66028;Capital;660284610;;1117;321;-24,857388;-65,462575;0,141823803
660284704;324;8;218;0;11;2;3;2;3;5;1;40;57;9;296;30;232;54;38;194;4;105;132;203;39;32;97;23;77;61;38;52;32;41;41;56;76;61;90;66;Salta;66028;Capital;660284704;;1137;324;-24,858301;-65,465674;0,141284273
660284705;244;16;169;0;5;3;3;1;3;1;0;5;24;4;223;2;180;32;32;121;4;76;111;160;26;23;81;19;64;36;34;37;20;34;34;51;58;34;67;66;Salta;66028;Capital;660284705;;836;244;-24,857427;-65,468173;0,086889089
660284707;320;20;222;0;10;3;3;3;3;6;0;56;46;8;306;14;242;35;43;173;7;110;141;189;28;20;82;15;66;51;47;60;45;36;36;62;70;47;105;66;Salta;66028;Capital;660284707;;1181;320;-24,8593;-65,471058;0,170565983
660284510;234;8;179;0;18;2;2;1;2;3;0;20;94;38;224;13;187;15;32;113;3;66;126;161;18;17;89;9;98;36;29;29;18;15;15;30;43;63;83;66;Salta;66028;Capital;660284510;;919;234;-24,858872;-65,433471;0,088354974
660284509;429;21;297;0;23;5;7;10;7;4;0;60;195;59;406;12;322;60;47;234;5;122;204;281;49;28;149;31;131;85;53;62;25;42;42;78;92;90;127;66;Salta;66028;Capital;660284509;;1551;429;-24,858037;-65,431946;0,146387484
661470701;203;24;108;0;23;13;35;39;35;196;54;167;106;73;174;169;158;10;35;87;5;77;60;104;25;19;62;22;62;35;24;10;11;39;39;46;24;37;57;66;Salta;66147;Rosario de Lerma;661470701;;688;203;-24,863008;-65,559574;1,482005249
661470713;4;0;0;0;1;0;3;3;3;4;4;4;4;2;4;4;0;0;4;0;0;1;2;2;0;0;0;1;1;0;0;0;0;2;2;1;1;0;0;66;Salta;66147;Rosario de Lerma;661470713;;7;4;-24,871202;-65,524857;3,360868193
660070410;18;8;3;0;0;0;8;13;8;15;4;15;12;14;10;17;7;0;11;5;0;9;2;2;0;0;0;0;3;1;0;1;1;12;12;2;2;2;0;66;Salta;66007;Anta;660070410;;30;18;-25,002699;-64,346265;329,0929516
660284706;228;26;163;0;13;2;4;11;4;53;20;84;73;25;212;98;150;55;23;95;6;45;102;163;38;23;87;23;79;32;19;16;17;42;42;45;53;36;52;66;Salta;66028;Capital;660284706;;718;228;-24,860706;-65,468647;0,131461444
660350310;382;19;243;0;43;12;4;7;4;8;1;45;177;32;356;34;306;33;43;176;5;120;197;242;31;14;146;17;140;65;62;41;15;42;42;44;69;93;134;66;Salta;66035;Cerrillos;660350310;;1471;382;-24,860929;-65,399565;0,157620358
660350102;168;32;96;0;21;11;22;29;22;116;42;114;72;50;143;125;107;25;36;64;5;43;63;110;24;23;77;17;69;23;11;8;6;34;34;25;38;35;36;66;Salta;66035;Cerrillos;660350102;;530;168;-24,881669;-65,444476;12,8447143
660350311;377;7;258;1;27;5;1;5;1;6;1;33;125;10;358;8;313;24;40;196;4;103;189;256;42;25;160;20;149;82;45;33;15;33;33;56;72;101;115;66;Salta;66035;Cerrillos;660350311;;1416;377;-24,861778;-65,395078;0,148613425
660284708;384;20;240;0;26;13;6;0;6;4;2;40;202;3;356;15;278;40;66;203;7;132;156;215;41;18;112;28;100;57;64;52;33;50;50;79;74;68;113;66;Salta;66028;Capital;660284708;;1402;384;-24,864153;-65,473042;0,174881059
660070309;7;2;2;0;0;0;3;7;3;7;6;7;4;4;2;7;2;0;5;1;0;0;0;0;0;0;1;1;0;1;0;0;0;5;5;1;0;1;0;66;Salta;66007;Anta;660070309;;11;7;-24,961225;-64,565109;221,5394525
660350401;342;81;158;0;63;27;32;7;32;39;20;183;181;110;291;185;223;81;38;159;23;155;124;146;20;2;62;14;102;41;45;42;20;78;77;40;52;48;125;66;Salta;66035;Cerrillos;660350401;;1211;342;-24,864626;-65,46999;0,171043106
660350403;244;32;90;0;50;21;19;3;19;24;9;186;177;71;202;142;160;16;68;144;4;130;67;82;12;3;37;7;74;41;23;29;26;44;44;30;50;43;77;66;Salta;66035;Cerrillos;660350403;;860;244;-24,862839;-65,460225;0,222159157
660350402;303;40;110;0;53;30;30;3;30;50;20;188;163;96;262;205;208;28;67;144;10;154;67;78;10;1;55;19;94;45;51;40;14;40;40;39;38;43;143;66;Salta;66035;Cerrillos;660350402;;1255;303;-24,865117;-65,467815;0,241572006
661470710;176;9;123;0;6;4;9;134;9;168;40;137;57;22;156;111;134;10;32;60;5;29;75;140;24;41;85;28;62;19;15;9;6;37;37;43;28;42;26;66;Salta;66147;Rosario de Lerma;661470710;;510;176;-24,869467;-65,535968;1,896577719
660350404;166;6;111;0;9;2;10;10;10;80;19;86;65;28;156;152;127;18;21;74;3;20;90;137;26;21;87;18;86;25;9;6;3;19;19;34;27;53;33;66;Salta;66035;Cerrillos;660350404;;566;166;-24,865344;-65,453796;0,53021532
660350407;245;16;143;0;18;5;13;9;13;81;26;87;86;32;218;124;187;21;37;110;2;62;111;164;25;28;105;20;116;39;16;17;12;25;25;48;47;67;58;66;Salta;66035;Cerrillos;660350407;;838;245;-24,879155;-65,472044;3,745087386
661470702;166;15;88;0;18;7;19;10;19;164;44;135;86;47;145;146;127;8;31;73;2;43;64;102;19;19;58;13;59;22;13;13;10;36;36;25;34;34;37;66;Salta;66147;Rosario de Lerma;661470702;;516;166;-24,869807;-65,564037;0,759400855
660284709;234;6;144;0;13;2;12;1;12;11;0;43;108;30;219;17;183;23;28;145;3;79;100;134;21;13;61;8;45;41;36;53;17;34;34;32;43;54;71;66;Salta;66028;Capital;660284709;;879;234;-24,867496;-65,474584;0,094737613
661470308;8;4;0;0;0;0;6;8;6;4;3;7;7;7;0;8;2;0;6;4;0;2;0;2;2;0;0;0;0;2;0;1;1;4;4;3;0;1;0;66;Salta;66147;Rosario de Lerma;661470308;;14;8;-24,930406;-65,755665;77,88583025
660280402;27;6;3;0;1;0;15;18;15;12;12;23;23;21;9;23;12;2;13;8;0;8;7;7;0;0;0;1;5;3;2;1;3;12;12;6;3;3;3;66;Salta;66028;Capital;660280402;;63;27;-24,953684;-65,215476;157,4248971
660350405;178;2;170;0;4;2;0;6;0;11;1;74;30;3;174;53;155;17;6;67;4;17;81;159;17;61;114;13;91;25;19;2;5;23;23;26;41;51;37;66;Salta;66035;Cerrillos;660350405;;598;178;-24,869021;-65,454188;0,361859826
660284710;254;7;175;0;8;2;10;2;10;5;0;42;142;15;238;10;203;14;37;135;2;95;120;153;21;12;70;16;52;42;53;41;19;31;31;51;51;42;79;66;Salta;66028;Capital;660284710;;930;254;-24,869907;-65,476189;0,114985661
661470707;74;0;63;0;2;0;0;33;0;73;9;46;20;8;72;23;63;4;7;26;1;3;34;70;8;28;46;11;33;10;5;1;0;14;14;14;15;23;8;66;Salta;66147;Rosario de Lerma;661470707;;219;74;-24,875579;-65,547071;0,588522922
661470706;148;5;92;0;2;0;9;21;9;140;34;113;37;31;135;126;105;15;28;64;3;32;64;108;22;22;65;19;53;19;15;5;5;32;32;30;34;28;24;66;Salta;66147;Rosario de Lerma;661470706;;440;148;-24,873543;-65,553694;0,722747115
661470311;233;26;102;0;40;15;24;6;24;225;33;167;141;56;174;167;165;21;47;117;4;90;73;98;19;6;52;13;65;34;31;38;18;34;34;37;44;39;79;66;Salta;66147;Rosario de Lerma;661470311;;872;233;-24,877686;-65,591471;0,562497821
661470312;259;34;124;0;24;10;35;19;35;250;96;185;151;77;220;213;172;27;60;116;3;86;97;136;26;13;83;21;84;34;27;25;19;49;49;43;50;44;73;66;Salta;66147;Rosario de Lerma;661470312;;928;259;-24,876659;-65,588121;0,444835342
660350408;353;71;102;0;121;52;71;10;71;23;14;303;278;183;306;345;306;9;38;220;16;168;101;114;7;6;59;12;132;68;47;51;17;26;26;37;49;58;183;66;Salta;66035;Cerrillos;660350408;;1551;353;-24,876649;-65,478415;0,580952912
661470703;133;4;70;0;2;1;14;13;14;127;22;103;56;34;124;113;103;8;22;71;1;42;52;83;16;15;44;14;37;15;15;6;7;39;39;24;25;17;28;66;Salta;66147;Rosario de Lerma;661470703;;378;133;-24,877214;-65,566413;0,555403815
661470307;328;47;166;1;48;23;69;58;69;316;105;271;173;114;281;284;197;24;107;128;12;94;117;181;30;34;117;43;122;41;26;25;12;59;59;66;64;59;80;66;Salta;66147;Rosario de Lerma;661470307;;1075;328;-24,939015;-65,655265;96,18352601
661470704;111;4;91;0;5;0;0;9;0;106;17;77;34;17;105;32;95;9;7;51;2;14;50;88;15;23;60;24;46;10;7;3;4;17;17;31;24;23;16;66;Salta;66147;Rosario de Lerma;661470704;;328;111;-24,877385;-65,561384;0,432134223
660350406;153;13;111;0;8;4;2;7;2;101;22;66;42;16;148;30;86;45;22;59;4;15;77;135;24;34;84;21;71;11;6;2;4;38;38;34;30;36;15;66;Salta;66035;Cerrillos;660350406;;425;153;-24,874409;-65,459693;0,221169695
660350101;114;30;39;0;28;12;30;52;30;105;47;77;79;43;94;101;57;6;51;51;12;46;35;43;5;3;27;9;42;16;13;10;6;18;18;18;20;20;38;66;Salta;66035;Cerrillos;660350101;;411;114;-24,884104;-65,512416;10,86402745
660350314;202;26;88;0;26;7;34;9;34;193;71;153;118;65;183;192;160;20;22;87;7;75;83;111;24;4;75;20;83;32;15;10;10;32;32;35;40;45;50;66;Salta;66035;Cerrillos;660350314;;681;202;-24,873802;-65,397629;0,192300616
660350313;213;47;82;0;42;20;48;2;48;191;66;146;150;96;185;201;153;17;43;97;16;64;89;111;12;10;70;21;81;38;21;13;11;28;28;47;33;37;68;66;Salta;66035;Cerrillos;660350313;;745;213;-24,876462;-65,399276;0,274158602
660350315;189;34;107;0;31;10;14;6;14;182;34;83;82;31;164;177;152;21;16;75;8;56;82;112;17;13;76;10;85;33;19;15;5;22;22;24;36;45;62;66;Salta;66035;Cerrillos;660350315;;735;189;-24,879752;-65,396734;0,451693417
660350312;201;44;85;0;45;18;66;9;66;191;129;156;132;95;174;193;168;15;18;87;13;84;69;96;24;3;61;14;93;27;16;15;7;29;29;33;36;42;61;66;Salta;66035;Cerrillos;660350312;;699;201;-24,879835;-65,408327;0,312973674
661470705;92;9;62;0;6;3;4;7;4;90;7;73;34;10;83;82;69;9;14;45;0;10;55;78;14;9;40;13;38;10;7;3;5;16;16;20;11;23;22;66;Salta;66147;Rosario de Lerma;661470705;;300;92;-24,880613;-65,557398;0,329068922
660280403;29;7;0;0;1;0;22;25;22;20;15;26;27;26;4;26;15;1;13;11;0;17;3;3;0;0;0;0;2;4;4;3;6;10;10;8;4;2;5;66;Salta;66028;Capital;660280403;;74;29;-24,995702;-65,279054;173,4310297
660350409;243;29;77;0;51;15;56;5;56;1;1;187;179;94;192;240;214;11;18;167;14;109;76;87;9;2;39;6;81;61;29;41;14;11;11;25;45;43;119;66;Salta;66035;Cerrillos;660350409;;1044;243;-24,880795;-65,478706;0,063359742
661470709;90;2;82;0;2;2;0;9;0;89;7;55;20;4;87;5;75;9;6;33;1;3;40;86;8;38;56;8;52;9;4;2;1;14;14;16;18;26;16;66;Salta;66147;Rosario de Lerma;661470709;;295;90;-24,88422;-65,544533;0,372004808
660350316;32;5;15;0;7;1;4;22;4;32;11;25;14;12;30;32;25;2;5;17;0;7;20;25;4;1;12;1;15;6;3;1;2;4;4;7;6;5;10;66;Salta;66035;Cerrillos;660350316;;111;32;-24,881951;-65,388975;0,182957723
661470708;70;1;59;0;0;0;0;9;0;68;8;37;6;5;67;12;61;5;4;19;1;6;36;64;5;23;40;12;26;7;4;1;2;18;18;17;8;18;9;66;Salta;66147;Rosario de Lerma;661470708;;195;70;-24,888401;-65,547507;0,556060146
660350317;46;3;17;0;3;1;3;19;3;45;7;37;24;25;43;38;33;7;6;24;0;15;20;27;6;1;22;5;18;8;3;3;0;9;9;7;9;10;11;66;Salta;66035;Cerrillos;660350317;;146;46;-24,886579;-65,381962;0,31000569
660350501;395;45;192;0;48;13;16;8;16;28;8;238;249;122;342;196;237;62;96;177;23;158;135;182;37;10;89;16;120;55;55;57;29;63;63;55;67;64;146;66;Salta;66035;Cerrillos;660350501;;1487;395;-24,893749;-65,488602;0,618505528
661470309;8;1;0;0;0;0;8;7;8;8;8;8;8;8;3;8;8;0;0;3;0;4;1;1;0;0;0;0;1;1;5;0;0;1;1;1;0;1;5;66;Salta;66147;Rosario de Lerma;661470309;;41;8;-24,952626;-65,847281;89,26419933
660070311;7;3;0;0;0;0;6;7;6;7;6;7;6;6;1;6;3;1;3;0;1;4;1;1;0;0;1;0;1;0;0;2;2;2;2;1;1;3;0;66;Salta;66007;Anta;660070311;;19;7;-25,10664;-64,837963;448,5036567
660350106;209;3;170;0;5;1;2;11;2;191;14;34;60;3;198;7;147;38;24;90;2;17;110;192;29;53;112;37;92;17;2;2;4;55;55;51;43;38;22;66;Salta;66035;Cerrillos;660350106;;552;209;-24,889669;-65,431501;0,114609093
660350502;251;28;146;0;31;8;13;4;13;45;22;123;139;77;228;147;154;40;57;113;13;88;90;136;23;23;75;20;78;36;28;29;24;36;36;49;52;45;69;66;Salta;66035;Cerrillos;660350502;;869;251;-24,892724;-65,484211;0,257935397
660350103;283;35;135;1;30;15;68;108;68;250;88;220;159;137;238;190;133;13;137;97;20;95;85;143;16;42;82;35;115;35;17;11;9;61;61;54;58;57;53;66;Salta;66035;Cerrillos;660350103;;889;283;-24,926362;-65,458774;41,77705611
660350105;225;11;124;0;15;3;26;22;26;192;57;154;100;51;189;120;132;19;74;82;11;54;87;149;14;48;90;21;84;14;23;10;10;63;63;30;39;45;48;66;Salta;66035;Cerrillos;660350105;;704;225;-24,908313;-65,519187;14,91329547
660350503;333;35;205;0;27;6;8;0;8;10;6;146;152;50;308;80;248;37;48;167;6;99;150;206;35;21;115;29;113;53;35;45;27;31;31;65;57;73;107;66;Salta;66035;Cerrillos;660350503;;1232;333;-24,894023;-65,480437;0,18390967
660140103;126;23;28;0;7;2;74;56;74;105;85;114;109;92;81;124;73;5;48;47;0;49;19;23;4;0;14;4;23;15;20;10;18;36;36;21;16;14;39;66;Salta;66014;Cachi;660140103;;414;126;-25,051034;-65,976911;565,0734205
660140202;183;48;13;0;31;11;113;138;113;152;108;154;159;141;73;176;135;2;46;83;0;107;30;38;4;4;14;16;48;30;23;16;9;41;41;31;37;25;49;66;Salta;66014;Cachi;660140202;;597;183;-25,026154;-66,298611;293,3734472
661470402;305;30;105;0;55;16;96;94;96;297;157;252;223;120;212;270;128;10;167;95;15;154;68;95;11;16;72;25;130;39;28;19;18;46;46;46;60;43;110;66;Salta;66147;Rosario de Lerma;661470402;;1106;305;-24,928845;-65,562189;39,87957262
660490210;3;0;0;0;0;0;2;3;2;3;3;1;3;1;1;3;2;0;1;3;1;3;0;0;0;0;0;1;0;1;0;0;0;1;1;2;0;0;0;66;Salta;66049;General Güemes;660490210;;5;3;-25,019181;-64,971286;454,6725722
660350504;406;50;234;1;44;20;17;5;17;22;6;226;209;82;367;158;269;72;65;207;15;125;161;249;57;31;124;41;94;50;58;51;35;77;76;80;62;66;122;66;Salta;66035;Cerrillos;660350504;;1427;406;-24,898505;-65,482852;0,479724252
661470801;196;39;100;0;29;12;17;4;17;194;28;89;92;56;171;120;143;17;36;90;0;66;72;102;19;11;63;13;55;26;31;30;18;23;23;39;34;33;67;66;Salta;66147;Rosario de Lerma;661470801;;748;196;-24,906304;-65,656828;1,523304174
660350505;427;36;270;1;27;10;11;10;11;34;10;147;182;42;388;113;265;75;87;219;3;115;186;281;43;52;144;40;120;64;49;44;34;76;75;89;84;82;97;66;Salta;66035;Cerrillos;660350505;;1425;427;-24,901923;-65,490227;0,418011364
661050207;3;0;0;0;0;0;3;3;3;3;3;3;3;3;0;3;3;0;0;1;0;0;1;1;0;0;1;1;0;1;0;0;0;1;1;1;1;0;0;66;Salta;66105;Los Andes;661050207;;6;3;-25,07858;-67,177699;1003,190278
661470803;282;21;151;0;22;10;14;8;14;272;78;212;122;73;247;140;168;41;73;145;0;69;132;178;24;22;74;20;64;46;31;33;26;62;62;61;51;43;65;66;Salta;66147;Rosario de Lerma;661470803;;929;282;-24,904572;-65,643914;0,439819264
660350506;501;63;271;0;61;22;57;25;57;118;54;282;298;148;447;238;309;70;122;258;4;175;187;272;52;33;142;35;157;69;55;61;36;88;88;78;93;103;139;66;Salta;66035;Cerrillos;660350506;;1793;501;-24,904875;-65,483933;0,383372945
660350107;111;14;59;0;39;8;2;4;2;17;2;13;18;3;95;24;84;0;27;42;2;62;27;30;3;0;17;1;41;21;21;18;5;4;4;8;15;14;70;66;Salta;66035;Cerrillos;660350107;;531;111;-24,902774;-65,429271;0,052026858
661470805;129;26;78;0;13;6;11;6;11;119;20;82;50;27;123;108;94;13;22;63;3;33;52;86;14;20;52;14;39;21;14;7;6;28;28;27;19;24;31;66;Salta;66147;Rosario de Lerma;661470805;;409;129;-24,907503;-65,626288;0,779694058
661470804;188;6;121;0;14;1;6;1;6;180;26;115;72;25;164;96;128;29;31;87;1;47;78;131;26;27;78;21;64;24;11;17;20;31;31;43;42;38;34;66;Salta;66147;Rosario de Lerma;661470804;;601;188;-24,906976;-65,635558;0,604427419
661470802;257;38;153;0;27;14;15;3;15;247;49;151;123;50;225;122;164;42;51;129;3;80;90;143;33;20;71;20;56;37;36;32;31;45;45;52;50;35;75;66;Salta;66147;Rosario de Lerma;661470802;;894;257;-24,906666;-65,647731;0,223126309
660070310;10;7;3;0;0;0;10;10;10;10;10;10;10;10;4;10;4;0;6;2;0;5;0;0;0;0;1;0;2;2;0;2;1;3;3;3;3;1;0;66;Salta;66007;Anta;660070310;;22;10;-25,053628;-64,702277;336,7443521
660350509;297;36;141;0;37;16;24;6;24;33;16;188;182;80;252;139;209;22;66;148;7;113;117;160;25;18;76;19;62;45;55;50;24;42;42;59;43;57;96;66;Salta;66035;Cerrillos;660350509;;1116;297;-24,906853;-65,490596;0,34243026
660350512;190;13;87;0;20;7;10;7;10;78;26;118;101;37;159;79;130;15;45;94;8;62;67;106;15;24;51;20;63;31;18;16;7;35;35;37;35;36;47;66;Salta;66035;Cerrillos;660350512;;625;190;-24,9111;-65,516762;1,085870259
660350511;389;43;179;2;40;13;18;33;18;31;12;162;170;64;318;183;292;37;60;212;29;127;147;213;44;22;95;18;121;69;47;51;26;57;57;45;69;82;136;66;Salta;66035;Cerrillos;660350511;;1477;389;-24,909807;-65,502932;0,404032257
660350510;411;57;193;0;57;15;36;11;36;58;19;186;172;94;361;167;286;50;75;190;4;171;123;176;36;17;91;28;120;53;54;62;40;54;54;67;78;68;144;66;Salta;66035;Cerrillos;660350510;;1531;411;-24,91166;-65,495469;0,93784862
660350303;105;20;51;0;12;2;20;89;20;100;33;84;69;41;86;85;61;3;41;44;8;36;43;55;5;7;35;12;40;12;10;3;9;19;19;23;18;23;22;66;Salta;66035;Cerrillos;660350303;;328;105;-24,935416;-65,399587;22,36681917
660350507;188;36;81;0;35;16;25;10;25;40;23;136;115;64;156;129;112;35;41;100;4;67;70;95;18;7;52;17;50;31;20;20;14;36;36;36;37;30;49;66;Salta;66035;Cerrillos;660350507;;630;188;-24,908269;-65,484036;0,202715811
661470812;318;83;91;0;58;18;104;14;104;306;152;302;258;173;224;225;243;18;57;209;0;162;75;85;9;1;44;9;76;61;54;53;35;30;30;49;52;55;132;66;Salta;66147;Rosario de Lerma;661470812;;1322;318;-24,915702;-65,647557;0,540634352
661470810;362;52;196;0;25;11;10;3;10;357;57;162;209;70;323;130;260;40;62;181;4;122;129;197;49;19;86;19;88;60;50;62;42;41;41;72;73;76;100;66;Salta;66147;Rosario de Lerma;661470810;;1305;362;-24,910877;-65,641806;0,266816795
661470813;246;32;125;0;50;20;29;4;29;238;84;169;148;85;226;169;201;16;29;147;0;96;95;115;16;4;57;10;77;61;24;32;21;21;20;39;51;45;91;66;Salta;66147;Rosario de Lerma;661470813;;967;246;-24,911298;-65,649361;0,284302622
661470808;304;21;174;0;22;6;6;4;6;291;42;87;172;43;278;100;224;31;49;145;2;104;104;154;35;15;86;19;63;45;50;56;28;43;43;52;52;53;104;66;Salta;66147;Rosario de Lerma;661470808;;1136;304;-24,910849;-65,634418;0,230965765
660350508;292;55;132;0;66;27;61;10;61;69;49;210;208;135;247;152;220;15;57;172;9;115;112;138;19;7;54;21;77;52;40;47;29;26;26;55;48;54;109;66;Salta;66035;Cerrillos;660350508;;1143;292;-24,910729;-65,485127;0,20378871
661470809;278;38;160;0;32;10;17;14;17;272;47;136;142;48;240;175;191;46;41;132;6;89;112;150;29;9;75;24;71;47;37;40;17;42;42;48;48;49;91;66;Salta;66147;Rosario de Lerma;661470809;;1019;278;-24,913042;-65,636803;0,239090292
661470807;325;35;155;0;44;20;24;4;24;316;49;210;163;91;291;201;217;65;43;131;6;109;130;186;46;10;98;19;111;48;42;40;21;44;44;46;48;72;115;66;Salta;66147;Rosario de Lerma;661470807;;1246;325;-24,913544;-65,631296;0,233726716
661470806;233;76;90;0;39;10;15;4;15;220;73;175;152;81;207;210;143;62;28;98;14;99;52;80;23;5;55;17;64;39;30;23;19;41;40;37;36;37;83;66;Salta;66147;Rosario de Lerma;661470806;;854;233;-24,918516;-65,624051;1,525639986
661470811;130;28;48;0;23;12;25;17;25;129;62;107;83;44;110;117;102;9;19;68;11;51;47;62;10;5;39;15;42;17;13;15;8;20;20;28;21;22;39;66;Salta;66147;Rosario de Lerma;661470811;;447;130;-24,91659;-65,643359;0,27631544
660350104;19;5;8;0;2;1;7;5;7;16;8;18;16;10;15;18;3;0;16;6;0;10;4;5;1;0;6;2;8;2;3;2;0;2;2;3;5;2;7;66;Salta;66035;Cerrillos;660350104;;76;19;-24,937186;-65,507172;9,364542008
660070509;9;1;1;0;0;0;6;6;6;6;5;9;8;6;3;9;9;0;0;4;0;1;0;0;0;0;0;1;3;0;0;1;3;1;1;2;3;0;3;66;Salta;66007;Anta;660070509;;32;9;-25,021934;-63,311585;725,2409413
660140104;91;11;21;0;11;3;27;7;27;86;36;48;40;46;69;91;67;7;17;46;0;43;27;32;5;0;9;4;23;21;13;6;5;19;19;16;14;13;29;66;Salta;66014;Cachi;660140104;;304;91;-24,935925;-66,1655;0,339443677
661470313;175;33;80;0;51;20;40;7;40;169;64;131;116;90;155;168;143;8;24;84;2;66;74;92;11;7;59;11;74;45;16;11;5;13;13;28;29;40;65;66;Salta;66147;Rosario de Lerma;661470313;;675;175;-24,93572;-65,620644;0,301078266
661470403;57;12;30;0;9;1;30;28;30;52;25;45;47;34;51;53;13;1;43;19;1;27;8;11;2;1;4;2;18;8;7;8;2;12;12;6;5;10;24;66;Salta;66147;Rosario de Lerma;661470403;;221;57;-24,992654;-65,544837;29,11166108
661470404;112;14;39;0;20;7;12;17;12;64;33;65;73;49;84;68;56;10;46;47;6;47;36;51;4;11;19;9;32;18;13;9;3;28;28;16;21;15;32;66;Salta;66147;Rosario de Lerma;661470404;;382;112;-24,982113;-65,59028;17,4476339
660350203;228;48;85;0;44;15;73;162;73;219;92;184;138;105;155;195;106;13;109;96;14;83;80;111;16;15;57;22;84;26;17;9;15;55;55;41;47;34;51;66;Salta;66035;Cerrillos;660350203;;693;228;-24,995554;-65,414343;35,68926232
660350202;351;60;94;0;79;28;134;80;134;326;129;261;275;218;265;299;144;16;191;144;21;170;91;107;11;5;75;22;110;51;47;23;27;71;71;49;54;59;118;66;Salta;66035;Cerrillos;660350202;;1247;351;-24,969434;-65,449321;21,94470477
660070507;10;8;0;0;0;0;9;10;9;10;10;10;10;10;5;7;7;0;3;4;0;4;0;0;0;0;1;0;2;1;0;2;1;4;4;1;2;2;1;66;Salta;66007;Anta;660070507;;25;10;-25,115066;-63,722687;1019,209352
660350201;81;20;34;0;16;8;23;52;23;77;22;61;49;34;73;75;54;1;26;35;4;31;29;41;10;2;17;3;36;10;7;4;9;12;12;11;15;18;25;66;Salta;66035;Cerrillos;660350201;;288;81;-24,967298;-65,513868;17,35963263
661470502;144;13;69;0;26;7;4;7;4;6;3;43;73;39;135;101;119;6;19;89;0;62;53;66;9;4;40;7;56;27;13;16;9;16;16;19;23;30;56;66;Salta;66147;Rosario de Lerma;661470502;;573;144;-24,960107;-65,595492;0,234647325
661470406;16;3;0;0;1;0;14;16;14;13;13;16;16;16;0;16;10;0;6;4;0;10;1;1;0;0;0;0;2;1;2;1;2;8;8;0;3;1;4;66;Salta;66147;Rosario de Lerma;661470406;;42;16;-25,021212;-65,798091;149,0941475
661470501;312;33;135;0;44;17;49;9;49;125;72;234;228;122;241;215;206;25;81;141;1;143;96;117;20;1;54;14;77;53;29;46;37;56;56;52;50;54;100;66;Salta;66147;Rosario de Lerma;661470501;;1137;312;-24,971828;-65,595781;2,383848764
660350209;390;72;152;1;119;55;68;16;68;384;66;307;308;215;345;382;356;3;31;281;7;174;140;170;26;4;78;14;170;90;38;42;14;22;22;40;52;93;183;66;Salta;66035;Cerrillos;660350209;;1669;390;-24,959605;-65,497082;0,103244883
661470503;330;12;169;0;29;5;1;36;1;13;1;24;106;19;298;98;301;2;27;153;0;121;148;193;40;5;123;11;166;63;31;31;5;23;23;35;75;75;122;66;Salta;66147;Rosario de Lerma;661470503;;1319;330;-24,962216;-65,592518;0,159511729
660350213;400;77;178;0;75;23;49;3;49;391;68;211;248;99;338;230;253;73;74;213;18;159;142;179;32;5;84;20;100;74;61;42;29;74;74;58;72;67;129;66;Salta;66035;Cerrillos;660350213;;1482;400;-24,962644;-65,487588;0,458882342
661470504;239;8;147;0;33;6;6;38;6;31;10;63;84;24;210;77;187;23;29;108;0;75;108;147;32;7;99;13;112;49;25;17;4;19;19;34;54;59;73;66;Salta;66147;Rosario de Lerma;661470504;;892;239;-24,965939;-65,585503;1,048765853
660350211;258;38;106;0;44;17;39;18;39;240;50;165;186;115;223;186;174;32;52;118;22;110;72;89;9;8;41;19;68;41;39;38;12;41;41;35;44;44;94;66;Salta;66035;Cerrillos;660350211;;996;258;-24,968455;-65,492495;0,52100546
660350210;330;64;100;0;81;25;74;39;74;308;73;276;277;185;279;199;291;5;34;204;7;187;86;98;12;0;64;12;114;56;65;52;17;14;14;37;49;61;169;66;Salta;66035;Cerrillos;660350210;;1499;330;-24,963646;-65,495862;0,144962182
660350212;240;27;109;0;30;10;13;8;13;236;47;111;131;45;208;130;155;54;31;124;11;105;65;92;22;5;48;13;71;41;30;30;16;39;39;37;41;46;77;66;Salta;66035;Cerrillos;660350212;;892;240;-24,964104;-65,491102;0,128174466
660280404;20;0;1;0;1;0;6;19;6;20;17;19;18;18;1;19;0;2;18;7;0;12;0;1;0;1;3;3;5;0;2;0;6;4;4;6;7;1;2;66;Salta;66028;Capital;660280404;;51;20;-25,119126;-65,184341;295,3199407
661470507;249;9;167;0;17;4;8;15;8;14;4;132;109;27;221;71;176;34;39;115;4;86;98;144;31;15;88;20;69;34;43;29;20;34;34;48;52;43;72;66;Salta;66147;Rosario de Lerma;661470507;;884;249;-24,9718;-65,576331;0,784781278
660350215;421;60;185;0;74;22;18;2;18;406;41;243;278;131;349;261;248;90;83;212;15;156;138;193;43;12;80;27;110;67;66;52;42;57;57;74;81;79;130;66;Salta;66035;Cerrillos;660350215;;1568;421;-24,970051;-65,484929;0,342843869
661470505;278;14;145;0;25;5;11;12;11;17;4;71;148;100;238;70;220;25;33;139;3;115;85;123;31;7;67;22;71;46;40;50;20;29;29;60;45;46;98;66;Salta;66147;Rosario de Lerma;661470505;;1084;278;-24,969772;-65,586155;0,180269133
660350214;295;28;132;0;34;15;19;3;19;286;25;135;167;45;242;154;188;37;70;164;5;118;102;143;32;9;65;15;58;46;49;48;29;50;50;47;45;61;92;66;Salta;66035;Cerrillos;660350214;;1099;295;-24,969877;-65,488484;0,204358334
660070510;208;114;8;0;48;23;163;47;163;172;150;207;141;167;140;169;191;1;16;99;0;89;21;24;2;1;20;11;84;33;21;21;19;19;19;32;39;38;80;66;Salta;66007;Anta;660070510;;800;208;-24,957609;-63,855102;0,648668114
661470506;384;37;200;0;42;12;13;5;13;25;7;184;197;73;312;159;290;30;64;202;2;153;109;162;34;19;72;21;90;58;48;62;34;71;71;60;68;62;123;66;Salta;66147;Rosario de Lerma;661470506;;1360;384;-24,97267;-65,583086;0,178546523
661470405;37;4;8;0;8;1;10;21;10;35;19;34;20;21;30;34;8;3;26;16;0;26;5;6;0;1;12;0;20;2;6;2;2;5;5;0;12;8;12;66;Salta;66147;Rosario de Lerma;661470405;;147;37;-25,02349;-65,680454;118,2771621
660350206;275;32;122;0;44;12;19;18;19;266;28;98;157;33;255;119;186;12;77;117;5;104;88;114;25;1;74;7;98;44;50;33;10;33;33;29;62;53;98;66;Salta;66035;Cerrillos;660350206;;1094;275;-25,006395;-65,468808;25,83029891
661470509;296;15;160;0;19;8;10;7;10;23;8;164;117;33;256;84;181;43;72;159;6;120;99;146;28;19;60;22;74;54;34;37;29;46;46;60;52;53;85;66;Salta;66147;Rosario de Lerma;661470509;;1028;296;-24,976719;-65,583913;0,348659633
661470604;199;43;94;1;30;8;17;21;17;49;17;99;101;55;159;111;101;57;41;94;15;92;56;63;5;2;31;8;53;36;19;27;15;41;41;34;30;35;59;66;Salta;66147;Rosario de Lerma;661470604;;689;199;-24,98043;-65,570306;0,484892303
661470508;275;30;135;0;23;9;14;2;14;18;5;136;155;67;220;100;156;48;71;143;5;100;90;139;33;16;62;22;64;55;30;36;25;43;43;67;42;56;67;66;Salta;66147;Rosario de Lerma;661470508;;901;275;-24,977272;-65,576937;0,232356469
661470510;238;14;130;0;16;8;6;1;6;10;2;193;61;48;205;46;179;25;34;116;3;110;74;110;28;8;60;17;61;36;41;41;17;25;25;47;47;47;72;66;Salta;66147;Rosario de Lerma;661470510;;883;238;-24,978398;-65,588514;0,110013526
661470603;239;41;117;0;29;12;10;5;10;18;6;115;132;85;189;129;127;57;55;113;7;112;66;90;20;4;51;11;61;34;30;34;25;44;44;40;31;60;64;66;Salta;66147;Rosario de Lerma;661470603;;884;239;-24,979754;-65,574278;0,176962747
661470601;381;38;212;0;30;14;30;9;30;47;16;182;227;93;321;176;250;45;86;202;4;157;126;185;44;15;77;24;92;59;42;52;28;84;83;68;70;61;99;66;Salta;66147;Rosario de Lerma;661470601;;1282;381;-24,981152;-65,581748;0,307106664
661470410;245;62;71;0;85;36;108;70;108;230;100;191;202;97;192;243;207;7;31;164;1;138;56;64;6;2;35;2;95;80;24;28;4;12;12;26;42;53;112;66;Salta;66147;Rosario de Lerma;661470410;;1030;245;-24,981086;-65,59763;0,072516621
661470602;213;18;96;0;25;12;10;5;10;20;11;118;122;74;171;107;144;28;41;92;11;93;62;96;25;9;45;19;41;36;29;31;25;32;32;41;39;31;70;66;Salta;66147;Rosario de Lerma;661470602;;813;213;-24,981693;-65,576575;0,128905731
661470411;215;55;50;0;92;35;111;41;111;200;127;171;193;125;165;211;186;2;27;136;4;130;53;64;10;1;26;7;103;51;15;16;5;18;18;22;48;43;84;66;Salta;66147;Rosario de Lerma;661470411;;842;215;-24,982193;-65,599337;0,081427396
661470407;515;101;194;0;102;40;114;7;114;434;191;382;396;176;415;288;390;38;87;248;26;266;101;122;18;3;65;31;145;85;65;81;44;64;64;72;87;80;212;66;Salta;66147;Rosario de Lerma;661470407;;2131;515;-24,983101;-65,567379;0,160636171
661470607;158;13;87;0;6;1;5;4;5;5;3;81;87;29;130;61;110;28;20;72;2;50;58;84;14;12;33;24;37;21;14;21;13;28;28;43;27;21;39;66;Salta;66147;Rosario de Lerma;661470607;;508;158;-24,98399;-65,579594;0,111258967
661470408;325;56;100;0;60;33;93;5;93;283;136;289;286;157;255;177;238;16;71;164;9;169;68;78;9;1;38;9;105;63;43;42;16;47;47;34;50;54;140;66;Salta;66147;Rosario de Lerma;661470408;;1312;325;-24,984645;-65,564675;0,124435432
661470606;91;11;48;0;6;1;6;1;6;3;0;32;42;18;74;31;57;16;18;41;5;27;36;54;9;9;26;9;21;13;8;12;6;22;22;21;11;15;22;66;Salta;66147;Rosario de Lerma;661470606;;278;91;-24,985048;-65,578109;0,084928827
661470608;304;49;149;0;42;15;10;7;10;21;6;155;171;77;245;132;210;50;44;142;7;136;98;129;24;7;63;13;88;35;39;51;18;60;59;38;55;47;105;66;Salta;66147;Rosario de Lerma;661470608;;1145;304;-24,986713;-65,583463;0,249128597
661470409;308;47;102;0;55;24;54;5;54;256;154;281;270;174;237;178;242;11;55;167;6;181;64;79;10;5;35;8;93;57;35;56;28;31;31;38;54;57;128;66;Salta;66147;Rosario de Lerma;661470409;;1257;308;-24,986737;-65,5666;0,117423407
661470605;277;22;140;0;29;8;16;8;16;47;10;174;150;76;250;108;178;39;60;129;9;108;93;132;21;18;69;14;80;57;39;31;16;40;40;53;56;44;84;66;Salta;66147;Rosario de Lerma;661470605;;999;277;-24,986991;-65,57628;0,233665096
660070314;31;15;0;0;1;0;25;27;25;30;25;30;25;26;1;31;25;0;6;9;0;12;2;2;0;0;0;4;3;2;1;3;3;15;15;8;1;5;2;66;Salta;66007;Anta;660070314;;64;31;-25,076839;-64,54156;229,1253574
660350207;76;16;15;0;15;6;44;74;44;65;46;63;66;8;59;70;22;0;54;35;7;33;16;19;1;2;10;2;26;17;3;5;5;18;18;15;10;12;21;66;Salta;66035;Cerrillos;660350207;;236;76;-25,012208;-65,505538;17,24712056
661470611;338;62;151;0;53;16;62;6;62;52;23;164;214;124;281;175;217;27;94;149;10;139;104;140;26;10;79;16;121;50;35;42;20;54;54;55;51;63;115;66;Salta;66147;Rosario de Lerma;661470611;;1209;338;-24,994542;-65,583842;0,708571865
661470609;188;22;81;0;20;11;10;0;10;9;5;109;101;40;159;102;109;37;42;100;2;81;66;84;15;3;42;11;49;36;27;26;19;20;20;39;33;34;62;66;Salta;66147;Rosario de Lerma;661470609;;738;188;-24,98916;-65,580293;0,129114391
660350204;4;0;1;0;1;0;1;1;1;3;3;3;2;1;3;4;3;1;0;1;1;1;0;2;1;1;1;0;0;0;2;0;1;1;1;1;0;1;1;66;Salta;66035;Cerrillos;660350204;;12;4;-25,073929;-65,322599;150,517779
661470610;195;40;68;1;21;8;4;2;4;12;4;92;131;26;155;97;102;54;39;90;8;99;43;59;12;4;34;15;57;24;22;23;16;38;38;33;26;41;57;66;Salta;66147;Rosario de Lerma;661470610;;680;195;-24,992038;-65,579979;0,181077334
660350208;343;46;148;0;72;25;52;25;52;331;58;205;207;126;288;235;207;14;122;150;10;152;95;123;23;5;72;16;110;54;59;37;27;40;40;49;56;67;131;66;Salta;66035;Cerrillos;660350208;;1340;343;-24,996167;-65,437751;0,733129518
660070404;13;2;9;0;0;0;2;4;2;13;2;9;5;8;9;11;11;0;2;7;0;3;4;4;0;0;0;0;6;0;2;1;0;4;4;0;4;5;0;66;Salta;66007;Anta;660070404;;36;13;-25,075331;-63,942871;171,8883132
660420103;102;15;11;0;15;5;42;50;42;93;43;81;85;55;50;97;57;0;45;50;4;64;15;22;5;2;16;7;29;15;10;7;16;18;18;22;14;16;32;66;Salta;66042;Chicoana;660420103;;340;102;-25,062615;-65,6351;82,63230978
660420201;63;13;17;0;8;3;12;14;12;59;25;51;47;34;46;52;10;6;47;26;1;31;11;14;1;2;12;4;25;5;3;5;8;13;13;7;13;10;20;66;Salta;66042;Chicoana;660420201;;216;63;-25,048965;-65,54017;31,13429824
660350205;62;11;6;0;12;4;43;54;43;61;49;54;59;35;44;60;17;4;41;21;0;35;14;15;0;1;7;4;14;11;2;9;3;19;19;9;9;11;14;66;Salta;66035;Cerrillos;660350205;;186;62;-25,056105;-65,429633;43,9663202
660070408;40;3;19;0;5;1;5;2;5;18;11;35;17;13;34;30;35;2;3;19;0;13;12;19;6;1;12;4;17;6;3;3;0;7;7;8;7;7;11;66;Salta;66007;Anta;660070408;;137;40;-25,063873;-64,105011;75,97868984
660420112;217;30;85;0;56;20;22;33;22;79;26;174;86;39;182;207;168;8;41;105;2;130;36;47;7;4;38;5;75;34;36;31;11;25;25;23;22;40;107;66;Salta;66042;Chicoana;660420112;;928;217;-25,037924;-65,570029;0,390963016
660140203;216;32;43;0;41;15;92;113;92;189;125;170;184;125;118;205;172;4;40;100;1;96;40;52;8;4;15;15;52;38;16;24;20;51;51;42;35;26;62;66;Salta;66014;Cachi;660140203;;699;216;-25,121452;-66,28956;204,5452741
660420203;290;53;130;0;53;18;74;91;74;167;84;161;148;95;247;254;173;12;105;146;2;116;87;119;30;2;64;13;106;48;36;34;13;40;40;36;51;47;116;66;Salta;66042;Chicoana;660420203;;1102;290;-25,099368;-65,445987;64,63629482
660140105;154;17;61;0;34;9;5;5;5;21;13;96;53;20;131;131;107;22;25;86;1;74;40;59;12;7;27;13;48;33;12;14;14;20;20;29;39;22;44;66;Salta;66014;Cachi;660140105;;533;154;-25,049308;-66,099985;0,583798584
660140106;105;7;49;1;10;2;2;8;2;27;4;71;50;28;88;101;72;17;16;45;0;44;33;46;11;2;21;5;32;17;12;7;7;25;24;15;18;18;30;66;Salta;66014;Cachi;660140106;;345;105;-25,054143;-66,099301;1,340112367
660420202;125;11;33;0;18;6;68;41;68;124;70;87;100;55;89;118;24;8;93;48;0;77;18;25;3;4;23;7;46;9;22;10;8;23;23;14;22;21;45;66;Salta;66042;Chicoana;660420202;;458;125;-25,085687;-65,507517;16,10253319
660420301;310;28;156;0;30;9;21;7;21;107;24;130;128;50;277;245;184;57;69;160;2;124;101;138;25;12;73;27;67;59;44;45;15;53;53;60;57;61;79;66;Salta;66042;Chicoana;660420301;;1036;310;-25,069541;-65,498831;0,96936107
660420104;94;14;28;0;11;4;38;4;38;89;48;48;63;37;62;82;41;11;42;30;1;38;25;42;9;8;31;17;23;13;5;10;3;23;23;24;12;16;19;66;Salta;66042;Chicoana;660420104;;276;94;-25,08549;-65,549191;14,92909533
660420302;192;32;82;0;45;15;14;8;14;165;35;138;120;55;160;189;138;18;36;97;3;88;63;83;17;3;51;11;62;32;19;24;14;30;30;29;36;49;48;66;Salta;66042;Chicoana;660420302;;686;192;-25,06416;-65,494674;0,22751943
660420303;289;68;137;0;44;19;44;2;44;254;54;194;156;108;259;270;203;43;43;154;8;129;76;102;18;8;58;15;88;57;33;31;20;45;45;47;55;58;84;66;Salta;66042;Chicoana;660420303;;1028;289;-25,065969;-65,490861;0,233314771
660420308;434;56;188;0;64;21;30;7;30;182;34;247;232;124;372;345;301;43;90;203;2;193;148;188;32;8;99;29;137;65;59;56;28;60;60;74;82;79;139;66;Salta;66042;Chicoana;660420308;;1617;434;-25,070169;-65,489356;0,423272179
660420304;181;20;96;0;19;5;6;0;6;85;20;111;81;43;159;172;143;23;15;90;1;70;67;96;22;7;46;8;62;35;23;14;17;22;22;37;33;37;52;66;Salta;66042;Chicoana;660420304;;634;181;-25,067273;-65,495894;0,185199774
660420101;105;47;2;0;6;2;84;96;84;63;46;104;99;89;15;104;67;4;34;46;0;62;9;15;6;0;9;9;18;8;3;14;17;36;36;22;19;10;18;66;Salta;66042;Chicoana;660420101;;284;105;-25,18883;-65,787745;298,1223404
660420305;217;25;118;0;14;4;17;0;17;27;6;81;105;60;190;134;159;24;34;125;0;90;64;92;27;1;46;15;61;37;32;37;14;21;21;40;49;40;67;66;Salta;66042;Chicoana;660420305;;806;217;-25,071332;-65,494188;0,121192427
660420313;289;66;98;0;58;23;44;67;44;273;62;230;184;122;231;276;192;41;56;150;5;118;94;122;21;7;71;17;107;46;35;24;17;43;43;52;51;54;89;66;Salta;66042;Chicoana;660420313;;1016;289;-25,076723;-65,509318;0,8789897
660420307;229;38;103;0;35;13;16;1;16;58;21;161;98;57;182;130;127;44;58;119;2;95;72;100;20;8;38;18;50;46;23;34;19;39;39;45;45;41;59;66;Salta;66042;Chicoana;660420307;;782;229;-25,074773;-65,491311;0,170574412
660420306;240;45;100;0;22;7;14;5;14;102;19;153;116;67;204;168;129;57;54;116;0;88;92;122;24;6;58;20;57;39;28;24;22;50;50;48;47;37;58;66;Salta;66042;Chicoana;660420306;;797;240;-25,075772;-65,494466;0,124792667
660420204;8;3;0;0;1;0;8;8;8;5;4;8;8;7;2;8;1;0;7;2;0;5;0;0;0;0;0;1;1;1;0;0;0;5;5;2;1;0;0;66;Salta;66042;Chicoana;660420204;;12;8;-25,161545;-65,344999;151,5989202
660070411;2;0;1;0;0;0;0;1;0;2;1;1;1;1;2;2;1;0;1;0;0;1;0;1;1;0;1;1;1;0;0;0;0;0;0;1;0;1;0;66;Salta;66007;Anta;660070411;;6;2;-25,129071;-64,394709;151,7490968
660420309;216;27;104;0;19;7;10;2;10;102;19;134;109;52;180;169;138;34;44;116;0;75;71;115;32;12;49;12;49;35;32;29;21;38;38;38;44;35;61;66;Salta;66042;Chicoana;660420309;;753;216;-25,077165;-65,489142;0,168303755
660420102;135;32;8;0;13;4;103;85;103;106;92;123;126;85;41;133;41;3;91;56;0;62;19;25;6;0;9;12;23;14;13;7;16;50;50;28;16;17;24;66;Salta;66042;Chicoana;660420102;;360;135;-25,158267;-65,670632;181,5087669
660420310;225;17;85;0;22;3;17;1;17;14;5;116;110;46;181;220;148;20;57;127;1;94;78;92;11;3;42;14;47;32;37;31;24;40;40;36;38;38;73;66;Salta;66042;Chicoana;660420310;;787;225;-25,078852;-65,485588;0,096065879
660420114;239;75;87;0;45;18;58;9;58;229;55;192;163;111;195;232;156;35;48;120;8;102;66;90;21;3;44;11;65;47;37;27;14;38;38;35;43;37;86;66;Salta;66042;Chicoana;660420114;;887;239;-25,081435;-65,529952;0,481896105
660420312;325;44;163;0;34;8;21;4;21;175;19;185;175;91;274;206;210;62;53;183;4;132;93;142;34;15;73;19;70;58;55;48;14;61;61;50;65;45;104;66;Salta;66042;Chicoana;660420312;;1145;325;-25,079351;-65,496642;0,279411214
660420311;348;51;170;1;50;20;31;2;31;231;60;200;176;87;300;255;222;42;84;194;2;146;110;159;35;14;78;23;96;46;49;51;32;51;51;61;59;58;119;66;Salta;66042;Chicoana;660420311;;1317;348;-25,083503;-65,488009;0,450479755
660420113;253;37;102;0;44;21;28;10;28;228;66;185;107;63;199;168;158;10;85;121;1;127;58;89;22;9;44;11;68;43;46;31;29;25;25;40;47;53;88;66;Salta;66042;Chicoana;660420113;;1012;253;-25,083113;-65,536186;0,342926898
660140205;97;8;24;0;12;2;36;55;36;86;44;70;81;59;63;88;53;6;38;41;1;47;9;24;10;5;11;9;23;11;15;12;9;18;18;17;18;12;32;66;Salta;66014;Cachi;660140205;;333;97;-25,209263;-66,049126;463,681475
660070405;107;35;10;0;24;13;58;50;58;81;68;102;90;77;42;101;82;0;25;51;0;42;25;29;4;0;6;5;36;23;7;5;8;23;23;17;23;18;26;66;Salta;66007;Anta;660070405;;347;107;-25,174481;-63,993334;260,9184272
660140206;146;12;39;0;19;7;36;48;36;135;77;102;110;57;99;144;111;10;25;81;0;74;35;45;8;2;23;11;48;23;15;12;15;22;22;26;40;21;37;66;Salta;66014;Cachi;660140206;;485;146;-25,09781;-66,187372;1,098341284
660140207;169;20;42;0;39;11;46;44;46;157;81;106;142;92;126;164;121;16;32;91;0;82;39;57;13;5;25;10;46;34;29;9;10;31;31;29;21;28;60;66;Salta;66014;Cachi;660140207;;621;169;-25,106556;-66,173684;2,292199009
660420105;177;43;63;0;39;17;79;72;79;118;71;123;118;83;129;137;85;4;88;81;1;78;41;62;14;7;37;11;50;16;32;23;10;35;35;24;25;19;74;66;Salta;66042;Chicoana;660420105;;671;177;-25,168687;-65,595354;96,79704155
660420108;295;47;155;0;42;16;32;12;32;30;12;113;128;77;249;127;210;23;62;169;2;125;89;134;32;13;73;15;81;40;44;58;23;34;34;39;73;51;98;66;Salta;66042;Chicoana;660420108;;1130;295;-25,101559;-65,538102;0,375696757
660070407;135;26;23;1;27;10;61;79;61;125;102;125;103;83;82;130;97;6;32;52;0;58;33;38;4;1;19;7;48;23;10;4;11;32;32;19;21;27;36;66;Salta;66007;Anta;660070407;;440;135;-25,11926;-64,150587;16,60634981
660420110;271;34;120;0;44;19;16;12;16;34;15;188;135;85;221;185;162;32;77;136;6;115;85;112;23;4;49;17;68;38;35;42;23;48;48;43;38;45;97;66;Salta;66042;Chicoana;660420110;;1013;271;-25,102259;-65,53101;0,314104527
660420106;240;21;84;0;39;7;80;61;80;159;96;136;150;121;194;170;97;23;120;107;1;111;64;86;14;8;54;15;85;30;37;22;15;36;36;38;49;34;83;66;Salta;66042;Chicoana;660420106;;872;240;-25,158778;-65,522035;62,98935128
661190101;108;19;58;0;5;0;39;99;39;93;65;101;100;99;96;108;89;1;18;58;0;56;6;10;4;0;5;2;19;18;20;20;19;10;10;12;14;17;55;66;Salta;66119;Molinos;661190101;;450;108;-25,163961;-66,497832;202,0045248
661120101;35;10;6;0;5;2;17;13;17;29;21;32;28;25;23;35;28;2;5;12;0;13;15;16;1;0;7;0;17;6;0;1;4;7;7;6;10;4;8;66;Salta;66112;Metán;661120101;;112;35;-25,268408;-65,057707;867,0700889
660420111;320;44;140;0;40;18;24;11;24;19;3;170;175;75;262;198;209;30;81;170;1;127;106;150;37;7;58;9;81;49;44;53;25;59;59;35;55;65;106;66;Salta;66042;Chicoana;660420111;;1229;320;-25,106593;-65,530747;0,347019274
660420109;368;58;172;0;56;26;10;16;10;29;9;151;199;44;304;177;234;56;78;215;3;140;122;188;53;13;92;16;115;54;43;44;37;59;59;61;69;58;121;66;Salta;66042;Chicoana;660420109;;1362;368;-25,107018;-65,53721;0,457615851
660070415;120;16;21;0;16;5;25;29;25;114;69;105;73;40;79;115;103;1;16;69;0;62;19;21;1;1;14;7;47;20;11;8;7;20;20;21;23;24;32;66;Salta;66007;Anta;660070415;;394;120;-25,100289;-64,219306;0,981882605
660140212;151;19;61;0;30;10;2;10;2;93;22;80;84;37;126;147;116;26;9;76;1;63;47;67;16;4;30;9;46;29;18;18;6;25;25;24;23;33;46;66;Salta;66014;Cachi;660140212;;554;151;-25,119372;-66,150245;0,496627705
660420107;50;5;6;0;5;1;17;48;17;48;38;27;41;39;28;48;22;1;27;19;2;26;3;6;0;3;7;5;9;8;6;5;5;12;12;14;3;10;11;66;Salta;66042;Chicoana;660420107;;159;50;-25,160183;-65,462115;46,0373276
660140208;239;31;118;0;22;8;21;12;21;72;32;126;143;62;207;223;146;46;47;118;0;76;87;140;36;17;60;20;70;40;21;23;15;50;50;50;54;34;51;66;Salta;66014;Cachi;660140208;;731;239;-25,118481;-66,169756;0,484238814
660140213;153;28;78;0;37;12;17;20;17;138;52;99;66;55;138;147;126;15;12;90;1;66;50;74;19;5;42;10;61;30;9;10;8;25;25;25;37;24;42;66;Salta;66014;Cachi;660140213;;518;153;-25,119482;-66,145299;0,420354821
660070414;64;25;7;0;8;7;15;6;15;52;5;58;38;35;41;64;45;2;17;21;0;30;12;16;2;2;8;11;17;3;9;3;7;14;14;16;7;13;14;66;Salta;66007;Anta;660070414;;204;64;-25,113485;-64,279884;1,295836754
660140209;235;32;111;0;34;9;16;13;16;45;19;139;168;71;193;208;118;72;45;132;0;87;62;115;26;27;39;19;38;40;21;23;21;73;73;57;38;20;47;66;Salta;66014;Cachi;660140209;;642;235;-25,120941;-66,162597;0,334304777
660070901;290;43;158;0;28;9;44;8;44;129;61;159;146;83;270;229;226;29;35;154;0;92;100;152;39;13;74;15;86;40;22;23;14;90;90;41;58;44;57;66;Salta;66007;Anta;660070901;;838;290;-25,112559;-64,116393;0,24390439
660070702;13;0;0;0;1;0;10;13;10;13;13;13;12;11;9;13;5;0;8;2;0;3;0;1;1;0;0;0;5;1;1;0;2;4;4;0;2;1;6;66;Salta;66007;Anta;660070702;;49;13;-25,159853;-63,32569;569,083087
661120205;59;7;3;0;7;2;24;47;24;58;55;57;38;35;26;59;41;0;18;19;0;33;7;10;3;0;2;2;12;8;5;7;10;15;15;13;11;7;13;66;Salta;66112;Metán;661120205;;176;59;-25,197244;-64,162855;207,7902498
660070906;380;23;152;0;40;9;22;2;22;21;8;284;175;113;299;228;302;24;54;199;2;154;95;128;21;12;68;17;111;49;61;72;30;40;40;54;80;65;141;66;Salta;66007;Anta;660070906;;1489;380;-25,110844;-64,12727;0,149930268
660140210;201;15;99;0;27;7;5;7;5;37;17;77;117;45;166;194;132;41;28;105;0;72;64;102;30;8;48;11;52;28;26;25;17;42;42;30;45;31;53;66;Salta;66014;Cachi;660140210;;666;201;-25,12313;-66,169563;0,384899073
660070313;11;0;0;0;0;0;10;10;10;11;11;11;11;3;1;11;0;0;11;1;0;10;1;1;0;0;3;2;3;1;0;0;0;5;5;3;2;1;0;66;Salta;66007;Anta;660070313;;21;11;-25,233696;-64,665503;310,8281331
660070905;410;28;239;0;29;5;22;4;22;119;43;243;148;89;367;309;293;61;56;213;2;131;105;218;80;33;114;31;124;68;48;44;33;62;62;84;90;78;96;66;Salta;66007;Anta;660070905;;1372;410;-25,113784;-64,123634;0,32689096
660070907;187;1;114;0;6;0;0;5;0;14;2;111;46;20;174;110;140;26;21;106;0;56;67;110;30;13;49;18;38;23;26;32;14;36;36;35;36;34;46;66;Salta;66007;Anta;660070907;;610;187;-25,112751;-64,130457;0,128065086
660140211;211;32;100;0;32;11;35;31;35;111;47;111;150;98;178;206;157;26;28;113;1;94;70;98;25;3;42;7;64;39;30;26;7;38;38;25;39;41;68;66;Salta;66014;Cachi;660140211;;761;211;-25,129186;-66,168798;0,654123767
660070908;214;21;116;0;16;6;6;5;6;98;39;159;47;25;195;165;131;54;29;99;1;69;78;126;38;10;59;15;67;34;22;22;10;44;44;35;43;40;52;66;Salta;66007;Anta;660070908;;698;214;-25,114975;-64,131099;0,200201449
661120204;26;6;0;0;3;0;12;15;12;21;7;23;20;20;14;26;21;0;5;11;0;11;4;6;2;0;3;0;7;3;0;1;3;12;12;3;4;4;3;66;Salta;66112;Metán;661120204;;62;26;-25,203755;-64,285919;140,6441804
660070904;330;35;167;0;22;6;15;7;15;27;19;197;115;63;289;224;221;59;50;156;2;119;91;158;45;22;78;19;90;61;39;42;18;61;61;59;71;65;74;66;Salta;66007;Anta;660070904;;1082;330;-25,116353;-64,120667;0,197800408
660070912;504;78;177;0;73;16;83;4;83;465;239;428;248;186;403;408;404;25;75;266;1;219;105;148;38;5;97;30;157;73;71;75;38;60;60;70;102;93;179;66;Salta;66007;Anta;660070912;;1898;504;-25,1208;-64,129883;0,395166138
660070909;339;31;176;0;25;6;11;10;11;97;26;196;105;46;292;246;217;91;31;157;4;115;101;199;62;36;103;33;94;38;24;42;22;86;86;70;59;56;68;66;Salta;66007;Anta;660070909;;1022;339;-25,117616;-64,127582;0,286769526
660070903;397;27;231;2;34;5;9;5;9;78;30;177;111;58;369;209;321;41;35;187;1;132;129;211;61;21;119;32;139;68;36;50;24;48;47;82;77;84;107;66;Salta;66007;Anta;660070903;;1382;397;-25,1182;-64,118145;0,22144345
660070902;298;64;88;0;43;11;86;57;86;276;159;276;169;154;249;281;248;11;39;155;1;114;93;135;31;11;65;25;107;52;18;18;20;58;58;54;75;51;60;66;Salta;66007;Anta;660070902;;918;298;-25,122688;-64,112954;1,760346075
660070917;202;52;27;0;50;16;91;11;91;186;144;197;182;136;142;195;181;11;10;105;3;100;35;42;3;4;29;17;71;46;22;15;7;24;24;30;35;46;67;66;Salta;66007;Anta;660070917;;748;202;-25,119312;-64,142988;0,190105885
660070914;252;38;83;0;26;8;26;5;26;240;84;224;90;101;197;183;198;22;32;130;1;103;51;75;23;1;40;17;68;45;39;37;15;31;31;39;46;51;85;66;Salta;66007;Anta;660070914;;955;252;-25,118533;-64,136084;0,152602189
660070910;249;17;141;0;11;6;10;1;10;22;11;149;75;42;217;187;161;43;45;129;4;79;82;138;36;20;70;21;65;33;26;29;14;61;61;47;46;44;51;66;Salta;66007;Anta;660070910;;742;249;-25,120718;-64,124555;0,193157703
660070915;273;39;39;0;47;19;120;3;120;264;160;260;213;187;172;222;221;17;35;142;1;129;30;35;4;1;19;7;81;52;44;44;14;31;31;30;48;46;118;66;Salta;66007;Anta;660070915;;1118;273;-25,120753;-64,138463;0,114843087
660070913;372;70;108;0;82;21;99;3;99;323;208;348;280;180;294;359;341;11;20;237;4;157;79;100;15;6;48;22;132;94;32;36;20;36;36;59;65;76;136;66;Salta;66007;Anta;660070913;;1417;372;-25,122926;-64,132934;0,353174855
660070911;316;40;159;0;39;8;28;1;28;49;39;184;105;62;279;230;252;31;33;170;3;110;99;161;47;15;90;22;107;60;30;35;13;49;49;59;56;53;99;66;Salta;66007;Anta;660070911;;1091;316;-25,122437;-64,122107;0,200130342
660070916;237;27;55;0;49;13;49;1;49;228;134;224;161;105;183;234;213;9;15;129;1;109;45;54;6;3;33;12;100;27;37;29;13;19;19;21;43;42;112;66;Salta;66007;Anta;660070916;;1023;237;-25,122657;-64,138512;0,207431029
660070412;2;0;2;0;0;0;0;2;0;2;0;1;0;0;2;2;2;0;0;0;0;1;1;1;0;0;1;0;1;0;1;0;0;0;0;0;0;0;2;66;Salta;66007;Anta;660070412;;10;2;-25,197186;-64,469329;225,3834278
660140204;64;12;5;0;4;1;22;31;22;50;26;57;54;38;34;64;41;1;22;28;0;40;6;11;4;1;5;9;12;6;4;7;1;25;25;13;11;9;6;66;Salta;66014;Cachi;660140204;;150;64;-25,187275;-66,283712;85,36414777
660070406;13;3;4;0;1;0;5;7;5;13;8;10;11;7;9;12;6;2;5;5;0;5;4;6;2;0;4;2;4;1;0;1;2;3;3;5;3;2;0;66;Salta;66007;Anta;660070406;;30;13;-25,178989;-64,090878;26,96775348
661190103;118;23;35;0;16;5;35;44;35;97;47;92;94;83;66;116;91;8;19;55;0;60;20;30;8;2;14;6;24;16;16;17;7;32;32;15;23;20;28;66;Salta;66119;Molinos;661190103;;368;118;-25,249457;-66,318353;267,7247244
660980103;130;17;46;1;2;0;9;19;9;127;44;107;51;30;105;112;66;6;58;33;5;49;43;64;8;13;31;31;27;10;8;0;8;46;45;42;20;14;9;66;Salta;66098;La Viña;660980103;;297;130;-25,256971;-65,390265;158,1365273
660980101;52;9;16;0;5;2;23;43;23;41;25;46;37;32;35;46;30;3;19;20;1;25;12;18;4;2;10;5;18;7;2;1;3;16;16;9;6;10;11;66;Salta;66098;La Viña;660980101;;150;52;-25,232182;-65,522468;148,5186369
660070703;9;5;0;0;2;1;5;9;5;8;7;9;2;9;1;1;2;0;7;1;0;3;0;0;0;0;0;1;2;1;0;0;1;4;4;1;0;2;2;66;Salta;66007;Anta;660070703;;25;9;-25,252037;-63,159273;289,3728999
661540201;101;13;18;0;6;3;44;97;44;92;51;85;84;83;42;100;61;2;38;46;0;53;14;16;1;1;9;16;23;18;7;3;5;29;29;33;12;14;13;66;Salta;66154;San Carlos;661540201;;257;101;-25,487382;-65,883882;1009,790529
661190102;182;16;50;0;8;0;41;138;41;171;112;175;171;160;150;182;167;2;13;84;0;110;13;15;2;0;4;7;33;24;34;41;24;19;19;27;24;18;94;66;Salta;66119;Molinos;661190102;;784;182;-25,311675;-66,486511;315,5291343
661120108;183;30;43;0;22;8;30;93;30;172;78;165;101;63;137;179;153;2;28;76;0;89;55;66;10;1;30;15;55;33;16;23;9;32;32;40;37;27;47;66;Salta;66112;Metán;661120108;;603;183;-25,212433;-64,923799;2,053314908
660070312;23;12;5;0;4;3;11;14;11;14;10;21;17;8;21;22;16;1;6;7;1;7;6;8;2;0;6;3;7;2;4;2;1;4;4;5;1;6;7;66;Salta;66007;Anta;660070312;;85;23;-25,304616;-64,76261;262,4196319
660070701;6;2;0;0;1;0;1;6;1;6;4;6;3;4;6;6;2;0;4;2;0;2;1;1;0;0;1;0;1;0;1;2;2;0;0;0;2;2;2;66;Salta;66007;Anta;660070701;;26;6;-25,327799;-63,638956;753,9568652
661120203;21;7;4;0;1;0;10;4;10;17;15;20;18;14;17;19;18;1;2;10;0;10;3;5;2;0;2;2;3;2;1;2;3;8;8;3;2;4;4;66;Salta;66112;Metán;661120203;;56;21;-25,369012;-64,442199;430,0707475
660070601;369;31;161;0;41;11;44;35;44;347;118;188;171;83;336;225;289;24;56;161;0;156;82;153;61;10;95;24;125;67;43;36;23;51;51;69;83;64;102;66;Salta;66007;Anta;660070601;;1250;369;-25,29386;-63,93376;294,4300982
660980102;27;5;12;0;0;0;11;12;11;17;9;21;19;13;20;25;15;1;11;13;0;14;9;11;1;1;5;4;4;4;1;0;2;12;12;8;6;0;1;66;Salta;66098;La Viña;660980102;;51;27;-25,299158;-65,609405;195,9106019
660070604;322;42;103;0;59;22;78;2;78;306;125;267;210;159;261;314;267;7;48;143;1;138;71;95;18;6;58;20;123;37;40;32;25;45;45;44;60;61;112;66;Salta;66007;Anta;660070604;;1188;322;-25,240409;-64,040944;0,678683011
660070605;207;18;62;0;19;4;17;1;17;197;22;157;123;84;153;202;158;18;31;79;1;76;31;45;11;3;25;15;55;34;22;22;18;41;41;39;47;38;42;66;Salta;66007;Anta;660070605;;655;207;-25,245275;-64,037537;0,276882437
660070704;19;2;4;0;2;1;8;18;8;18;9;18;9;17;12;19;11;0;8;0;0;7;2;3;0;1;1;0;5;0;0;2;3;9;9;1;4;3;2;66;Salta;66007;Anta;660070704;;45;19;-25,398923;-63,354089;751,5500078
661120210;224;41;47;0;27;9;34;27;34;206;78;215;157;91;185;218;203;7;14;115;0;115;40;46;6;0;21;14;59;50;23;19;17;42;42;53;34;37;58;66;Salta;66112;Metán;661120210;;726;224;-25,253544;-64,396653;0,893810069
661190104;76;12;25;0;11;4;8;27;8;67;17;61;56;32;57;76;62;2;12;31;0;39;15;20;4;1;12;5;24;11;6;9;5;16;16;14;12;13;21;66;Salta;66119;Molinos;661190104;;253;76;-25,318981;-66,128594;220,6193525
661120201;89;29;21;0;13;8;15;42;15;77;40;64;43;36;58;88;35;21;33;26;0;50;21;30;7;2;6;4;11;9;3;3;19;40;40;13;14;7;15;66;Salta;66112;Metán;661120201;;211;89;-25,416286;-64,690651;271,8001315
661120207;5;0;0;0;1;0;1;5;1;5;5;5;2;1;0;5;0;0;5;0;0;4;0;0;0;0;0;0;0;0;0;0;2;3;3;0;0;1;1;66;Salta;66112;Metán;661120207;;12;5;-25,385763;-64,29374;442,9052557
661120206;69;10;15;0;9;4;27;44;27;65;45;68;50;45;48;69;52;0;17;31;0;34;7;14;7;0;5;4;16;8;9;6;8;18;18;15;11;9;16;66;Salta;66112;Metán;661120206;;210;69;-25,33447;-64,136263;276,2347957
660980104;17;0;6;0;0;0;5;16;5;16;7;9;8;5;10;11;5;0;12;4;0;7;4;6;2;0;2;0;1;1;2;1;5;7;7;2;3;2;3;66;Salta;66098;La Viña;660980104;;43;17;-25,348396;-65,267826;266,9871653
660980108;286;49;121;0;38;14;55;10;55;144;53;176;179;77;246;240;198;37;51;151;0;119;78;117;27;12;60;15;85;52;34;31;22;47;47;47;53;49;90;66;Salta;66098;La Viña;660980108;;1007;286;-25,276376;-65,475981;0,730274139
660980109;228;31;82;0;23;3;40;16;40;96;47;168;154;108;179;195;141;14;73;108;2;102;58;89;24;7;43;18;55;34;19;25;19;58;58;42;48;30;50;66;Salta;66098;La Viña;660980109;;682;228;-25,279764;-65,464077;3,596627526
661120211;74;9;15;0;7;1;27;4;27;71;36;66;61;44;63;73;64;2;8;38;0;40;12;16;4;0;6;0;27;7;10;8;7;15;15;8;12;15;24;66;Salta;66112;Metán;661120211;;259;74;-25,264945;-64,076805;0,969251783
660980105;214;17;91;0;33;3;19;8;19;36;11;117;85;40;186;99;194;10;10;143;1;69;89;124;29;6;55;12;90;58;10;20;9;15;15;39;43;54;63;66;Salta;66098;La Viña;660980105;;777;214;-25,277108;-65,489083;0,29845463
660980106;227;35;91;0;44;15;41;7;41;74;39;178;148;107;204;173;191;13;23;143;1;115;68;86;16;2;35;14;66;62;26;30;7;22;22;37;32;52;84;66;Salta;66098;La Viña;660980106;;875;227;-25,276078;-65,485407;0,162982827
660980107;308;22;137;1;26;7;26;11;26;105;41;200;199;90;243;232;205;38;65;171;2;138;88;127;30;9;54;15;74;37;40;49;22;71;71;49;50;41;97;66;Salta;66098;La Viña;660980107;;1037;308;-25,281263;-65,480979;0,533811181
661190107;112;3;59;0;11;1;7;22;7;98;44;93;86;76;102;111;81;10;21;60;0;62;22;35;11;2;20;6;33;19;16;15;9;14;14;18;19;15;46;66;Salta;66119;Molinos;661190107;;453;112;-25,281954;-66,447736;0,404873356
660980110;238;19;132;0;12;7;17;14;17;73;19;160;125;78;195;202;173;22;43;121;2;94;62;94;21;11;49;13;66;37;25;23;29;45;45;52;41;46;54;66;Salta;66098;La Viña;660980110;;764;238;-25,292927;-65,470272;3,070709991
660630101;5;5;0;0;0;0;4;4;4;0;0;5;5;5;2;5;4;0;1;0;0;1;2;2;0;0;0;0;0;0;0;0;1;4;4;1;0;0;0;66;Salta;66063;Guachipas;660630101;;6;5;-25,380752;-65,391349;185,9401853
661190201;146;38;45;0;21;9;58;80;58;115;58;128;133;112;94;142;109;4;33;81;0;93;14;23;8;1;15;12;45;23;21;17;9;19;19;26;22;25;54;66;Salta;66119;Molinos;661190201;;556;146;-25,410979;-66,394748;317,5240869
660980201;16;4;1;0;0;0;12;16;12;13;8;16;15;10;4;16;7;2;7;5;0;5;1;3;1;1;0;3;1;0;0;4;3;5;5;5;2;3;1;66;Salta;66098;La Viña;660980201;;38;16;-25,373111;-65,639094;194,171709
661120103;6;3;1;1;1;1;1;5;1;4;2;6;4;2;4;6;1;1;4;0;0;3;2;2;0;0;0;0;1;1;0;1;1;2;1;3;0;1;1;66;Salta;66112;Metán;661120103;;16;6;-25,361131;-64,87849;96,84152578
661120109;270;39;97;0;26;11;32;20;32;142;53;222;171;95;209;230;205;12;53;142;1;104;84;110;21;5;54;25;75;46;24;33;22;45;45;59;50;42;74;66;Salta;66112;Metán;661120109;;900;270;-25,312571;-64,911524;0,295409791
661120110;262;42;76;0;28;8;47;10;47;152;79;232;179;113;200;257;222;9;31;134;2;102;81;89;7;1;53;17;102;48;21;19;19;36;36;46;46;59;75;66;Salta;66112;Metán;661120110;;907;262;-25,315617;-64,910255;0,376453136
660980204;8;3;0;0;0;0;6;8;6;5;3;6;6;6;1;8;1;0;7;0;0;2;1;2;0;1;0;0;0;0;0;1;0;7;7;0;0;0;1;66;Salta;66098;La Viña;660980204;;14;8;-25,46142;-65,710775;297,4721471
661190106;119;10;58;0;13;6;3;11;3;111;34;81;76;34;99;117;90;5;24;56;1;48;34;60;19;7;36;5;37;22;17;10;4;24;24;21;18;21;35;66;Salta;66119;Molinos;661190106;;404;119;-25,327668;-66,253449;0,530508978
661190105;109;9;63;1;11;5;2;1;2;14;6;59;56;42;97;104;76;16;17;56;0;49;24;53;22;7;29;9;32;13;20;9;3;23;23;16;18;21;31;66;Salta;66119;Molinos;661190105;;374;109;-25,330309;-66,242982;0,185500533
660980202;20;0;3;0;0;0;11;17;11;20;15;18;18;14;14;20;0;0;20;4;0;15;1;1;0;0;6;0;7;1;3;1;3;5;5;2;3;4;6;66;Salta;66098;La Viña;660980202;;65;20;-25,370432;-65,491514;55,59776039
661190202;61;12;11;1;14;8;40;43;40;57;43;56;56;47;34;61;25;4;32;22;0;36;3;6;2;1;2;2;10;9;9;8;4;19;18;8;11;4;20;66;Salta;66119;Molinos;661190202;;218;61;-25,409486;-66,155003;302,9745436
660070607;237;15;102;0;16;6;9;3;9;232;64;184;84;46;205;102;167;38;32;135;1;80;59;104;31;14;40;20;45;50;28;29;31;34;34;64;50;29;60;66;Salta;66007;Anta;660070607;;777;237;-25,33025;-64,017648;0,219013717
660070606;309;37;120;0;25;9;33;6;33;298;73;243;153;73;248;198;220;27;62;151;1;110;75;125;35;15;65;25;76;50;47;33;28;50;50;61;63;47;88;66;Salta;66007;Anta;660070606;;1039;309;-25,333672;-64,023284;0,685539937
660070608;201;21;80;0;27;13;29;3;29;198;33;178;108;74;179;171;170;13;18;103;0;81;46;67;17;4;37;8;80;38;17;32;8;18;18;31;34;46;72;66;Salta;66007;Anta;660070608;;757;201;-25,332156;-64,01182;0,490349968
660070613;182;33;15;0;44;16;68;1;68;178;72;181;147;98;123;146;166;8;8;101;1;76;30;34;4;0;14;12;63;33;26;19;9;20;20;29;36;32;65;66;Salta;66007;Anta;660070613;;701;182;-25,332235;-64,033063;0,136029863
660070612;258;69;38;0;101;42;145;4;145;240;142;251;212;176;173;247;242;1;15;149;1;142;43;54;9;2;28;11;128;54;17;17;8;23;23;30;51;50;104;66;Salta;66007;Anta;660070612;;1012;258;-25,333412;-64,031879;0,181665712
660070609;272;33;106;0;22;10;19;1;19;258;83;256;131;97;222;142;226;26;20;126;1;103;71;106;31;4;53;13;104;36;32;34;22;31;31;37;59;55;90;66;Salta;66007;Anta;660070609;;1027;272;-25,336098;-64,01508;0,276614796
660070610;315;32;177;0;28;10;28;7;28;298;41;202;140;83;277;171;244;36;35;139;0;113;91;150;46;13;87;23;104;38;47;24;27;52;52;56;69;65;73;66;Salta;66007;Anta;660070610;;1063;315;-25,341037;-64,018881;0,808847783
660070602;41;7;17;0;8;2;12;15;12;36;15;36;27;25;24;39;24;3;14;18;0;11;7;9;1;1;5;6;11;8;2;0;2;12;12;8;7;2;12;66;Salta;66007;Anta;660070602;;123;41;-25,383437;-63,918189;147,8325529
660070611;374;52;88;0;50;24;75;5;75;354;146;291;204;144;218;274;299;22;53;160;0;141;67;101;28;6;45;19;114;58;49;45;34;55;55;62;57;78;122;66;Salta;66007;Anta;660070611;;1364;374;-25,341749;-64,023578;0,314199914
661540103;51;12;7;0;8;3;27;47;27;43;26;51;47;43;10;51;21;0;30;12;0;23;3;7;4;0;4;2;13;8;9;2;10;7;7;13;7;9;15;66;Salta;66154;San Carlos;661540103;;183;51;-25,557833;-66,044937;417,4523076
661120104;45;4;11;0;6;0;13;27;13;29;20;32;29;12;27;43;24;3;18;17;2;23;8;12;3;1;9;4;16;2;4;4;3;12;12;7;8;7;11;66;Salta;66112;Metán;661120104;;137;45;-25,448191;-64,867873;221,8620979
660070603;60;14;2;0;8;1;43;54;43;51;47;56;53;49;34;59;40;0;20;18;0;26;4;6;2;0;6;6;13;10;5;4;6;16;16;12;8;7;17;66;Salta;66007;Anta;660070603;;187;60;-25,444175;-63,937148;175,3585987
661120202;10;7;0;0;0;0;7;9;7;6;6;10;8;9;6;9;4;0;6;1;0;2;3;3;0;0;0;0;1;0;0;0;1;8;8;1;1;0;0;66;Salta;66112;Metán;661120202;;13;10;-25,506581;-64,563162;523,1973405
661120212;194;57;14;0;50;14;59;17;59;50;39;193;141;111;115;187;171;10;13;89;0;109;28;31;3;0;26;12;76;30;24;17;13;22;22;23;35;50;64;66;Salta;66112;Metán;661120212;;719;194;-25,37291;-64,649756;0,328747788
660070705;84;12;37;0;13;4;31;74;31;76;62;60;53;65;77;79;67;5;12;41;0;36;26;30;4;0;12;2;21;20;1;10;7;23;23;14;15;11;21;66;Salta;66007;Anta;660070705;;255;84;-25,443641;-63,575661;288,4999083
661120213;338;34;139;0;28;13;18;2;18;10;5;230;153;43;278;244;259;40;39;175;1;141;91;150;46;13;78;25;104;47;39;46;27;50;50;69;59;58;102;66;Salta;66112;Metán;661120213;;1186;338;-25,379709;-64,657547;0,444876581
661120216;280;42;105;0;33;12;18;2;18;7;2;215;105;100;231;206;197;42;41;125;5;113;71;123;37;15;62;20;65;47;31;41;27;49;49;51;51;49;80;66;Salta;66112;Metán;661120216;;960;280;-25,379315;-64,652268;0,262898046
661120217;224;20;95;0;15;2;4;0;4;4;0;145;72;25;181;144;157;23;44;115;0;72;82;119;29;8;51;23;57;25;24;30;24;41;41;48;44;39;52;66;Salta;66112;Metán;661120217;;738;224;-25,37986;-64,648575;0,251158172
661120218;272;82;90;0;43;14;40;5;40;59;41;266;162;127;217;227;228;16;28;124;0;124;55;88;24;9;55;11;97;48;37;31;18;30;30;42;54;54;92;66;Salta;66112;Metán;661120218;;1033;272;-25,380277;-64,642356;0,551100052
661120214;291;38;124;0;44;14;23;1;23;9;6;268;119;90;247;224;208;23;60;139;1;140;81;106;19;6;60;11;99;53;34;47;24;23;23;49;60;59;100;66;Salta;66112;Metán;661120214;;1117;291;-25,385266;-64,659263;0,412442704
661120215;353;33;180;0;31;9;14;7;14;14;6;242;130;74;299;229;280;21;52;164;3;158;86;140;26;28;79;18;115;56;51;49;29;35;34;55;72;70;122;66;Salta;66112;Metán;661120215;;1316;353;-25,385593;-64,653079;0,417033105
660980203;104;18;35;0;20;6;50;61;50;96;49;73;64;49;64;104;49;7;48;45;2;42;17;28;5;6;16;9;27;19;8;11;11;19;19;22;14;20;29;66;Salta;66098;La Viña;660980203;;343;104;-25,439355;-65,530725;84,50266436
661120102;25;3;7;0;2;0;11;3;11;24;16;25;16;13;15;20;15;0;10;14;0;9;3;9;3;3;8;3;11;3;2;1;2;3;3;6;6;4;6;66;Salta;66112;Metán;661120102;;81;25;-25,441599;-65,06984;144,5777405
661120208;344;59;29;0;54;16;198;70;198;313;256;340;305;306;108;341;290;3;51;119;0;148;35;51;11;5;32;27;121;41;30;31;40;54;54;65;66;72;87;66;Salta;66112;Metán;661120208;;1124;344;-25,49043;-64,098048;376,5371685
660630107;138;40;22;0;28;9;37;30;37;118;73;102;74;65;87;136;86;4;48;56;2;66;26;31;4;1;14;17;31;21;8;12;6;43;43;27;16;18;34;66;Salta;66063;Guachipas;660630107;;407;138;-25,529362;-65,460795;217,4668215
660630102;11;0;3;0;1;0;0;11;0;11;4;6;4;4;10;11;1;0;10;1;1;4;1;3;0;2;2;0;4;0;1;0;2;4;4;1;1;4;1;66;Salta;66063;Guachipas;660630102;;33;11;-25,501816;-65,297563;329,9120625
661190203;67;11;24;0;8;4;27;27;27;57;38;61;61;45;36;64;44;1;22;28;0;45;7;9;1;1;4;4;26;7;5;11;4;10;10;9;13;16;19;66;Salta;66119;Molinos;661190203;;249;67;-25,513646;-66,40083;282,0763308
661190205;127;12;67;1;12;6;7;3;7;9;4;90;104;32;102;127;59;26;42;51;1;55;29;52;16;7;20;10;27;11;23;13;14;29;28;23;23;16;37;66;Salta;66119;Molinos;661190205;;442;127;-25,437491;-66,295765;0,221062411
661190206;215;26;131;0;32;17;2;10;2;13;7;127;99;76;200;207;155;25;35;96;0;101;54;91;33;4;49;10;65;22;36;33;14;35;35;28;42;38;72;66;Salta;66119;Molinos;661190206;;820;215;-25,440418;-66,294;0,283821143
661540101;41;2;4;0;1;0;13;40;13;37;19;39;41;37;33;41;1;1;39;13;0;26;5;5;0;0;3;2;13;4;5;5;4;8;8;5;7;8;13;66;Salta;66154;San Carlos;661540101;;144;41;-25,522738;-66,202128;208,4606867
661540102;83;12;22;0;9;4;52;60;52;78;64;81;82;57;34;83;22;3;58;34;1;32;9;13;3;1;6;9;22;11;8;10;8;15;15;15;11;12;30;66;Salta;66154;San Carlos;661540102;;305;83;-25,643283;-66,231256;379,6420897
660980208;119;13;52;0;12;1;7;1;7;115;15;73;72;40;96;114;73;16;30;60;2;48;40;53;9;4;21;4;26;19;13;14;15;28;28;26;21;12;32;66;Salta;66098;La Viña;660980208;;381;119;-25,465926;-65,564223;0,325079558
660980207;132;25;71;0;28;12;11;2;11;127;13;81;78;45;122;128;89;11;32;78;0;53;44;62;16;2;28;5;43;20;23;12;13;16;16;20;17;22;57;66;Salta;66098;La Viña;660980207;;531;132;-25,464282;-65,569134;0,229034623
660980210;168;19;78;0;23;4;11;2;11;162;9;107;89;50;146;161;121;15;32;83;1;74;52;69;14;3;34;13;30;34;28;18;13;32;32;34;23;24;55;66;Salta;66098;La Viña;660980210;;582;168;-25,468719;-65,569323;0,215512967
660980209;161;16;73;0;14;8;8;4;8;160;15;48;73;23;145;152;122;16;23;80;0;62;46;78;26;6;35;8;41;29;28;24;13;18;18;28;36;28;51;66;Salta;66098;La Viña;660980209;;601;161;-25,469681;-65,56409;0,179149826
660980205;91;17;23;1;19;8;29;35;29;90;30;76;56;55;51;87;67;0;24;40;0;40;27;38;8;3;13;4;24;23;3;5;5;27;26;20;15;13;17;66;Salta;66098;La Viña;660980205;;265;91;-25,568672;-65,639117;249,1736424
661120106;203;61;36;0;29;11;93;87;93;191;129;191;158;132;135;191;138;5;60;97;1;106;41;54;5;8;37;8;72;30;24;17;12;40;40;32;32;30;69;66;Salta;66112;Metán;661120106;;708;203;-25,568854;-65,053355;391,5957587
660070711;116;9;41;0;14;1;22;1;22;109;36;69;78;47;90;116;88;1;27;61;0;47;24;33;8;1;20;11;39;16;13;11;10;16;16;25;20;18;37;66;Salta;66007;Anta;660070711;;393;116;-25,459422;-63,784529;1,120498573
660070712;127;13;41;0;16;3;29;3;29;124;50;121;94;82;107;124;115;2;10;60;1;55;17;20;2;1;10;4;44;19;17;12;13;18;18;25;23;24;37;66;Salta;66007;Anta;660070712;;459;127;-25,457646;-63,779646;0,213612099
660070713;150;22;34;1;23;8;46;2;46;140;68;145;117;93;118;146;126;9;15;81;0;56;20;26;5;1;24;10;52;28;21;14;8;17;17;30;26;28;49;66;Salta;66007;Anta;660070713;;554;150;-25,461328;-63,774417;0,694208712
661120301;324;137;43;1;104;46;178;44;178;267;240;318;277;236;248;317;225;12;87;196;1;159;80;97;10;7;46;18;108;74;23;35;17;49;49;52;58;68;97;66;Salta;66112;Metán;661120301;;1160;324;-25,486261;-64,982146;0,781029679
661120302;345;52;130;0;34;11;36;14;36;41;24;246;201;117;281;190;235;45;65;190;1;150;84;121;27;10;63;20;85;50;53;48;31;58;58;61;60;50;116;66;Salta;66112;Metán;661120302;;1234;345;-25,482072;-64,975461;0,32745873
661120305;436;36;243;0;46;9;7;12;7;19;11;149;152;43;380;108;342;37;57;216;2;159;164;238;43;31;134;32;156;60;59;47;25;57;57;75;63;100;141;66;Salta;66112;Metán;661120305;;1616;436;-25,482959;-64,972068;0,32969329
660070707;6;0;1;0;0;0;5;4;5;6;5;5;5;6;6;3;6;0;0;1;0;4;0;0;0;0;0;0;0;0;0;1;2;3;3;1;0;2;0;66;Salta;66007;Anta;660070707;;13;6;-25,569145;-63,73214;203,5740275
661120306;289;46;166;3;25;9;16;5;16;32;23;226;136;79;257;144;196;57;36;147;0;82;101;164;29;34;67;15;69;49;32;44;27;53;52;49;54;55;79;66;Salta;66112;Metán;661120306;;999;289;-25,487129;-64,969508;0,355636223
660630103;7;2;1;0;0;0;2;7;2;5;3;7;2;7;2;7;0;1;6;2;0;7;0;0;0;0;2;3;1;0;0;0;0;3;3;3;1;0;0;66;Salta;66063;Guachipas;660630103;;12;7;-25,584822;-65,240235;231,8758593
661120308;413;146;77;0;105;41;111;20;111;77;66;382;318;217;271;337;294;24;95;221;0;173;83;110;16;11;67;31;115;61;59;58;35;54;54;60;62;83;154;66;Salta;66112;Metán;661120308;;1569;413;-25,489051;-64,963726;0,501809418
661120316;318;55;156;1;38;14;64;16;64;133;97;216;178;73;253;150;225;44;49;172;1;114;98;163;41;24;84;26;83;51;33;47;33;45;45;56;64;63;90;66;Salta;66112;Metán;661120316;;1101;318;-25,492179;-64,98118;0,463658333
661120307;262;44;100;0;32;12;38;7;38;34;26;222;153;106;214;137;174;34;54;148;0;80;94;142;26;22;57;17;64;35;40;36;28;42;42;47;47;46;80;66;Salta;66112;Metán;661120307;;943;262;-25,489541;-64,967248;0,20818981
661120303;232;14;128;0;19;7;4;16;4;11;4;110;90;31;212;57;169;33;30;131;1;67;81;135;33;21;63;23;67;54;25;24;10;29;29;54;41;40;68;66;Salta;66112;Metán;661120303;;814;232;-25,488601;-64,976721;0,183886279
660070708;51;15;8;0;17;6;27;48;27;48;45;50;47;46;20;51;35;0;16;17;0;25;2;3;1;0;4;4;14;3;7;6;5;12;12;6;8;6;19;66;Salta;66007;Anta;660070708;;183;51;-25,516714;-63,882601;137,5076041
661120304;290;55;122;1;42;21;28;13;28;51;29;231;150;94;249;203;194;49;47;154;3;100;107;152;32;13;81;13;107;35;49;40;22;24;24;32;61;56;117;66;Salta;66112;Metán;661120304;;1217;290;-25,489076;-64,973426;0,175615262
661120314;309;39;147;0;36;14;15;18;15;13;8;175;98;41;265;87;174;87;48;162;2;96;99;173;39;35;74;24;75;42;37;52;26;53;53;54;56;52;94;66;Salta;66112;Metán;661120314;;1148;309;-25,492759;-64,977584;0,154501222
661120313;270;41;163;2;36;20;17;5;17;3;0;118;133;35;243;37;199;32;39;154;1;80;90;156;45;21;83;23;64;33;46;40;26;38;38;47;46;54;85;66;Salta;66112;Metán;661120313;;1024;270;-25,493139;-64,974474;0,120127467
661120312;289;39;170;2;32;15;14;17;14;16;11;123;71;19;277;42;153;74;62;159;0;55;111;207;39;57;100;24;70;40;37;28;28;62;62;52;47;44;84;66;Salta;66112;Metán;661120312;;984;289;-25,495626;-64,971779;0,251943676
661120311;222;14;129;1;12;3;11;4;11;5;3;101;79;42;192;55;152;37;33;104;1;54;101;154;30;23;72;18;56;30;25;21;18;54;54;45;32;43;48;66;Salta;66112;Metán;661120311;;710;222;-25,495145;-64,968735;0,149917538
661120310;242;23;121;0;19;8;11;9;11;22;13;183;114;68;187;97;170;28;44;131;0;67;90;137;36;11;65;24;65;37;28;34;19;35;35;56;45;49;57;66;Salta;66112;Metán;661120310;;820;242;-25,496315;-64,966463;0,150315458
661120309;223;61;62;1;44;14;35;5;35;48;40;201;130;88;177;193;157;14;52;118;1;87;77;98;17;4;47;6;78;36;31;27;10;35;35;19;38;44;87;66;Salta;66112;Metán;661120309;;847;223;-25,4977;-64,956566;1,144249138
661120315;343;43;154;1;40;13;37;9;37;26;19;223;157;87;289;136;198;52;93;169;2;109;122;191;36;33;94;27;82;58;45;42;34;55;55;76;55;66;91;66;Salta;66112;Metán;661120315;;1191;343;-25,496818;-64,977135;0,293666805
661120401;291;37;160;0;30;11;20;24;20;38;18;178;119;49;256;163;200;41;50;143;1;94;99;156;45;12;90;26;102;35;33;26;27;42;41;61;51;53;85;66;Salta;66112;Metán;661120401;;1009;291;-25,499246;-64,985901;0,336795589
661120402;229;26;80;0;19;7;20;0;20;10;6;185;123;61;163;104;156;28;45;100;1;95;69;87;11;7;43;19;40;28;49;37;14;42;42;42;43;29;73;66;Salta;66112;Metán;661120402;;810;229;-25,502359;-64,982656;0,198812469
661120403;229;14;112;0;14;5;6;5;6;10;6;148;97;30;189;88;125;41;63;105;1;77;77;117;29;11;70;22;55;32;30;29;14;47;47;48;41;39;54;66;Salta;66112;Metán;661120403;;753;229;-25,50044;-64,979799;0,157803298
661120407;304;17;162;0;12;5;8;8;8;16;8;167;124;39;261;109;194;68;42;160;3;86;102;183;49;32;86;28;81;45;35;28;22;65;65;64;58;47;70;66;Salta;66112;Metán;661120407;;969;304;-25,499886;-64,967212;0,201737588
661120105;23;4;8;0;2;1;10;13;10;13;10;18;16;7;14;17;13;0;10;8;0;9;6;9;1;2;6;1;6;3;2;0;2;9;9;2;3;5;4;66;Salta;66112;Metán;661120105;;64;23;-25,536356;-64,834572;141,802724
661120405;281;26;164;1;11;3;17;22;17;6;1;151;75;42;233;51;159;78;44;146;1;46;116;218;48;54;91;26;70;41;17;26;21;80;79;65;53;42;42;66;Salta;66112;Metán;661120405;;772;281;-25,5018;-64,973408;0,297128148
661120404;199;8;92;0;12;4;3;6;3;12;3;108;78;24;165;47;119;38;42;112;2;57;69;134;48;17;52;27;45;30;16;20;17;44;44;49;36;29;41;66;Salta;66112;Metán;661120404;;639;199;-25,501893;-64,977376;0,178958739
661120408;347;30;133;0;47;14;15;7;15;29;18;242;160;89;294;153;252;35;60;160;0;138;121;165;26;18;101;33;115;44;43;42;20;50;50;67;51;69;110;66;Salta;66112;Metán;661120408;;1222;347;-25,501673;-64,960218;0,229395703
660070706;23;3;0;0;1;0;14;23;14;20;17;22;17;19;17;23;17;0;6;7;0;14;2;3;1;0;0;1;2;5;3;1;1;10;10;4;3;4;2;66;Salta;66007;Anta;660070706;;53;23;-25,608022;-63,555196;562,4378959
661120406;387;30;191;0;24;7;15;7;15;16;10;237;152;58;330;145;200;108;79;187;2;109;149;237;46;42;92;38;87;73;24;34;24;107;107;95;66;60;59;66;Salta;66112;Metán;661120406;;1068;387;-25,503603;-64,969486;0,272284593
661120112;223;53;73;0;29;13;34;6;34;60;48;205;158;71;189;218;178;19;26;107;1;98;70;87;17;0;38;8;86;39;24;33;5;28;27;24;46;50;76;66;Salta;66112;Metán;661120112;;859;223;-25,503214;-64,954154;0,143465976
661120410;232;19;92;0;19;3;5;3;5;3;1;214;69;44;194;66;167;21;44;128;0;93;75;100;21;4;40;17;49;30;29;47;35;25;25;52;40;36;79;66;Salta;66112;Metán;661120410;;912;232;-25,503194;-64,96547;0,088471697
661120409;262;10;89;1;16;5;3;3;3;5;0;204;61;45;213;41;184;43;35;129;0;97;87;126;28;11;51;24;45;54;41;41;23;34;34;57;46;52;73;66;Salta;66112;Metán;661120409;;911;262;-25,505444;-64,962562;0,209428466
661120416;238;36;118;0;43;19;17;3;17;14;8;201;128;81;195;123;116;61;61;124;0;81;90;121;23;8;58;19;69;42;35;21;25;27;27;48;55;39;69;66;Salta;66112;Metán;661120416;;847;238;-25,504976;-64,979169;0,135645722
661120107;21;1;0;0;1;0;13;10;13;21;21;18;15;11;7;20;15;0;6;7;0;4;4;4;0;0;1;4;4;4;2;1;3;3;3;8;3;2;5;66;Salta;66112;Metán;661120107;;63;21;-25,593476;-64,809344;251,0521668
661120411;231;24;99;0;17;6;13;4;13;10;8;106;102;80;199;114;162;28;41;127;0;76;59;94;30;5;36;10;51;30;34;38;25;43;43;39;42;42;65;66;Salta;66112;Metán;661120411;;798;231;-25,506372;-64,966466;0,124666395
661120415;287;24;152;0;23;4;11;5;11;20;14;204;112;53;240;137;194;28;65;143;2;99;98;153;38;17;70;24;77;45;25;33;26;57;56;59;62;44;66;66;Salta;66112;Metán;661120415;;910;287;-25,507831;-64,975092;0,209563289
661120412;263;18;127;0;24;6;10;17;10;20;16;86;116;62;246;60;218;27;18;142;0;111;85;131;35;11;62;13;70;51;41;43;17;28;28;44;49;51;91;66;Salta;66112;Metán;661120412;;998;263;-25,509211;-64,966661;0,183678735
661120417;229;47;87;1;23;6;24;13;24;63;49;208;130;85;202;175;136;33;60;106;1;90;68;88;15;5;51;13;73;35;25;31;18;34;34;35;55;39;66;66;Salta;66112;Metán;661120417;;827;229;-25,51763;-64,976298;1,495888384
661120414;201;12;118;0;11;1;5;7;5;14;8;136;82;22;187;74;132;37;32;96;0;56;79;124;19;26;61;22;57;38;18;17;16;33;33;47;36;39;46;66;Salta;66112;Metán;661120414;;644;201;-25,509788;-64,973074;0,194852019
661120413;338;18;195;0;14;3;22;17;22;24;19;113;117;33;300;91;225;61;52;177;2;90;136;227;47;44;104;42;87;46;36;34;20;73;73;77;66;52;70;66;Salta;66112;Metán;661120413;;1023;338;-25,509719;-64,970707;0,214002989
661120113;140;8;69;0;18;5;4;41;4;4;2;30;59;41;130;13;122;4;14;75;1;47;56;84;21;7;53;2;56;33;19;12;4;14;14;22;23;23;58;66;Salta;66112;Metán;661120113;;569;140;-25,511638;-64,965851;0,195676639
660630110;363;49;170;0;55;22;20;12;20;32;14;201;170;127;306;362;249;46;68;186;1;173;112;145;27;6;72;19;105;73;37;44;28;57;57;67;74;61;104;66;Salta;66063;Guachipas;660630110;;1263;363;-25,519621;-65,508362;0,483509912
661400202;1;0;1;0;0;0;0;0;0;0;0;0;0;0;1;0;0;1;0;0;0;0;1;1;0;0;1;0;1;0;0;0;0;0;0;0;0;0;1;66;Salta;66140;Rosario de la Frontera;661400202;;5;1;-25,668449;-64,44958;312,8102449
660630108;74;8;20;0;5;1;15;7;15;63;30;22;36;21;62;73;46;4;24;40;0;35;18;22;4;0;10;4;19;14;4;11;9;13;13;17;9;15;20;66;Salta;66063;Guachipas;660630108;;240;74;-25,612944;-65,546823;119,2339158
660630111;288;27;124;0;40;6;16;23;16;16;5;143;116;61;223;280;196;27;65;170;0;144;84;111;23;4;47;17;64;41;32;45;22;67;67;45;50;37;89;66;Salta;66063;Guachipas;660630111;;984;288;-25,524083;-65,508651;0,361665408
661400203;48;27;0;0;1;0;35;47;35;44;43;44;42;42;9;47;23;0;25;8;0;20;5;5;0;0;2;6;3;4;3;1;8;23;23;16;5;2;2;66;Salta;66140;Rosario de la Frontera;661400203;;91;48;-25,649329;-64,314952;482,3797711
661190204;107;27;20;0;14;4;78;60;78;86;73;107;106;105;39;106;59;6;42;46;0;61;7;7;0;0;5;4;19;14;25;17;12;16;16;13;16;18;44;66;Salta;66119;Molinos;661190204;;437;107;-25,78625;-66,568699;1792,088048
661120111;143;11;46;0;11;4;30;24;30;135;82;128;89;64;93;131;89;11;43;51;0;67;26;44;8;10;34;14;45;21;12;10;11;30;30;34;29;21;29;66;Salta;66112;Metán;661120111;;426;143;-25,539973;-64,973287;4,76695971
660980211;114;15;30;0;11;2;26;24;26;107;25;88;81;68;86;104;87;0;27;66;2;64;26;33;6;1;11;7;24;20;14;14;11;24;24;21;22;18;29;66;Salta;66098;La Viña;660980211;;370;114;-25,546199;-65,562381;3,428009559
661120209;50;10;13;0;8;3;23;5;23;48;45;49;39;42;32;50;39;0;11;16;0;27;7;9;1;1;5;8;21;6;5;2;3;5;5;14;5;8;18;66;Salta;66112;Metán;661120209;;176;50;-25,637083;-64,088048;418,7009934
660070709;152;32;40;0;40;17;115;44;115;134;119;150;138;137;81;146;140;2;10;57;0;76;19;21;0;2;11;8;52;27;12;18;7;28;28;30;40;18;36;66;Salta;66007;Anta;660070709;;473;152;-25,594016;-63,854741;157,7781134
660630106;8;4;0;0;0;0;6;8;6;4;4;8;8;8;0;8;5;2;1;3;0;3;1;1;0;0;1;1;0;1;0;2;1;3;3;3;0;1;1;66;Salta;66063;Guachipas;660630106;;18;8;-25,649434;-65,39873;91,362954
661400201;32;8;0;0;1;1;22;31;22;27;25;28;27;10;2;32;12;0;20;7;1;17;2;3;0;1;0;0;1;4;1;0;5;21;21;6;2;2;1;66;Salta;66140;Rosario de la Frontera;661400201;;52;32;-25,693149;-64,60916;293,0657645
661400105;102;26;13;0;29;10;56;1;56;84;53;99;74;83;71;99;92;3;7;53;0;57;17;17;0;0;11;6;43;21;9;4;5;14;14;14;21;20;33;66;Salta;66140;Rosario de la Frontera;661400105;;371;102;-25,746276;-65,054712;190,412024
660630109;21;5;4;0;3;0;12;17;12;16;10;18;13;15;2;21;14;0;7;10;2;8;6;9;1;2;2;1;4;5;2;3;2;4;4;5;5;2;5;66;Salta;66063;Guachipas;660630109;;66;21;-25,762931;-65,660877;170,8647742
661400101;27;9;1;0;7;1;7;12;7;23;9;26;25;20;15;25;22;0;5;11;0;10;0;0;0;0;1;1;6;5;3;0;7;5;5;6;2;6;8;66;Salta;66140;Rosario de la Frontera;661400101;;101;27;-25,684547;-65,027759;113,3483522
661400104;3;0;0;0;0;0;3;3;3;3;3;3;2;3;1;3;2;0;1;0;0;1;0;0;0;0;0;0;0;0;0;0;2;1;1;1;1;0;0;66;Salta;66140;Rosario de la Frontera;661400104;;6;3;-25,704525;-64,72964;93,5833589
660630104;27;11;0;0;0;0;14;27;14;16;10;27;27;27;0;27;18;0;9;7;0;24;0;0;0;0;0;1;2;3;2;1;6;12;12;6;6;2;1;66;Salta;66063;Guachipas;660630104;;55;27;-25,673587;-65,260956;99,81773939
661400103;51;4;17;0;4;1;18;31;18;49;37;46;42;35;31;51;38;1;12;27;0;26;8;9;1;0;2;3;14;9;7;3;6;9;9;9;11;9;13;66;Salta;66140;Rosario de la Frontera;661400103;;173;51;-25,684703;-64,796388;97,61706767
660070710;57;13;0;1;13;4;42;41;42;48;36;55;50;51;18;56;52;1;4;12;0;27;7;9;2;0;5;6;9;7;11;12;3;9;9;8;9;9;22;66;Salta;66007;Anta;660070710;;202;57;-25,657929;-63,864149;106,0525307
660980206;7;5;0;0;0;0;6;7;6;2;0;7;6;4;0;6;6;0;1;4;0;3;0;1;1;0;0;0;0;4;0;2;0;1;1;4;2;0;0;66;Salta;66098;La Viña;660980206;;15;7;-25,748357;-65,761693;341,1882658
661400102;25;2;10;0;2;0;10;21;10;23;18;23;21;7;20;24;5;0;20;8;0;11;3;4;0;1;5;3;6;2;3;0;3;8;8;7;3;4;3;66;Salta;66140;Rosario de la Frontera;661400102;;62;25;-25,696137;-64,903258;106,8037273
661400106;12;0;0;0;1;0;9;12;9;12;12;12;12;5;8;12;11;0;1;3;0;5;0;0;0;0;0;1;3;1;1;0;1;5;5;1;1;2;3;66;Salta;66140;Rosario de la Frontera;661400106;;33;12;-25,755965;-65,194764;206,7892921
660630105;14;4;1;0;0;0;5;14;5;10;4;14;12;14;1;14;9;0;5;1;0;9;1;2;0;1;0;0;1;2;0;0;2;9;9;3;1;1;0;66;Salta;66063;Guachipas;660630105;;22;14;-25,725209;-65,395586;198,9521567
660630201;28;11;0;0;4;3;14;27;14;20;5;27;25;26;0;28;11;0;17;6;0;12;3;3;0;0;2;1;3;3;5;6;1;9;9;4;3;4;8;66;Salta;66063;Guachipas;660630201;;89;28;-25,727634;-65,555149;179,0296513
661540106;230;30;110;0;17;8;11;18;11;29;7;152;136;54;193;223;158;19;53;124;0;97;55;81;19;7;35;13;60;37;25;29;18;48;48;44;42;46;50;66;Salta;66154;San Carlos;661540106;;733;230;-25,685032;-66,162329;1,86424667
661540104;22;0;5;0;0;0;9;7;9;16;9;20;20;15;12;22;12;1;9;9;0;9;2;3;1;0;1;1;5;2;3;3;0;8;8;2;2;4;6;66;Salta;66154;San Carlos;661540104;;67;22;-25,749116;-66,170994;144,4885802
661540202;33;1;1;0;1;0;8;23;8;33;24;31;31;17;6;33;16;1;16;10;0;17;11;12;1;0;4;3;9;7;2;0;0;12;12;8;4;4;5;66;Salta;66154;San Carlos;661540202;;81;33;-25,738697;-66,055896;79,47563795
661540205;7;0;0;0;0;0;6;7;6;7;6;6;3;4;1;7;0;0;7;2;0;3;1;1;0;0;1;0;3;0;1;0;1;2;2;1;3;0;1;66;Salta;66154;San Carlos;661540205;;18;7;-25,808106;-65,882579;284,6023033
661400401;36;5;4;0;0;0;21;36;21;32;25;32;31;15;22;35;18;1;17;7;0;21;7;9;2;0;1;5;3;1;0;0;3;24;24;8;0;1;3;66;Salta;66140;Rosario de la Frontera;661400401;;60;36;-25,767171;-64,838787;114,4758907
661400112;60;3;12;0;4;2;8;3;8;58;11;57;45;38;34;59;50;0;10;25;0;33;10;16;4;2;9;5;11;5;5;5;9;20;20;12;11;9;8;66;Salta;66140;Rosario de la Frontera;661400112;;163;60;-25,721596;-65,017122;0,815736517
660630202;89;13;2;1;8;2;16;89;16;80;36;79;51;32;6;89;27;0;62;17;0;61;6;8;1;1;10;7;15;7;13;2;11;34;34;20;13;9;13;66;Salta;66063;Guachipas;660630202;;224;89;-25,90682;-65,474551;729,9875013
661400204;59;25;1;0;4;1;50;59;50;52;51;57;54;53;6;59;36;0;23;19;0;36;3;4;0;1;1;6;6;11;4;4;4;24;24;14;10;5;6;66;Salta;66140;Rosario de la Frontera;661400204;;132;59;-25,826993;-64,503165;331,5034117
661540203;78;24;18;0;14;2;53;57;53;57;55;69;65;68;41;77;43;4;31;43;0;32;11;11;0;0;3;6;12;15;5;7;13;20;20;21;12;10;15;66;Salta;66154;San Carlos;661540203;;229;78;-25,867845;-66,097854;412,4219944
660630203;25;17;1;0;5;1;21;25;21;8;6;24;15;20;0;25;22;0;3;8;0;13;1;2;1;0;4;3;8;3;2;0;4;5;5;5;8;2;5;66;Salta;66063;Guachipas;660630203;;72;25;-25,878655;-65,628792;232,962743
661540105;214;54;34;0;30;8;195;212;195;191;186;214;194;199;89;214;126;3;85;107;0;107;18;18;0;0;13;18;63;59;16;12;12;34;34;49;41;34;56;66;Salta;66154;San Carlos;661540105;;716;214;-26,074495;-66,422941;2106,453234
661400403;105;6;45;0;5;0;16;35;16;37;28;87;63;34;94;87;77;15;13;56;2;42;33;50;11;6;31;15;32;23;4;5;3;23;23;31;23;14;14;66;Salta;66140;Rosario de la Frontera;661400403;;282;105;-25,797;-64,919775;32,46311672
661400402;48;3;0;0;4;1;35;48;35;48;46;43;38;28;36;48;25;0;23;14;0;25;7;9;2;0;5;8;9;6;2;1;4;18;18;14;6;5;5;66;Salta;66140;Rosario de la Frontera;661400402;;109;48;-25,830664;-64,794305;135,8257309
661400108;405;43;89;0;59;23;86;8;86;64;48;385;325;210;296;390;346;15;44;230;1;220;63;79;15;1;41;17;143;75;49;44;26;51;51;51;74;76;153;66;Salta;66140;Rosario de la Frontera;661400108;;1546;405;-25,775435;-64,954066;0,324534526
661400109;412;84;101;0;83;25;100;12;100;84;64;402;362;227;313;393;349;15;48;207;0;214;77;91;10;4;45;16;152;69;44;54;22;55;55;57;76;66;158;66;Salta;66140;Rosario de la Frontera;661400109;;1511;412;-25,778306;-64,957142;0,155709937
661400110;376;65;82;0;79;36;73;5;73;36;30;339;301;177;252;364;314;24;38;222;0;217;77;93;14;2;53;16;134;78;50;41;21;36;36;53;69;77;141;66;Salta;66140;Rosario de la Frontera;661400110;;1451;376;-25,780141;-64,954632;0,187659544
661400107;96;21;20;1;19;9;55;32;55;84;66;95;83;34;54;95;54;1;41;48;0;39;12;15;2;1;12;5;38;12;10;8;6;17;17;13;18;22;26;66;Salta;66140;Rosario de la Frontera;661400107;;335;96;-25,844446;-65,146073;191,9088818
661400601;397;41;148;0;36;9;67;8;67;76;49;305;262;148;301;217;269;45;83;225;1;172;94;140;35;11;59;27;90;66;49;49;36;80;80;74;65;79;99;66;Salta;66140;Rosario de la Frontera;661400601;;1317;397;-25,788051;-64,959274;0,349212129
661400502;252;23;134;0;11;5;10;4;10;27;16;111;110;34;225;62;156;53;43;114;0;71;75;145;26;44;91;36;88;33;16;18;11;50;50;55;59;48;40;66;Salta;66140;Rosario de la Frontera;661400502;;745;252;-25,786568;-64,968202;0,383079713
661400111;259;4;136;0;12;1;5;5;5;0;0;28;86;9;226;7;217;15;27;153;1;116;76;127;40;11;68;22;82;49;33;31;8;34;34;53;48;55;69;66;Salta;66140;Rosario de la Frontera;661400111;;910;259;-25,783976;-64,962557;0,09635498
661400503;325;44;78;0;57;22;74;6;74;131;104;264;242;157;215;209;251;22;52;192;0;154;62;89;17;10;28;12;66;67;39;52;30;59;58;51;58;51;107;66;Salta;66140;Rosario de la Frontera;661400503;;1146;325;-25,790082;-64,973381;0,906343284
661400501;378;30;171;0;23;3;19;15;19;4;1;174;193;71;305;87;264;50;64;193;1;126;111;195;49;35;106;37;103;62;48;38;35;55;55;78;91;66;88;66;Salta;66140;Rosario de la Frontera;661400501;;1231;378;-25,786207;-64,962385;0,303232248
661400611;303;28;119;0;47;15;31;7;31;35;29;134;120;66;270;117;278;7;18;167;1;149;103;130;19;8;79;16;123;89;21;19;8;27;27;53;49;83;91;66;Salta;66140;Rosario de la Frontera;661400611;;1119;303;-25,790565;-64,953107;0,45522513
661400612;198;13;97;0;18;5;3;0;3;1;0;67;121;15;173;55;155;12;31;101;0;80;59;82;17;6;37;8;73;30;28;23;9;27;27;21;37;48;65;66;Salta;66140;Rosario de la Frontera;661400612;;730;198;-25,786977;-64,953934;0,094898529
661400613;240;21;89;0;19;7;12;2;12;3;0;95;165;37;185;60;183;19;38;126;1;125;60;76;11;5;48;19;67;48;29;34;14;29;29;46;59;37;69;66;Salta;66140;Rosario de la Frontera;661400613;;824;240;-25,788963;-64,95636;0,133632358
661400614;380;26;135;0;41;9;16;17;16;8;2;127;209;64;293;99;301;31;48;210;0;157;112;163;38;13;80;24;100;85;47;59;18;47;46;62;85;68;119;66;Salta;66140;Rosario de la Frontera;661400614;;1363;380;-25,791847;-64,956947;0,249273872
661400602;342;20;158;0;19;4;12;9;12;11;6;187;181;60;272;138;201;76;65;180;1;135;104;168;42;22;69;36;79;54;30;31;29;83;83;87;59;50;63;66;Salta;66140;Rosario de la Frontera;661400602;;989;342;-25,792301;-64,965067;0,218775539
661400603;230;12;104;0;13;3;6;4;6;3;2;152;106;34;175;94;136;44;50;116;0;93;75;117;27;15;47;19;53;35;23;27;16;57;57;52;39;37;45;66;Salta;66140;Rosario de la Frontera;661400603;;689;230;-25,794558;-64,967399;0,188203421
661400604;213;13;113;0;8;1;2;7;2;2;0;113;96;26;172;63;132;50;31;117;1;58;78;133;38;17;56;21;40;36;18;24;13;61;61;48;35;43;26;66;Salta;66140;Rosario de la Frontera;661400604;;586;213;-25,796151;-64,969507;0,163229691
661400504;437;62;129;0;52;21;142;10;142;208;189;348;301;177;319;283;339;29;69;254;1;196;89;135;27;19;62;31;109;84;45;56;31;81;81;75;90;72;119;66;Salta;66140;Rosario de la Frontera;661400504;;1464;437;-25,797141;-64,977514;0,246761636
661400605;348;17;202;0;12;4;22;14;22;21;8;150;124;41;295;55;255;54;39;191;3;82;134;236;57;45;100;48;70;46;35;26;18;105;105;82;59;49;53;66;Salta;66140;Rosario de la Frontera;661400605;;938;348;-25,798803;-64,971451;0,280404411
661400610;181;7;73;0;7;2;13;5;13;28;10;131;97;45;137;72;129;9;43;102;0;74;52;84;20;12;39;15;45;34;14;24;14;35;35;41;41;31;33;66;Salta;66140;Rosario de la Frontera;661400610;;551;181;-25,802868;-64,9639;0,514184671
661400301;27;2;0;0;1;1;20;25;20;26;24;26;25;9;5;27;18;0;9;7;0;18;1;1;0;0;1;2;6;1;2;3;1;12;12;3;4;4;4;66;Salta;66140;Rosario de la Frontera;661400301;;67;27;-25,92092;-64,630142;382,0856592
661400507;216;20;92;0;16;7;32;10;32;52;38;171;102;73;162;127;175;20;21;117;0;99;49;88;30;9;55;20;61;31;21;31;11;41;41;43;45;43;44;66;Salta;66140;Rosario de la Frontera;661400507;;679;216;-25,800658;-64,981867;0,282622287
661400404;137;16;61;0;13;5;32;78;32;72;48;88;75;40;107;87;96;9;32;64;1;60;29;58;16;13;35;17;39;23;9;18;5;26;26;32;31;15;33;66;Salta;66140;Rosario de la Frontera;661400404;;421;137;-25,869534;-64,928647;129,1589951
661400506;243;23;104;1;19;10;18;9;18;14;7;143;137;48;189;94;139;48;56;138;0;90;79;119;22;18;56;16;68;29;31;30;13;56;55;38;52;39;59;66;Salta;66140;Rosario de la Frontera;661400506;;785;243;-25,80196;-64,978928;0,18307966
661400505;357;25;140;1;31;12;21;4;21;24;11;236;176;82;276;157;217;57;83;199;0;150;121;172;30;21;77;29;88;50;35;39;36;80;79;69;72;62;75;66;Salta;66140;Rosario de la Frontera;661400505;;1117;357;-25,803679;-64,977189;0,224063122
661400609;208;14;74;0;13;5;19;4;19;9;3;169;131;59;146;101;142;28;38;110;1;101;48;74;18;8;30;14;50;42;21;28;16;37;37;46;37;39;49;66;Salta;66140;Rosario de la Frontera;661400609;;669;208;-25,804869;-64,967438;0,426828871
661400606;282;26;122;1;9;4;11;4;11;12;1;157;143;59;231;108;177;51;54;134;0;119;76;129;31;22;57;31;56;44;25;31;22;73;72;70;47;42;51;66;Salta;66140;Rosario de la Frontera;661400606;;826;282;-25,80342;-64,974291;0,183962531
661400508;198;2;87;0;7;0;1;1;1;7;0;16;126;5;165;13;162;16;20;114;0;91;56;84;23;5;38;17;41;35;20;38;19;28;28;46;51;28;45;66;Salta;66140;Rosario de la Frontera;661400508;;636;198;-25,803762;-64,984282;0,065084152
661400608;413;48;160;0;39;9;47;3;47;34;23;357;251;116;309;204;269;66;78;218;0;210;95;133;31;7;58;23;102;70;36;54;29;99;99;72;78;67;97;66;Salta;66140;Rosario de la Frontera;661400608;;1311;413;-25,80717;-64,969818;0,244233242
661400509;163;8;86;0;12;2;4;2;4;12;3;70;67;20;142;42;132;14;17;79;0;66;44;85;18;23;44;11;49;28;17;20;11;27;27;28;39;31;38;66;Salta;66140;Rosario de la Frontera;661400509;;539;163;-25,806742;-64,984017;0,368555102
661400607;243;29;74;0;43;15;31;3;31;23;14;219;158;102;188;146;154;30;59;110;0;118;43;63;14;6;34;18;65;29;31;28;23;49;49;47;35;35;77;66;Salta;66140;Rosario de la Frontera;661400607;;850;243;-25,807746;-64,974878;0,272265795
661400616;235;14;115;0;17;5;7;1;7;2;0;60;109;53;206;27;200;18;17;132;0;100;65;105;30;10;53;19;71;56;35;25;9;20;20;45;51;53;66;66;Salta;66140;Rosario de la Frontera;661400616;;856;235;-25,810737;-64,975352;0,096936119
661400615;242;19;102;0;32;13;27;21;27;37;29;76;146;46;212;66;181;21;40;128;0;102;80;113;23;10;56;18;76;42;34;31;11;30;30;39;54;49;70;66;Salta;66140;Rosario de la Frontera;661400615;;863;242;-25,812283;-64,973034;0,116098634
661400406;21;12;2;0;2;0;17;17;17;11;10;20;19;16;10;21;15;2;4;2;0;9;2;2;0;0;1;2;5;5;0;1;0;8;8;6;4;1;2;66;Salta;66140;Rosario de la Frontera;661400406;;46;21;-25,948234;-65,047972;266,1682737
661400405;59;8;10;0;8;3;19;54;19;58;49;55;51;41;26;58;26;2;31;13;0;30;8;11;2;1;6;9;13;8;1;3;4;21;21;15;9;6;8;66;Salta;66140;Rosario de la Frontera;661400405;;144;59;-25,914595;-64,841802;140,901323
661540204;66;9;35;0;8;5;8;26;8;61;29;37;29;30;53;64;41;9;16;23;0;24;15;25;9;1;11;4;14;10;6;11;7;14;14;15;5;14;18;66;Salta;66154;San Carlos;661540204;;230;66;-25,926991;-66,016256;222,682561
660840103;13;2;2;0;0;0;6;12;6;11;7;11;8;3;9;13;5;1;7;5;0;6;2;2;0;0;2;4;3;2;0;0;1;3;3;6;1;1;2;66;Salta;66084;La Candelaria;660840103;;34;13;-25,960337;-65,327882;180,6766686
660840104;147;61;53;0;42;18;41;4;41;138;28;139;92;93;129;147;124;6;17;66;1;63;40;58;16;2;44;6;70;21;11;13;10;16;16;19;23;32;57;66;Salta;66084;La Candelaria;660840104;;569;147;-26,013285;-65,261257;132,8803165
661400407;30;0;0;0;1;0;5;30;5;30;6;26;19;8;10;30;3;1;26;0;0;15;2;3;0;1;2;1;5;3;1;1;0;19;19;3;4;2;2;66;Salta;66140;Rosario de la Frontera;661400407;;55;30;-25,938135;-65,175143;195,6858801
660210201;5;0;0;0;2;0;2;4;2;5;4;5;5;3;0;5;3;0;2;2;0;4;0;0;0;0;3;1;3;1;0;0;0;0;0;1;4;0;0;66;Salta;66021;Cafayate;660210201;;14;5;-25,916069;-65,761596;71,45552184
661400205;27;3;1;0;3;0;26;27;26;25;24;27;25;12;10;27;26;0;1;9;0;12;1;2;1;0;2;5;3;3;3;1;2;10;10;8;1;1;7;66;Salta;66140;Rosario de la Frontera;661400205;;74;27;-25,93312;-64,438157;198,5843468
661540209;281;37;124;0;44;21;26;96;26;55;24;160;193;108;249;271;165;39;77;139;1;117;72;109;24;13;59;17;83;43;31;40;18;49;49;46;41;62;83;66;Salta;66154;San Carlos;661540209;;1023;281;-25,896456;-65,92769;1,097221443
661540208;307;29;140;0;36;9;8;79;8;5;2;174;134;64;277;297;191;42;74;164;0;107;87;135;33;15;59;27;83;41;33;44;21;58;58;58;43;61;87;66;Salta;66154;San Carlos;661540208;;1054;307;-25,891075;-65,931261;0,37107264
661540206;36;1;4;0;5;1;4;19;4;36;23;34;31;25;21;31;18;1;17;16;0;18;7;9;2;0;4;3;13;3;3;3;3;8;8;5;6;6;11;66;Salta;66154;San Carlos;661540206;;128;36;-25,936353;-65,851469;74,40741818
661540210;139;11;74;0;19;2;8;96;8;107;65;67;84;49;132;132;122;10;7;68;0;46;48;76;22;6;35;11;45;22;9;6;8;38;38;27;26;19;29;66;Salta;66154;San Carlos;661540210;;403;139;-25,901328;-65,931162;0,409970271
661540211;125;13;47;0;15;4;32;36;32;119;38;97;99;49;96;119;78;10;37;50;0;52;31;43;11;1;23;10;25;12;19;15;18;26;26;26;16;19;38;66;Salta;66154;San Carlos;661540211;;435;125;-25,916704;-65,941992;4,70678904
661540207;131;27;50;0;26;5;24;42;24;43;33;103;115;57;89;114;95;0;36;66;0;54;36;48;9;3;20;5;40;27;11;13;7;28;28;19;20;27;37;66;Salta;66154;San Carlos;661540207;;442;131;-25,989997;-65,95081;133,6613027
661400302;47;16;1;0;6;2;22;25;22;39;31;42;39;31;21;45;24;0;23;21;0;21;11;14;3;0;3;4;10;5;2;2;5;19;19;12;3;4;9;66;Salta;66140;Rosario de la Frontera;661400302;;120;47;-25,982533;-64,781507;224,4653186
660210102;29;3;3;0;1;0;13;7;13;25;8;22;22;19;18;29;15;0;14;8;0;13;3;7;2;2;6;2;5;4;2;4;4;8;8;6;7;1;7;66;Salta;66021;Cafayate;660210102;;86;29;-26,013657;-65,866006;89,21214681
660840102;152;16;52;0;14;1;54;34;54;143;70;134;99;47;112;146;100;9;43;67;0;77;29;40;11;0;20;14;40;22;12;13;17;34;34;35;26;29;28;66;Salta;66084;La Candelaria;660840102;;443;152;-26,034983;-65,429505;180,0047202
660210202;25;10;4;0;1;1;18;24;18;15;11;21;21;20;8;21;16;0;9;2;0;7;4;8;0;4;4;5;3;0;4;2;2;9;9;5;3;3;5;66;Salta;66021;Cafayate;660210202;;71;25;-26,091719;-65,778448;572,5751292
661540212;232;40;83;0;59;25;11;4;11;5;1;119;175;79;208;227;170;8;54;130;0;121;53;80;21;6;40;13;68;34;32;31;22;32;32;44;38;42;76;66;Salta;66154;San Carlos;661540212;;859;232;-25,967361;-65,946548;0,577779605
661540213;147;14;60;0;17;5;4;4;4;2;2;57;100;34;118;141;99;15;33;71;0;65;33;57;16;8;25;12;19;19;20;25;19;33;33;33;25;19;37;66;Salta;66154;San Carlos;661540213;;472;147;-25,972197;-65,949956;0,51244663
661400303;7;4;0;0;0;0;5;7;5;4;4;7;7;5;4;7;5;1;1;0;0;4;0;0;0;0;1;1;0;0;0;0;1;5;5;2;0;0;0;66;Salta;66140;Rosario de la Frontera;661400303;;9;7;-26,041185;-64,852282;161,7399777
661400305;11;0;2;0;0;0;6;10;6;11;9;11;9;8;5;11;3;0;8;3;0;1;2;4;2;0;0;0;3;0;0;1;1;6;6;1;2;2;0;66;Salta;66140;Rosario de la Frontera;661400305;;22;11;-26,062518;-64,506016;265,9861949
661400310;201;29;31;0;24;8;66;71;66;126;92;189;157;114;168;198;171;5;25;86;0;97;33;46;13;0;24;14;49;44;21;19;9;45;45;42;37;30;47;66;Salta;66140;Rosario de la Frontera;661400310;;627;201;-26,011165;-64,670477;0,912933326
660840201;14;3;1;0;0;0;6;11;6;12;6;13;10;2;6;14;4;0;10;2;0;10;0;0;0;0;1;2;1;2;0;2;3;4;4;5;2;1;2;66;Salta;66084;La Candelaria;660840201;;34;14;-26,07136;-65,086053;148,8314524
660210101;43;11;6;0;7;2;23;41;23;34;21;39;35;34;20;40;6;0;37;21;0;17;7;12;2;3;6;6;8;3;4;8;3;11;11;9;7;6;10;66;Salta;66021;Cafayate;660210101;;136;43;-26,045648;-66,062973;78,25977949
660840105;25;4;3;0;4;1;11;13;11;22;12;23;22;18;12;25;4;0;21;3;0;12;3;5;1;1;4;4;10;2;0;0;1;8;8;7;4;1;5;66;Salta;66084;La Candelaria;660840105;;63;25;-26,112534;-65,221517;132,304966
661400304;29;3;2;0;5;0;9;11;9;29;20;28;26;19;16;29;21;0;8;8;0;18;1;2;0;1;8;4;10;0;4;1;3;7;7;5;4;4;9;66;Salta;66140;Rosario de la Frontera;661400304;;94;29;-26,079262;-64,667505;109,4773025
660840202;105;17;9;0;14;7;12;21;12;104;38;103;93;36;83;105;98;1;6;38;0;55;17;19;2;0;14;6;33;17;11;8;6;24;24;19;18;26;18;66;Salta;66084;La Candelaria;660840202;;322;105;-26,088548;-64,957221;162,2977586
660840101;121;21;20;0;7;2;60;31;60;113;69;118;109;82;52;120;90;7;24;40;1;62;13;16;2;1;8;11;27;18;5;13;14;33;33;30;19;15;24;66;Salta;66084;La Candelaria;660840101;;332;121;-26,072412;-65,524511;32,74746227
660210107;11;3;3;0;2;2;6;1;6;5;5;6;9;9;8;11;7;2;2;4;0;6;3;3;0;0;1;1;2;0;1;1;2;4;4;3;2;0;2;66;Salta;66021;Cafayate;660210107;;26;11;-26,052164;-65,94282;0,316547072
661400311;221;36;65;0;28;9;59;35;59;212;145;201;152;90;172;215;198;3;20;85;1;104;55;87;28;4;41;13;73;29;25;14;15;52;52;35;47;34;53;66;Salta;66140;Rosario de la Frontera;661400311;;687;221;-26,048517;-64,643087;1,599157505
660210103;221;19;137;0;15;9;18;112;18;174;63;89;102;70;198;194;129;53;39;98;2;62;78;142;23;41;79;25;66;33;16;18;10;53;53;54;38;38;38;66;Salta;66021;Cafayate;660210103;;635;221;-26,069829;-65,942152;15,04823294
660210108;6;3;4;0;2;2;1;4;1;5;1;4;2;5;5;6;6;0;0;1;0;1;4;5;1;0;2;0;3;0;0;2;0;1;1;0;1;4;0;66;Salta;66021;Cafayate;660210108;;20;6;-26,056758;-65,94154;0,343888727
660210104;85;34;11;1;18;7;54;85;54;58;48;76;82;74;54;81;51;3;31;29;1;27;11;15;3;1;8;6;14;22;5;5;9;24;24;23;12;10;16;66;Salta;66021;Cafayate;660210104;;235;85;-26,127463;-66,087446;202,9431045
660210109;19;3;14;0;3;2;2;12;2;16;5;11;7;5;18;16;15;1;3;8;1;5;11;13;1;1;8;3;9;1;0;1;0;5;5;4;1;7;2;66;Salta;66021;Cafayate;660210109;;55;19;-26,060799;-65,944466;0,350066685
660210110;41;6;21;0;7;2;4;21;4;37;17;23;18;12;38;37;35;3;3;23;1;12;19;26;2;5;11;5;13;8;0;2;3;10;10;11;8;2;10;66;Salta;66021;Cafayate;660210110;;114;41;-26,061692;-65,93754;0,409845494
660210316;224;42;109;0;22;13;8;7;8;33;13;104;122;68;198;203;130;49;45;104;2;85;77;109;16;16;54;14;63;30;31;23;22;41;41;44;46;35;58;66;Salta;66021;Cafayate;660210316;;779;224;-26,06794;-65,967118;0,562402041
660210303;303;27;160;0;36;7;6;2;6;9;1;57;159;53;275;287;183;88;32;161;0;92;137;182;36;9;90;24;95;52;26;32;14;60;60;47;76;44;76;66;Salta;66021;Cafayate;660210303;;993;303;-26,065229;-65,98576;0,173625021
660210301;277;46;104;0;85;31;9;10;9;13;7;174;202;156;238;269;257;3;17;182;2;118;109;134;23;2;58;7;107;68;27;38;11;19;19;32;46;67;113;66;Salta;66021;Cafayate;660210301;;1140;277;-26,065958;-65,996568;0,373281345
660210306;306;28;193;0;35;10;4;2;4;6;0;95;130;67;274;284;151;119;36;171;2;86;117;177;31;29;83;28;79;50;31;41;12;65;65;60;52;42;87;66;Salta;66021;Cafayate;660210306;;1053;306;-26,06628;-65,980859;0,244716447
660210302;314;44;119;0;94;29;16;7;16;9;6;207;191;161;265;306;267;13;34;207;5;149;122;144;17;5;77;7;130;90;23;41;11;12;12;45;57;72;128;66;Salta;66021;Cafayate;660210302;;1330;314;-26,06637;-65,990813;0,287103465
660210314;263;37;138;0;31;9;5;1;5;3;1;115;136;67;233;243;145;60;58;130;2;92;85;131;26;20;59;20;71;47;23;30;16;56;56;47;47;49;64;66;Salta;66021;Cafayate;660210314;;874;263;-26,06836;-65,977505;0,2413602
660210305;343;31;185;1;30;10;5;4;5;3;0;202;104;73;300;332;223;47;73;193;2;116;120;182;51;11;68;26;69;60;39;64;36;49;48;81;59;59;96;66;Salta;66021;Cafayate;660210305;;1228;343;-26,068097;-65,984015;0,100211907
660210315;318;35;177;0;35;14;4;3;4;7;3;160;178;106;291;286;187;72;59;154;5;102;118;180;39;23;84;27;68;38;36;41;27;81;81;62;53;41;81;66;Salta;66021;Cafayate;660210315;;1007;318;-26,0699;-65,973478;0,365637938
660210304;341;49;160;0;62;25;4;2;4;7;0;137;196;96;276;325;226;61;54;165;1;146;112;144;22;10;61;5;74;64;72;43;32;51;51;41;59;59;131;66;Salta;66021;Cafayate;660210304;;1334;341;-26,068714;-65,986652;0,143364375
660210307;225;20;107;0;23;10;3;3;3;5;1;75;118;64;191;205;137;49;39;116;1;67;82;130;32;16;48;16;45;41;25;31;19;48;48;55;37;29;56;66;Salta;66021;Cafayate;660210307;;739;225;-26,070206;-65,981558;0,135341359
660210309;269;27;107;0;63;16;10;3;10;5;1;125;130;84;225;255;218;15;36;150;1;123;88;111;16;7;58;5;83;48;45;47;15;26;26;24;43;64;112;66;Salta;66021;Cafayate;660210309;;1155;269;-26,070688;-65,992935;0,297654235
660210308;351;46;160;0;39;14;18;2;18;18;1;190;201;142;292;335;196;69;86;182;0;135;131;176;28;17;66;22;76;55;36;45;32;85;85;60;64;50;92;66;Salta;66021;Cafayate;660210308;;1137;351;-26,072142;-65,984152;0,233170644
660210310;205;17;131;0;21;5;0;28;0;25;3;68;81;31;191;173;132;48;25;115;3;42;81;151;44;26;73;18;65;35;18;12;12;45;45;42;40;36;42;66;Salta;66021;Cafayate;660210310;;630;205;-26,074456;-65,993577;0,35536631
660210313;263;25;164;0;10;4;3;11;3;15;7;82;95;35;225;209;146;61;56;131;1;54;116;190;37;37;83;31;46;32;22;28;21;83;83;59;36;42;43;66;Salta;66021;Cafayate;660210313;;730;263;-26,074531;-65,97348;0,351331534
660210311;337;42;181;0;42;17;7;10;7;8;1;181;174;104;298;313;187;80;70;168;0;131;115;164;29;20;76;19;89;59;41;46;26;57;57;64;59;58;99;66;Salta;66021;Cafayate;660210311;;1187;337;-26,075527;-65,986169;0,553958216
661400308;12;7;0;0;1;0;10;12;10;8;4;12;10;10;4;12;9;0;3;2;0;2;0;0;0;0;0;3;2;0;0;1;0;6;6;3;0;2;1;66;Salta;66140;Rosario de la Frontera;661400308;;25;12;-26,135026;-64,774222;220,0980187
660210312;216;14;129;0;25;7;5;1;5;7;4;77;115;48;195;183;126;52;38;125;1;60;82;136;32;22;49;12;42;38;23;24;25;52;52;39;43;38;44;66;Salta;66021;Cafayate;660210312;;676;216;-26,07845;-65,975769;0,626509378
660840107;176;24;75;0;24;8;26;3;26;171;27;150;77;58;149;175;127;13;36;84;0;72;52;73;14;7;28;9;53;35;26;18;9;26;26;29;36;33;52;66;Salta;66084;La Candelaria;660840107;;618;176;-26,077798;-65,390451;0,278509557
660840106;195;52;61;0;33;12;36;8;36;188;49;173;109;88;149;190;127;36;32;103;3;89;48;70;19;3;38;10;55;35;24;21;11;39;39;30;33;39;54;66;Salta;66084;La Candelaria;660840106;;656;195;-26,078863;-65,394507;0,2188247
660210105;60;10;25;0;5;2;22;43;22;46;25;37;37;39;35;44;23;5;32;22;0;25;7;25;6;12;15;11;19;9;1;3;6;11;11;23;6;14;6;66;Salta;66021;Cafayate;660210105;;166;60;-26,145536;-65,977862;140,9745938
660840204;53;5;16;0;7;2;17;25;17;40;21;50;33;22;32;48;35;2;16;20;0;25;19;23;1;3;8;4;13;7;5;4;7;13;13;11;16;6;7;66;Salta;66084;La Candelaria;660840204;;144;53;-26,195328;-65,060085;303,996249
661400313;127;9;21;0;10;0;64;45;64;118;106;122;116;90;75;120;122;0;5;59;1;65;10;17;7;0;18;13;47;20;8;7;4;28;28;24;16;34;25;66;Salta;66140;Rosario de la Frontera;661400313;;391;127;-26,105761;-64,654096;0,550152207
660840108;369;37;143;1;28;13;41;12;41;357;69;272;209;118;286;351;237;61;71;190;1;143;109;175;46;20;69;27;80;81;35;38;28;80;80;95;60;67;67;66;Salta;66084;La Candelaria;660840108;;1091;369;-26,110212;-65,278059;0,600166515
660840109;285;35;109;0;27;9;25;4;25;280;50;212;144;68;227;280;202;34;49;152;0;110;76;118;36;6;61;25;66;54;38;44;19;39;39;57;65;45;79;66;Salta;66084;La Candelaria;660840109;;982;285;-26,11143;-65,272742;0,420868824
660840203;50;11;14;0;7;4;8;10;8;45;15;49;41;21;32;50;46;0;4;16;0;29;8;8;0;0;6;3;20;5;2;8;4;8;8;9;11;10;12;66;Salta;66084;La Candelaria;660840203;;165;50;-26,159253;-64,944124;72,28670794
660840110;255;54;90;0;27;14;43;6;43;221;52;201;134;85;210;248;193;17;45;129;1;91;77;119;39;3;65;8;85;38;29;36;26;33;33;38;52;52;80;66;Salta;66084;La Candelaria;660840110;;922;255;-26,116357;-65,277917;0,335567905
661400312;203;16;84;0;13;4;26;9;26;185;72;159;143;73;175;199;143;13;47;85;2;95;50;64;12;2;36;19;63;25;24;22;19;31;31;43;46;34;49;66;Salta;66140;Rosario de la Frontera;661400312;;657;203;-26,119422;-64,594146;0,592745944
660840205;230;21;56;1;26;11;8;5;8;68;32;177;110;33;186;227;189;11;30;121;0;108;55;88;27;6;44;9;74;38;22;31;16;40;39;27;47;52;65;66;Salta;66084;La Candelaria;660840205;;807;230;-26,126968;-65,04976;1,417863049
661400306;5;2;0;0;0;0;3;4;3;4;4;5;4;4;3;5;2;0;3;2;0;3;2;2;0;0;0;1;2;0;0;0;0;2;2;1;2;0;0;66;Salta;66140;Rosario de la Frontera;661400306;;10;5;-26,16169;-64,522638;105,1454583
661400307;27;7;1;0;0;0;21;26;21;25;15;27;21;17;7;27;22;0;5;10;0;11;0;3;3;0;1;4;6;2;0;1;3;11;11;7;3;3;3;66;Salta;66140;Rosario de la Frontera;661400307;;61;27;-26,198313;-64,675869;195,6113056
661400309;12;4;0;0;2;2;7;12;7;9;9;11;9;10;2;11;10;0;2;8;0;6;1;1;0;0;0;3;1;2;0;1;0;5;5;4;1;2;0;66;Salta;66140;Rosario de la Frontera;661400309;;24;12;-26,232932;-64,883038;99,69267056
660210106;83;6;18;0;14;4;7;70;7;79;59;44;39;19;71;80;56;5;22;36;0;51;13;20;3;4;8;5;18;15;7;8;11;19;19;18;12;7;27;66;Salta;66021;Cafayate;660210106;;272;83;-26,256982;-65,847987;360,2929653
660910101;32;5;7;0;6;2;27;24;27;32;30;32;29;25;14;32;32;0;0;19;0;13;6;7;0;1;2;0;11;10;3;4;1;3;3;6;5;3;15;66;Salta;66091;La Poma;660910101;;120;32;-23,542929;-66,229696;132,6959251
